record,HIP,Vmag,B-V
32769,85918,7.75,0.511
32771,85997,7.11,0.405
32773,86208,7.45,1.079
32775,87246,7.59,0.196
32777,87410,6.8,0.308
32779,87606,7.22,1.179
32781,87782,6.48,0.056
32783,88125,6.22,1.405
32785,88167,7.89,1.74
32787,88297,7.48,0.249
32789,88615,7.05,0.14
32791,88855,7.42,1.972
32793,88879,7.84,1.252
32795,88982,7.62,0.071
32797,89114,6.33,0.158
32799,89203,7.16,0.579
32801,89470,6.05,0.165
32803,89596,7.74,1.15
32805,89630,6.52,0.043
32807,89647,7.55,0.144
32809,89659,6.74,0.001
32811,89968,5.76,0.67
32813,90257,7.26,1.761
32815,90687,5.63,1.057
32817,90799,7.67,0.614
32819,90806,5.12,0.016
32821,90950,6.79,0.46
32823,84012,2.43,0.059
32825,84132,7.25,0.699
32827,84190,7.94,0.135
32829,84269,6.7,0.168
32831,84402,5.98,1.096
32833,84459,7.7,0.48
32835,84481,6.52,1.79
32837,84647,7.23,1.022
32839,84649,6.28,1.691
32841,84675,7.61,0.201
32843,84712,7.81,0.553
32845,84792,6.03,0.04
32847,85105,6.65,0.43
32849,85405,6.48,1.146
32851,85600,7.56,1.566
32853,85632,7.68,0.564
32855,85875,6.81,1.022
32857,85952,7.91,0.418
32859,86099,7.54,1.723
32861,86142,7.47,0.563
32863,86263,3.54,0.262
32865,86266,5.94,0.357
32867,86683,7.01,0.066
32869,86807,7.26,1.096
32871,86814,7.49,0.536
32873,87061,7.45,0.317
32875,87074,5.93,0.009
32877,87476,7.57,0.402
32879,87813,5.93,0.024
32881,87849,7.62,1.269
32883,88019,7.32,0.292
32885,88145,7.63,1.016
32887,88258,6.27,1.763
32889,88368,7.95,0.613
32891,88409,7.59,0.134
32893,88439,7.21,0.177
32895,88504,7.51,0.247
32897,88558,7.9,0.661
32899,88706,7.93,0.446
32901,88816,5.52,1.132
32903,88857,7.65,0.192
32905,89060,7.89,0.206
32907,89170,7.95,0.258
32909,89222,7.51,0.14
32911,89251,7.73,1.8
32913,89422,7.09,1.172
32915,89453,7.54,0.086
32917,89511,7.53,0.054
32919,89518,7.82,0.239
32921,89609,5.81,1.569
32923,89626,7.98,0.228
32925,89641,6.72,0.398
32927,89736,7.58,0.12
32929,89823,6.96,1.574
32931,89851,5.39,1.473
32933,89938,6.94,1.76
32935,89946,7.74,0.478
32937,90001,7.64,1.116
32939,90032,7.11,0.65
32941,90081,7.59,0.14
32943,90311,7.79,1.237
32945,90369,7.34,0.063
32947,90373,7.94,0.993
32949,90459,6.95,0.475
32951,90484,7.83,0.161
32953,90494,6.19,0.003
32955,90595,4.67,0.076
32957,90651,6.02,0.006
32959,90678,7.82,0.287
32961,90834,7.29,0.339
32963,90884,6.36,0.217
32965,90907,7.85,0.828
32967,90913,5.47,1.998
32969,90939,6.97,1.46
32971,90991,5.74,0.043
32973,91068,7.73,1.544
32975,91112,7.1,0.431
32977,91131,7.76,0.478
32979,91246,7.84,0.681
32981,91251,7.01,1.924
32983,91280,7.49,0.428
32985,91343,6.78,0.582
32987,91414,7.75,0.495
32989,91448,7.48,1.94
32991,91677,6.4,0.757
32993,91714,7.14,1.683
32995,91758,6.95,0.921
32997,91884,7.42,0.275
32999,92205,7.99,0.318
33001,92262,6.86,0.498
33003,92660,7.93,1.03
33005,92854,7.26,0.407
33007,82737,6.57,0.144
33009,82794,7.76,0.634
33011,82979,6.15,1.0
33013,83032,7.85,0.515
33015,83276,7.12,0.608
33017,83372,7.46,1.504
33019,83545,6.91,1.2
33021,83555,6.91,1.51
33023,83699,7.93,0.455
33025,83710,7.47,0.503
33027,83867,7.7,0.513
33029,83898,7.53,1.64
33031,84034,6.71,0.176
33033,84544,7.62,0.933
33035,84880,4.32,0.037
33037,84895,7.67,0.297
33039,84913,7.68,0.472
33041,85331,7.78,0.096
33043,85397,6.2,0.517
33045,85562,7.91,0.594
33047,85741,7.45,0.521
33049,85871,7.25,0.121
33051,86019,5.54,0.013
33053,86049,6.87,0.04
33055,86059,7.86,1.077
33057,86222,7.93,0.409
33059,86313,5.74,1.228
33061,86416,7.92,0.417
33063,86420,7.57,0.404
33065,86565,4.24,0.086
33067,86769,6.36,0.384
33069,87540,6.17,1.11
33071,87544,7.14,0.518
33073,87642,6.51,1.193
33075,87708,6.96,0.42
33077,87879,7.54,0.316
33079,88160,7.96,1.69
33081,88171,7.45,0.293
33083,88326,7.66,1.917
33085,88502,7.63,0.576
33087,88608,7.36,0.271
33089,88652,7.92,0.571
33091,88916,7.77,0.146
33093,88981,6.38,1.428
33095,88984,7.32,1.79
33097,89136,7.39,1.135
33099,89524,7.73,0.634
33101,89672,7.36,0.272
33103,89681,7.38,0.657
33105,89747,7.91,1.76
33107,89800,7.94,1.174
33109,89828,7.4,0.552
33111,90004,7.95,0.713
33113,90034,7.1,0.619
33115,90096,5.71,0.006
33117,90281,6.61,0.778
33119,90717,7.95,0.538
33121,91001,7.92,0.222
33123,91105,5.12,0.926
33125,91174,7.21,0.21
33127,91194,7.85,0.175
33129,91314,6.95,0.476
33131,91349,7.35,0.926
33133,91369,6.49,0.189
33135,91480,7.76,0.556
33137,91530,7.31,0.676
33139,91847,6.95,1.813
33141,92000,7.1,0.182
33143,92034,7.51,1.783
33145,92140,7.28,0.462
33147,92227,7.5,2.009
33149,92272,7.12,1.18
33151,92323,7.79,0.374
33153,92456,6.48,1.662
33155,92763,7.78,0.166
33157,92965,7.1,1.613
33159,93004,7.8,0.085
33161,93200,7.02,0.091
33163,93225,5.51,-0.038
33165,93478,7.81,0.176
33167,93548,7.2,0.156
33169,93560,7.67,0.127
33171,93809,7.6,0.286
33173,93827,7.25,0.57
33175,82303,7.96,0.499
33177,82626,7.97,0.525
33179,83048,7.69,1.385
33181,83181,7.98,0.652
33183,83711,7.69,0.274
33185,83962,5.43,0.465
33187,84182,7.57,0.491
33189,84271,7.54,0.65
33191,84423,7.33,0.462
33193,84430,6.93,0.796
33195,84678,7.81,0.346
33197,84803,7.93,0.66
33199,84883,6.46,0.326
33201,85141,7.84,0.621
33203,85273,7.23,0.477
33205,85474,6.37,0.57
33207,85576,7.62,0.4
33209,86240,7.83,0.113
33211,86284,4.58,0.132
33213,86300,7.97,0.571
33215,86936,7.76,0.289
33217,86985,7.35,0.671
33219,87533,7.64,0.631
33221,87552,7.92,0.576
33223,87710,6.92,0.759
33225,88048,3.32,0.987
33227,88403,7.72,0.573
33229,88404,4.77,0.41
33231,88656,7.09,0.526
33233,88670,5.84,0.184
33235,88795,7.97,0.243
33237,88850,7.84,0.309
33239,89181,7.26,0.441
33241,89216,7.72,0.548
33243,89544,7.78,0.294
33245,89623,6.29,0.382
33247,89686,7.72,1.216
33249,89844,6.92,0.724
33251,89846,6.54,0.401
33253,90030,7.04,0.094
33255,90083,6.32,0.13
33257,90135,4.66,0.932
33259,90218,7.34,0.408
33261,90375,7.58,0.216
33263,90382,7.52,0.662
33265,90437,6.5,1.054
33267,90804,5.77,0.379
33269,90867,7.91,0.325
33271,91031,7.35,0.099
33273,91117,3.85,1.317
33275,91332,7.98,0.679
33277,91532,5.82,1.536
33279,91599,7.67,0.46
33281,91726,4.7,0.358
33283,91728,6.91,1.702
33285,91845,4.88,1.112
33287,91851,7.06,1.323
33289,92062,6.95,0.532
33291,92126,6.99,0.18
33293,92136,5.69,0.584
33295,92150,7.22,0.222
33297,92322,7.8,0.1
33299,92351,7.07,1.211
33301,92377,7.47,1.287
33303,92442,6.82,2.995
33305,92488,5.82,0.594
33307,92674,6.27,0.2
33309,92694,7.77,0.105
33311,92740,7.04,0.383
33313,92838,7.05,0.082
33315,92995,7.75,0.151
33317,93208,7.59,0.471
33319,93324,7.7,0.465
33321,93502,6.64,0.205
33323,93702,7.25,1.107
33325,93709,7.43,1.028
33327,93801,6.63,1.029
33329,93972,6.86,1.052
33331,94004,7.79,1.083
33333,94163,7.34,1.173
33335,94241,6.74,0.81
33337,94385,5.35,0.094
33339,81861,7.67,1.697
33341,82289,7.11,0.764
33343,82537,7.83,0.986
33345,82558,7.56,1.206
33347,82653,7.57,1.118
33349,82688,7.82,0.591
33351,82699,7.97,1.815
33353,82715,7.58,1.217
33355,82730,5.23,1.1
33357,82790,6.82,1.307
33359,82845,7.43,1.231
33361,83166,7.49,1.598
33363,83262,4.82,1.483
33365,83282,7.31,1.678
33367,83311,7.41,0.084
33369,83414,7.52,0.308
33371,83591,7.7,1.1
33373,83906,6.35,0.697
33375,84110,7.72,0.458
33377,84328,7.99,0.294
33379,84524,6.08,1.1
33381,84710,7.95,1.948
33383,84784,7.87,0.51
33385,84801,6.31,0.85
33387,85064,6.94,0.689
33389,85311,6.96,0.218
33391,85365,4.53,0.385
33393,85622,6.36,0.93
33395,85661,6.72,0.319
33397,85922,5.61,0.187
33399,86097,6.61,1.181
33401,86444,7.78,0.491
33403,86677,6.62,1.865
33405,86765,7.67,0.676
33407,86768,6.3,0.324
33409,86786,7.21,0.983
33411,87396,7.96,1.412
33413,87494,6.82,0.989
33415,87495,6.18,1.25
33417,87559,6.86,1.266
33419,87659,7.75,1.912
33421,87807,7.77,0.079
33423,87847,5.44,1.162
33425,88024,7.54,1.039
33427,88050,7.77,2.083
33429,88058,7.4,0.582
33431,88101,5.86,1.561
33433,88175,4.62,0.39
33435,88184,7.93,1.627
33437,88329,7.74,0.436
33439,88374,6.74,0.136
33441,88684,5.74,0.968
33443,88843,7.52,1.175
33445,88890,7.64,0.158
33447,88969,7.43,0.925
33449,89133,6.74,0.062
33451,89174,7.22,0.318
33453,89288,6.59,0.276
33455,89477,7.26,1.047
33457,89512,6.35,0.201
33459,89755,7.6,1.007
33461,89816,7.59,0.566
33463,90198,7.53,0.368
33465,90238,6.28,1.161
33467,90239,7.18,0.604
33469,90692,6.27,0.953
33471,90768,7.37,0.36
33473,90946,7.03,1.043
33475,90967,6.36,0.034
33477,91185,6.95,1.325
33479,91215,7.87,0.598
33481,91272,7.71,0.376
33483,91337,6.77,0.374
33485,91342,7.95,1.507
33487,91598,7.6,1.81
33489,91751,6.13,1.006
33491,91880,6.3,0.479
33493,91946,7.82,0.204
33495,91960,6.71,1.868
33497,92082,7.88,1.277
33499,92171,7.05,0.094
33501,92175,4.22,1.087
33503,92202,5.38,1.28
33505,92296,6.49,0.242
33507,92391,5.99,1.568
33509,92426,6.93,1.51
33511,92628,7.08,1.91
33513,92686,7.42,0.387
33515,92918,7.46,0.747
33517,93026,4.83,1.057
33519,93180,7.25,0.16
33521,93190,7.49,0.443
33523,93212,7.52,0.07
33525,93381,6.89,1.684
33527,93411,7.65,0.123
33529,93429,4.02,1.079
33531,93526,5.4,-0.005
33533,93551,6.91,1.058
33535,93666,6.48,2.3
33537,93716,7.0,1.484
33539,93717,5.4,1.12
33541,93805,3.43,-0.096
33543,94072,7.64,1.004
33545,94236,6.84,0.127
33547,94627,6.63,0.353
33549,94857,7.4,1.276
33551,94917,7.96,1.16
33553,81491,7.94,1.043
33555,81541,7.5,1.482
33557,81681,7.21,0.631
33559,81687,6.25,0.313
33561,81809,7.64,1.496
33563,81897,7.32,1.204
33565,81942,7.41,0.181
33567,81990,7.64,1.677
33569,82011,6.95,1.79
33571,82405,6.32,0.401
33573,82527,6.96,0.224
33575,82588,6.65,0.749
33577,82629,7.84,0.544
33579,82693,6.25,0.283
33581,82999,7.46,0.379
33583,83137,7.55,0.416
33585,83480,6.7,0.19
33587,83510,8.0,1.79
33589,83635,5.63,0.104
33591,83738,6.34,0.209
33593,83770,7.83,0.735
33595,83853,6.06,0.074
33597,83991,7.59,0.266
33599,84166,7.8,0.465
33601,84514,4.72,1.119
33603,84643,7.91,0.53
33605,84696,6.66,0.534
33607,84742,7.29,1.139
33609,84804,7.98,1.245
33611,85042,6.28,0.68
33613,85090,7.78,0.605
33615,85307,6.44,0.457
33617,85368,7.64,0.359
33619,85603,7.81,0.388
33621,85667,5.31,0.715
33623,85722,7.11,1.533
33625,85963,7.4,0.447
33627,85989,8.0,0.482
33629,86028,7.95,0.351
33631,86081,7.75,0.132
33633,86232,7.43,0.606
33635,86463,6.51,0.122
33637,86475,7.68,0.46
33639,86476,6.08,1.608
33641,86494,7.64,1.965
33643,86671,7.75,1.131
33645,86785,7.7,0.173
33647,86890,7.4,0.205
33649,86987,7.57,1.279
33651,87143,7.7,1.566
33653,87149,7.74,0.309
33655,87170,7.79,0.153
33657,87428,6.33,1.126
33659,87475,7.71,0.354
33661,87513,7.53,1.35
33663,87538,7.47,1.351
33665,87633,6.72,0.075
33667,87678,7.32,0.516
33669,87797,7.85,1.943
33671,88216,7.53,1.123
33673,88342,6.75,0.556
33675,88376,7.97,0.136
33677,88671,6.32,1.014
33679,88740,7.03,0.497
33681,88878,6.75,1.001
33683,89117,7.46,1.183
33685,89148,7.26,1.162
33687,89295,7.35,0.134
33689,89397,7.38,2.08
33691,89489,7.28,1.072
33693,89587,5.99,0.89
33695,89649,7.74,0.193
33697,89675,7.87,0.138
33699,89680,7.47,0.399
33701,89757,7.74,0.997
33703,89962,3.23,0.941
33705,89967,7.62,0.98
33707,90041,7.28,0.061
33709,90150,7.71,0.145
33711,90174,6.36,0.351
33713,90207,7.68,0.654
33715,90240,7.71,0.36
33717,90253,6.15,0.381
33719,90642,5.38,0.961
33721,90795,7.07,-0.01
33723,90810,7.21,0.383
33725,90832,7.19,1.272
33727,90844,5.93,0.17
33729,90949,7.99,0.244
33731,91308,6.74,1.272
33733,91322,5.76,0.067
33735,91352,7.8,0.502
33737,91355,6.9,1.079
33739,91384,6.64,0.433
33741,91394,6.49,0.553
33743,91459,7.13,1.417
33745,91665,6.69,1.172
33747,91743,7.77,0.033
33749,91822,7.68,0.629
33751,91855,7.2,1.887
33753,91910,7.77,0.26
33755,91987,6.89,-0.023
33757,92117,5.89,0.131
33759,92118,7.51,0.308
33761,92349,7.75,0.131
33763,92501,6.89,0.285
33765,92524,6.08,0.299
33767,92884,7.79,0.109
33769,92914,7.39,1.199
33771,92963,6.2,-0.046
33773,93078,7.66,1.155
33775,93245,7.41,0.145
33777,93342,7.2,0.858
33779,93554,7.62,1.702
33781,93743,6.51,0.359
33783,93836,6.84,0.193
33785,93865,7.99,0.166
33787,93919,7.53,1.634
33789,94053,6.58,1.277
33791,94149,6.34,-0.042
33793,94193,7.81,1.364
33795,94256,7.95,0.744
33797,94523,7.49,1.315
33799,94638,7.54,1.147
33801,94846,7.34,0.29
33803,95055,6.57,0.438
33805,95073,5.46,-0.041
33807,95076,7.54,1.09
33809,95126,6.95,1.327
33811,81691,6.4,1.019
33813,81734,5.74,0.336
33815,81768,7.59,0.4
33817,81770,7.88,0.206
33819,81846,7.41,0.317
33821,81971,7.46,0.189
33823,82037,6.02,-0.012
33825,82126,7.9,0.975
33827,82142,6.72,0.356
33829,82162,6.07,0.14
33831,82186,7.71,0.49
33833,82247,7.18,0.263
33835,82251,7.99,0.721
33837,82334,7.38,0.399
33839,82480,5.51,0.055
33841,82605,7.75,0.983
33843,82618,7.57,0.418
33845,82865,7.7,1.367
33847,83264,7.95,0.43
33849,83601,6.0,0.578
33851,83619,7.31,0.334
33853,83999,6.82,0.94
33855,84217,6.65,0.504
33857,84479,6.17,0.235
33859,84500,5.89,0.023
33861,84600,6.86,0.416
33863,84632,6.87,0.412
33865,84780,6.43,1.487
33867,84905,6.95,0.571
33869,85060,7.75,1.238
33871,85279,7.54,0.157
33873,85295,7.54,1.359
33875,85356,6.86,1.292
33877,85537,5.41,0.237
33879,85704,7.93,0.527
33881,85707,7.14,0.328
33883,85749,5.57,0.844
33885,85766,7.18,1.319
33887,85806,6.75,1.112
33889,85812,7.41,-0.054
33891,85905,7.87,1.648
33893,86106,7.55,0.067
33895,86374,7.71,0.413
33897,86379,7.74,0.405
33899,86391,6.25,1.021
33901,86400,6.53,0.959
33903,86424,6.63,1.534
33905,86831,6.16,0.131
33907,86835,6.67,0.061
33909,86969,6.64,1.663
33911,87108,3.75,0.043
33913,87224,6.44,1.236
33915,87244,7.49,1.898
33917,87262,8.0,1.415
33919,87432,7.22,0.347
33921,87448,6.55,1.065
33923,87480,7.57,0.308
33925,87490,7.75,0.817
33927,87491,5.91,1.573
33929,87566,7.41,1.07
33931,87761,6.77,0.574
33933,87812,5.82,0.058
33935,87875,5.95,0.11
33937,87939,6.95,0.087
33939,87954,7.03,1.764
33941,88148,6.36,0.16
33943,88159,7.82,0.968
33945,88192,3.93,0.029
33947,88278,7.96,-0.04
33949,88290,4.42,0.046
33951,88324,7.66,0.746
33953,88516,7.57,0.45
33955,88522,6.14,-0.056
33957,88601,4.03,0.86
33959,88681,7.95,0.007
33961,88770,6.51,1.481
33963,88841,6.61,0.178
33965,88897,7.4,0.228
33967,88898,6.99,0.446
33969,88958,7.87,0.506
33971,88986,7.38,1.23
33973,89000,5.67,0.49
33975,89038,7.94,0.3
33977,89065,5.5,1.204
33979,89109,7.76,1.376
33981,89242,6.68,0.072
33983,89277,6.82,0.123
33985,89347,6.43,1.545
33987,89393,7.6,0.443
33989,89527,6.1,1.55
33991,89601,6.62,0.312
33993,89702,7.86,1.018
33995,89789,7.93,1.95
33997,89918,4.85,0.911
33999,90021,7.69,1.72
34001,90269,7.55,1.102
34003,90347,6.87,0.277
34005,90441,5.2,0.487
34007,90486,7.75,0.126
34009,90738,7.82,0.12
34011,90985,7.92,0.214
34013,91072,7.46,0.255
34015,91113,7.94,0.624
34017,91281,6.88,0.569
34019,91285,7.87,0.098
34021,91300,7.85,0.493
34023,91302,7.58,1.728
34025,91535,7.99,0.473
34027,91580,7.95,0.342
34029,91655,7.47,1.447
34031,91889,7.95,0.622
34033,91952,7.89,0.897
34035,91975,5.02,-0.055
34037,92075,7.71,0.043
34039,92386,6.24,0.041
34041,92569,7.51,0.701
34043,92683,7.71,0.254
34045,92711,7.99,0.123
34047,92794,7.44,0.399
34049,92807,7.4,1.071
34051,92837,7.39,0.364
34053,92904,7.38,0.106
34055,92909,7.07,0.15
34057,92968,6.14,0.961
34059,93016,7.65,0.54
34061,93028,7.61,0.574
34063,93051,5.56,0.004
34065,93142,7.07,0.204
34067,93300,7.87,1.071
34069,93383,7.07,1.035
34071,93385,6.92,0.977
34073,93417,7.09,1.7
34075,93557,6.7,1.42
34077,93580,5.82,0.182
34079,93589,6.91,1.078
34081,93647,6.72,0.144
34083,93840,7.6,1.583
34085,93892,6.55,0.043
34087,93904,7.43,0.519
34089,93990,7.09,1.27
34091,94070,7.56,0.476
34093,94167,7.72,0.232
34095,94169,7.86,0.39
34097,94331,6.94,0.102
34099,94477,5.14,-0.071
34101,94496,7.9,1.472
34103,94785,7.64,1.237
34105,94833,6.19,0.019
34107,94883,6.72,0.401
34109,94885,5.1,1.143
34111,94913,6.4,1.05
34113,95112,7.52,0.33
34115,81634,6.92,0.136
34117,81641,5.77,-0.004
34119,81717,6.96,0.159
34121,81890,7.7,0.843
34123,81991,6.55,0.89
34125,82081,7.12,0.408
34127,82108,7.91,1.022
34129,82216,5.22,-0.001
34131,82449,7.4,0.142
34133,82929,7.33,1.6
34135,82971,6.73,1.522
34137,83223,6.57,0.233
34139,83638,7.4,1.655
34141,83685,7.95,1.096
34143,83863,7.25,0.623
34145,83913,7.84,1.401
34147,83948,7.94,0.819
34149,84082,6.77,0.569
34151,84433,7.68,0.304
34153,84443,7.98,1.654
34155,84495,7.91,0.348
34157,84592,7.45,1.553
34159,84704,6.51,0.388
34161,84826,7.92,1.249
34163,84899,7.46,1.147
34165,84975,6.67,0.927
34167,84983,7.74,1.011
34169,85177,7.88,1.084
34171,85251,7.7,1.083
34173,85355,4.34,1.48
34175,85924,7.62,0.372
34177,85982,7.71,1.089
34179,86003,7.63,1.186
34181,86024,7.4,0.518
34183,86125,7.93,1.39
34185,86299,7.74,-0.067
34187,86316,7.92,0.184
34189,86483,7.18,1.546
34191,86511,7.62,0.121
34193,86553,7.65,0.365
34195,86575,5.97,1.271
34197,86611,6.96,0.908
34199,86742,2.76,1.168
34201,86944,7.59,-0.005
34203,86954,6.85,-0.008
34205,86960,7.34,-0.002
34207,86977,7.88,1.034
34209,86993,7.76,-0.026
34211,87002,7.14,-0.019
34213,87048,7.86,0.51
34215,87107,7.47,1.565
34217,87150,6.22,0.135
34219,87184,7.51,-0.012
34221,87202,7.51,0.453
34223,87247,7.51,0.36
34225,87365,6.82,1.441
34227,87430,6.7,1.736
34229,87435,7.6,0.435
34231,87474,7.81,1.551
34233,87558,5.77,0.425
34235,87592,7.72,-0.006
34237,87675,6.57,1.453
34239,87735,7.24,1.662
34241,87790,7.39,-0.053
34243,87835,7.65,1.659
34245,87860,7.59,0.449
34247,87866,6.28,-0.015
34249,88088,7.21,0.434
34251,88132,6.78,0.078
34253,88149,4.79,-0.1
34255,88213,6.36,-0.104
34257,88511,7.96,0.762
34259,88527,7.31,1.232
34261,88622,6.8,0.61
34263,88644,7.65,0.624
34265,88724,7.77,0.663
34267,88764,7.05,1.131
34269,88822,7.89,1.421
34271,88964,5.71,0.363
34273,88965,7.68,0.568
34275,88980,7.07,1.026
34277,88983,7.77,0.205
34279,89081,7.4,1.042
34281,89252,7.59,0.144
34283,89612,7.34,0.015
34285,89705,7.49,0.043
34287,89977,6.14,-0.048
34289,90126,7.53,-0.01
34291,90271,6.73,0.011
34293,90487,6.07,1.61
34295,90497,5.71,-0.034
34297,90500,7.7,1.461
34299,90528,7.92,0.12
34301,90532,7.63,0.495
34303,90536,7.88,0.343
34305,90547,7.69,0.019
34307,90676,6.66,0.11
34309,90728,6.95,0.211
34311,90755,7.81,0.14
34313,90761,7.73,0.19
34315,90807,7.89,0.12
34317,90851,7.46,0.486
34319,90858,6.41,-0.025
34321,90910,7.36,1.796
34323,90958,7.64,0.189
34325,90990,7.75,0.19
34327,91063,7.22,1.243
34329,91142,6.47,0.075
34331,91220,6.73,1.142
34333,91224,7.84,0.01
34335,91237,5.43,0.386
34337,91244,7.84,0.35
34339,91259,6.6,0.899
34341,91338,6.68,-0.026
34343,91418,6.71,1.09
34345,91440,7.14,0.284
34347,91499,6.36,0.8
34349,91645,7.06,0.506
34351,91766,7.62,0.451
34353,91838,7.65,0.181
34355,91870,7.9,1.435
34357,92002,7.89,0.076
34359,92027,5.82,0.041
34361,92109,7.98,0.162
34363,92254,6.2,1.509
34365,92648,7.99,0.172
34367,92872,5.58,1.041
34369,92888,7.44,1.049
34371,92901,6.7,0.862
34373,92930,7.35,0.3
34375,92946,4.62,0.161
34377,92951,4.98,0.204
34379,92984,6.71,0.583
34381,93138,6.22,0.478
34383,93260,7.23,0.932
34385,93274,7.43,0.083
34387,93525,7.73,0.283
34389,93565,7.83,0.301
34391,93606,7.94,1.457
34393,93764,7.34,0.234
34395,93772,6.75,0.505
34397,93822,6.71,0.382
34399,93833,7.28,0.189
34401,93920,7.11,0.136
34403,93937,7.21,0.27
34405,94068,5.23,0.346
34407,94247,7.12,1.674
34409,94250,7.08,0.06
34411,94268,7.48,0.718
34413,94316,7.92,1.15
34415,94383,7.46,0.64
34417,94423,7.66,0.528
34419,94456,7.92,0.268
34421,94459,7.66,0.322
34423,94478,6.47,0.1
34425,94564,6.92,0.818
34427,94567,8.0,0.116
34429,94727,5.59,0.101
34431,94733,6.68,0.111
34433,94873,7.15,0.49
34435,82373,6.91,0.903
34437,82402,5.48,0.108
34439,82456,7.14,1.67
34441,82460,6.68,0.529
34443,82673,4.39,-0.088
34445,82680,7.76,0.604
34447,82965,7.68,1.293
34449,83000,3.19,1.16
34451,83143,7.96,0.468
34453,83178,7.59,0.091
34455,83290,6.78,1.239
34457,83341,7.99,0.504
34459,83342,6.33,0.091
34461,83388,7.02,0.234
34463,83665,7.49,0.269
34465,83675,6.96,1.524
34467,83677,6.38,1.458
34469,83688,6.38,0.896
34471,83764,7.28,0.033
34473,83953,7.0,0.561
34475,84113,6.34,1.04
34477,84177,5.32,1.593
34479,84230,6.87,0.379
34481,84805,7.85,0.275
34483,84824,7.94,0.594
34485,84955,7.17,1.051
34487,85006,7.06,1.219
34489,85051,7.8,0.923
34491,85083,7.19,0.155
34493,85139,5.77,1.251
34495,85143,7.22,1.339
34497,85259,6.68,1.511
34499,85287,7.88,0.694
34501,85333,6.01,0.592
34503,85450,6.42,1.66
34505,85534,7.06,0.185
34507,85664,7.09,1.011
34509,85894,7.6,1.073
34511,85940,7.85,0.596
34513,85998,5.8,0.04
34515,86143,7.37,0.866
34517,86193,7.28,0.693
34519,86198,7.97,0.041
34521,86457,7.06,1.062
34523,86625,7.43,1.46
34525,86660,7.39,0.127
34527,87120,7.28,0.188
34529,87289,6.74,1.401
34531,87325,7.72,0.437
34533,87326,7.8,0.116
34535,87363,6.97,0.351
34537,87496,7.79,0.366
34539,87621,7.97,0.48
34541,88144,6.88,0.941
34543,88204,7.01,1.216
34545,88436,7.21,0.118
34547,88448,7.99,1.109
34549,88728,6.96,0.51
34551,88765,4.64,0.951
34553,88771,3.71,0.159
34555,88812,6.66,-0.008
34557,89059,7.44,1.148
34559,89195,7.18,1.312
34561,89301,7.98,0.647
34563,89329,7.78,1.254
34565,89355,7.71,1.419
34567,89565,7.71,0.341
34569,89772,5.41,1.084
34571,89896,7.75,1.679
34573,90036,7.2,0.561
34575,90069,7.09,1.36
34577,90242,7.91,0.07
34579,90313,5.64,0.884
34581,90355,7.83,0.699
34583,90427,7.39,0.844
34585,90428,8.0,0.09
34587,90621,7.77,0.6
34589,90657,7.88,0.465
34591,90665,6.91,0.337
34593,90741,7.55,1.641
34595,90805,7.4,0.972
34597,90826,7.38,0.15
34599,90971,6.42,-0.044
34601,91217,5.38,0.387
34603,91291,7.89,0.566
34605,91389,7.41,1.201
34607,91503,7.01,1.07
34609,91523,6.26,0.962
34611,91536,7.76,1.193
34613,91571,6.93,0.22
34615,91594,7.21,0.35
34617,91649,8.0,0.573
34619,91881,7.13,0.516
34621,92078,7.32,0.474
34623,92151,7.66,1.747
34625,92283,7.97,1.07
34627,92450,6.88,1.32
34629,92679,7.78,0.085
34631,92715,7.4,1.781
34633,92787,7.31,1.57
34635,92806,7.38,1.062
34637,93131,8.0,0.256
34639,93218,6.75,0.211
34641,93488,6.25,1.648
34643,93494,7.4,1.148
34645,93578,7.49,0.923
34647,93732,6.88,0.157
34649,93766,7.57,1.141
34651,93820,7.61,1.136
34653,93986,7.44,0.422
34655,94103,7.18,1.853
34657,94230,7.44,0.353
34659,94285,7.99,0.935
34661,94395,7.76,0.15
34663,94499,7.83,0.267
34665,94512,7.23,0.173
34667,94572,7.71,0.524
34669,82544,7.04,1.611
34671,82604,6.92,1.495
34673,82946,7.84,1.503
34675,83117,7.89,1.672
34677,83165,7.08,1.499
34679,83204,7.38,0.594
34681,83271,7.73,0.384
34683,83299,7.65,0.077
34685,83430,4.97,1.6
34687,83478,5.91,0.01
34689,83504,6.06,1.05
34691,83613,4.89,0.125
34693,83767,7.47,0.448
34695,83793,7.94,0.458
34697,84036,6.58,0.086
34699,84193,7.7,1.503
34701,84308,7.1,0.981
34703,84345,2.78,1.164
34705,84560,6.62,1.195
34707,84566,7.85,0.401
34709,84584,7.85,0.221
34711,84671,5.03,1.539
34713,84736,7.7,0.056
34715,84927,7.77,1.157
34717,84965,7.07,0.086
34719,85109,7.4,1.2
34721,85463,7.11,0.137
34723,85570,7.72,0.105
34725,85666,6.47,0.056
34727,85789,7.99,0.208
34729,85826,6.42,-0.013
34731,85838,7.02,1.52
34733,85979,6.52,0.95
34735,86032,2.08,0.155
34737,86041,7.27,0.091
34739,86085,7.54,1.568
34741,86107,6.76,1.63
34743,86123,7.28,1.475
34745,86172,7.0,1.151
34747,86179,6.84,0.209
34749,86212,7.99,1.23
34751,86333,7.49,0.998
34753,86373,6.12,0.567
34755,86435,7.54,0.522
34757,86663,7.71,0.85
34759,86732,6.22,0.426
34761,86809,6.18,0.211
34763,86813,6.91,0.28
34765,86877,7.62,0.716
34767,86906,6.93,0.9
34769,86912,7.15,1.051
34771,87335,6.19,1.247
34773,87415,7.78,1.019
34775,87655,6.24,0.474
34777,87899,7.44,0.521
34779,87910,6.33,0.13
34781,88080,7.94,0.543
34783,88111,7.96,0.097
34785,88240,7.77,1.7
34787,88272,7.03,0.354
34789,88455,7.65,0.356
34791,88627,6.51,0.276
34793,88814,6.61,0.053
34795,88862,6.34,0.181
34797,88931,7.61,0.271
34799,89235,7.56,0.358
34801,89309,6.88,0.028
34803,89323,7.86,1.16
34805,89331,7.12,1.576
34807,89551,7.58,-0.08
34809,89595,7.17,0.76
34811,89665,7.05,-0.07
34813,89676,7.9,0.071
34815,89677,6.29,-0.04
34817,89688,7.17,1.635
34819,89700,6.76,0.002
34821,89767,7.1,-0.083
34823,89776,7.49,-0.097
34825,89798,7.6,-0.004
34827,89939,7.88,0.115
34829,90052,5.99,0.056
34831,90181,7.82,0.147
34833,90221,7.8,1.3
34835,90263,7.94,0.02
34837,90584,7.5,0.582
34839,90599,7.89,0.05
34841,90618,7.02,0.451
34843,90727,7.26,0.054
34845,90864,7.2,0.692
34847,91034,7.94,0.441
34849,91090,6.48,0.032
34851,91167,7.64,0.262
34853,91191,7.71,0.065
34855,91233,7.36,0.479
34857,91286,6.57,-0.011
34859,91295,7.98,0.56
34861,91297,6.88,0.032
34863,91390,7.93,0.534
34865,91559,7.01,0.271
34867,91586,7.75,0.036
34869,91622,7.82,1.119
34871,91659,6.83,0.998
34873,91685,7.33,0.109
34875,91704,7.84,0.626
34877,91779,7.68,0.11
34879,91882,6.56,1.668
34881,91890,7.32,1.186
34883,92052,7.11,0.041
34885,92146,7.9,0.111
34887,92222,7.09,0.09
34889,92236,7.5,-0.025
34891,92434,7.11,0.7
34893,92475,6.37,1.443
34895,92593,6.19,-0.008
34897,92778,7.22,0.07
34899,92779,6.54,1.311
34901,92876,7.03,0.055
34903,92879,6.62,0.353
34905,93046,7.2,0.324
34907,93179,5.91,0.251
34909,93203,5.27,0.573
34911,93259,7.72,0.463
34913,93273,7.26,1.633
34915,93438,6.83,0.056
34917,93753,7.66,0.066
34919,93867,5.07,-0.055
34921,83411,7.72,1.57
34923,83435,6.52,0.77
34925,83689,7.07,0.96
34927,83810,7.89,0.479
34929,83918,7.07,1.354
34931,84133,7.21,1.53
34933,84323,7.42,0.474
34935,84488,7.77,0.002
34937,84540,7.41,1.051
34939,84623,7.06,1.38
34941,84631,6.0,0.015
34943,84677,8.0,1.45
34945,84807,7.38,1.06
34947,84843,7.74,1.04
34949,84857,7.13,0.573
34951,84875,7.78,1.331
34953,84938,6.35,1.608
34955,85000,7.73,0.492
34957,85096,7.62,0.2
34959,85185,5.75,0.074
34961,85187,6.34,-0.017
34963,85231,7.81,1.319
34965,85271,7.74,1.652
34967,85289,6.64,0.377
34969,85302,6.09,1.528
34971,85419,7.39,1.075
34973,85434,7.24,0.1
34975,85683,6.91,0.505
34977,85799,6.98,0.534
34979,85892,7.01,1.472
34981,85930,5.68,1.002
34983,85934,6.36,1.595
34985,85987,6.59,0.224
34987,86029,7.72,-0.002
34989,86176,7.69,0.196
34991,86211,7.58,0.997
34993,86407,7.81,1.278
34995,86546,6.34,0.04
34997,86601,7.81,1.602
34999,86623,5.54,0.387
35001,86648,7.2,0.025
35003,86724,7.99,0.133
35005,87044,5.61,0.036
35007,87047,7.99,0.054
35009,87075,7.7,0.161
35011,87113,7.88,1.052
35013,87409,7.53,0.358
35015,87427,6.43,0.997
35017,87439,7.55,0.045
35019,87485,6.6,0.44
35021,87683,7.8,1.012
35023,87692,7.76,-0.069
35025,87732,7.91,0.599
35027,87965,7.24,0.602
35029,87983,7.38,0.089
35031,88128,4.67,1.254
35033,88181,7.37,1.624
35035,88199,7.66,0.394
35037,88217,6.28,0.747
35039,88283,7.8,0.275
35041,88370,7.55,0.521
35043,88394,7.68,1.64
35045,88563,6.97,1.693
35047,88590,7.42,1.65
35049,88769,7.24,1.73
35051,88772,6.68,1.128
35053,89023,6.09,0.574
35055,89294,6.77,0.545
35057,89350,7.86,1.01
35059,89669,7.4,1.327
35061,89684,6.24,-0.004
35063,89720,7.89,0.636
35065,89777,6.98,0.291
35067,90002,7.69,1.03
35069,90005,7.85,0.623
35071,90067,5.25,1.25
35073,90070,7.44,0.169
35075,90086,6.22,1.216
35077,90111,6.74,-0.034
35079,90144,7.79,0.597
35081,90205,7.46,-0.009
35083,90307,7.51,1.19
35085,90337,6.37,-0.037
35087,90345,7.42,0.456
35089,90571,7.56,1.378
35091,90609,6.78,-0.064
35093,90638,7.9,0.066
35095,90650,7.57,0.279
35097,90669,7.17,1.024
35099,90762,5.76,0.053
35101,90996,7.08,0.65
35103,91092,8.0,0.436
35105,91118,5.79,0.006
35107,91159,6.21,0.542
35109,91247,6.75,0.979
35111,91279,6.31,0.896
35113,91377,7.96,0.158
35115,91408,6.78,0.023
35117,91413,7.73,0.612
35119,91518,7.47,0.253
35121,91752,6.91,0.067
35123,91764,7.23,0.0
35125,92047,6.69,0.204
35127,92168,7.6,1.63
35129,92203,7.33,0.029
35131,92279,6.94,0.025
35133,92317,7.9,0.519
35135,92339,7.12,0.015
35137,92393,6.68,-0.029
35139,92418,7.52,0.621
35141,92620,6.55,1.05
35143,92757,7.24,0.45
35145,85832,7.68,1.223
35147,85869,7.59,1.548
35149,85912,5.65,0.505
35151,85981,7.46,0.261
35153,86022,7.88,0.448
35155,86576,7.82,-0.035
35157,87069,6.67,0.08
35159,87192,6.13,0.024
35161,87823,6.66,0.4
35163,87825,7.19,0.189
35165,87834,6.55,1.002
35167,87934,7.44,1.064
35169,88172,6.42,-0.054
35171,88429,6.41,0.017
35173,88434,6.92,1.62
35175,88791,7.46,0.169
35177,88899,5.1,0.176
35179,89056,7.95,0.382
35181,89070,7.33,0.252
35183,89406,7.72,1.284
35185,89458,7.9,0.444
35187,89711,7.85,0.54
35189,90076,7.99,0.267
35191,90673,7.58,0.997
35193,84391,7.63,1.249
35195,84405,4.33,0.855
35197,84478,6.33,1.144
35199,84605,6.81,0.02
35201,84851,7.09,0.936
35203,84888,7.94,0.485
35205,84931,7.53,0.106
35207,85318,7.49,0.067
35209,85387,7.35,0.307
35211,85783,6.05,-0.065
35213,86317,6.83,1.906
35215,86376,7.68,0.451
35217,86385,7.7,0.573
35219,86725,6.4,0.438
35221,86919,7.99,0.456
35223,86949,7.41,0.604
35225,87072,4.53,0.6
35227,87163,6.31,0.094
35229,87282,7.97,0.441
35231,87306,6.96,0.2
35233,87589,6.88,0.177
35235,87824,7.39,0.614
35237,87836,5.76,0.207
35239,88012,5.99,-0.077
35241,88384,6.69,1.2
35243,88683,7.29,0.611
35245,88720,7.1,-0.022
35247,88839,4.55,0.938
35249,88864,7.23,0.65
35251,88906,7.48,1.065
35253,88937,7.6,0.65
35255,89049,7.57,0.448
35257,89238,7.37,0.312
35259,89366,7.16,-0.017
35261,89396,7.99,0.434
35263,89592,6.66,1.246
35265,89620,6.36,0.536
35267,89622,6.18,0.184
35269,89662,7.21,1.777
35271,89678,4.66,1.629
35273,89871,7.25,1.371
35275,89954,6.91,0.249
35277,90012,6.15,0.264
35279,90128,7.69,0.496
35281,90184,7.57,1.5
35283,90478,6.31,0.263
35285,90510,6.28,0.157
35287,90576,6.68,0.095
35289,90739,7.73,1.861
35291,90869,7.95,0.583
35293,91253,7.8,0.634
35295,82758,6.76,0.944
35297,82925,5.57,-0.018
35299,83196,5.74,0.407
35301,83456,7.5,1.661
35303,83461,7.26,1.367
35305,83540,7.3,1.061
35307,83542,7.08,1.008
35309,83566,6.6,0.264
35311,83629,7.05,0.105
35313,83828,7.15,1.005
35315,84172,7.86,0.376
35317,84147,6.52,-0.037
35319,84494,7.14,1.185
35321,84625,6.59,0.51
35323,84626,5.14,1.046
35325,84636,6.59,0.647
35327,84947,6.36,1.399
35329,84970,3.27,-0.186
35331,85071,7.28,0.15
35333,85154,6.67,1.017
35335,85242,6.17,1.103
35337,85340,4.16,0.283
35339,85391,6.42,-0.055
35341,85521,7.06,0.401
35343,85703,7.39,0.375
35345,85755,4.78,0.016
35347,85925,7.75,1.727
35349,85954,7.36,0.356
35351,86060,6.47,0.011
35353,86086,7.7,0.47
35355,86515,7.9,0.355
35357,86655,7.61,1.085
35359,86811,7.33,0.353
35361,86819,6.58,0.33
35363,87003,7.9,0.327
35365,87099,6.18,1.446
35367,87156,7.89,0.413
35369,87227,7.8,0.331
35371,87273,7.02,1.111
35373,87370,7.15,0.656
35375,87399,7.34,0.623
35377,87422,7.79,1.072
35379,87706,6.18,0.001
35381,87809,7.87,0.065
35383,87880,6.52,1.984
35385,88040,7.0,0.232
35387,88074,7.99,0.05
35389,88085,7.47,0.108
35391,88116,4.74,-0.03
35393,88126,7.38,0.004
35395,88142,6.64,1.082
35397,88281,7.53,0.005
35399,88298,5.72,-0.03
35401,88330,7.14,0.65
35403,88333,7.22,0.0
35405,88380,5.37,0.495
35407,88396,6.73,-0.056
35409,88469,5.89,0.031
35411,88541,7.2,0.496
35413,88560,7.33,-0.039
35415,88581,6.86,0.079
35417,88721,7.7,1.259
35419,88884,7.94,0.015
35421,88905,6.76,-0.009
35423,88942,7.91,0.842
35425,88943,7.32,0.079
35427,89071,7.78,1.23
35429,89097,6.67,1.422
35431,89153,4.96,1.055
35433,89276,7.09,0.615
35435,89307,7.85,0.335
35437,89566,7.56,0.405
35439,89731,6.51,1.346
35441,89732,7.93,1.72
35443,89980,6.19,1.823
35445,90016,7.3,0.034
35447,90029,7.3,1.555
35449,90321,8.0,1.265
35451,90400,7.92,0.092
35453,90496,2.82,1.025
35455,90513,6.96,1.019
35457,90574,7.42,0.599
35459,90610,6.63,0.002
35461,90713,6.99,1.482
35463,90756,7.56,0.061
35465,90793,7.66,1.274
35467,90953,6.81,0.018
35469,90995,8.0,0.156
35471,91004,5.49,1.795
35473,91066,6.53,0.515
35475,91130,8.0,0.12
35477,91287,7.43,0.687
35479,91402,7.28,1.656
35481,91405,5.78,-0.018
35483,91446,6.71,0.647
35485,91524,7.9,0.744
35487,91686,7.6,0.398
35489,91689,6.22,0.231
35491,91722,7.58,1.732
35493,91826,7.7,0.229
35495,91864,8.0,0.544
35497,91967,7.78,0.549
35499,91974,5.82,0.033
35501,92111,5.37,1.591
35503,92429,7.2,1.216
35505,92480,6.29,0.39
35507,92758,7.63,0.07
35509,92761,4.86,1.412
35511,92780,7.31,0.111
35513,92845,5.0,1.348
35515,92929,7.37,0.569
35517,92931,5.91,-0.021
35519,92980,7.6,0.481
35521,92994,7.51,1.113
35523,93132,6.62,0.055
35525,93140,6.14,0.087
35527,93315,6.35,1.253
35529,93405,7.8,1.089
35531,93423,6.25,1.647
35533,93516,7.66,1.693
35535,93649,6.73,0.206
35537,93832,7.45,1.119
35539,93866,6.87,1.028
35541,94041,6.66,0.914
35543,94122,7.79,0.033
35545,94510,6.98,0.088
35547,81474,6.73,0.248
35549,81486,6.97,1.455
35551,81632,6.25,1.077
35553,81754,5.55,0.436
35555,81887,7.82,0.302
35557,81931,7.45,1.611
35559,82038,6.6,1.876
35561,82149,7.71,1.115
35563,82351,7.28,1.935
35565,82465,7.98,1.303
35567,82621,5.86,0.685
35569,82787,7.77,0.153
35571,82822,6.62,0.117
35573,82951,6.27,0.084
35575,83163,6.63,0.569
35577,83224,7.35,1.096
35579,83286,7.36,0.101
35581,83331,6.28,1.351
35583,83348,7.61,1.035
35585,83452,8.0,1.224
35587,83567,6.29,-0.035
35589,83684,6.29,0.128
35591,83788,7.6,1.448
35593,83873,7.79,0.177
35595,83976,7.54,1.182
35597,83998,6.93,0.017
35599,84056,6.81,1.03
35601,84078,7.42,0.085
35603,84198,7.03,0.408
35605,84366,7.68,1.638
35607,84491,7.53,0.665
35609,84856,6.5,0.578
35611,84893,4.39,0.394
35613,84958,7.03,1.672
35615,85017,7.84,0.783
35617,85023,8.0,1.172
35619,85053,7.82,1.293
35621,85195,6.34,0.046
35623,85207,5.82,0.939
35625,85376,7.24,1.599
35627,85491,7.93,0.481
35629,85617,7.51,2.1
35631,86352,6.19,0.827
35633,86736,4.86,0.469
35635,87068,7.19,0.401
35637,87819,6.86,0.092
35639,88095,7.89,1.446
35641,88362,6.78,0.118
35643,88730,7.93,0.65
35645,88760,6.22,0.102
35647,88768,7.67,0.987
35649,88856,7.66,-0.072
35651,88876,6.42,0.755
35653,89177,7.23,0.01
35655,89341,3.84,0.195
35657,89369,5.49,1.528
35659,89425,7.86,1.283
35661,89439,5.29,0.007
35663,89440,5.96,-0.023
35665,89567,6.89,1.027
35667,89893,7.9,0.711
35669,90113,7.63,2.1
35671,90130,7.8,1.926
35673,90230,7.51,2.08
35675,90289,4.81,1.31
35677,90721,7.99,1.204
35679,90790,6.81,0.861
35681,90801,7.93,0.277
35683,90836,6.59,1.07
35685,90870,7.37,1.499
35687,90900,6.97,1.333
35689,90978,7.96,0.232
35691,91051,7.18,1.369
35693,91132,6.49,0.28
35695,91135,6.77,1.77
35697,91143,7.08,0.218
35699,91238,7.47,0.0
35701,91267,7.99,0.294
35703,91276,7.01,1.585
35705,91344,7.92,1.55
35707,91347,5.93,0.189
35709,91438,5.85,0.673
35711,91487,7.9,0.188
35713,91527,6.67,0.261
35715,91736,7.1,0.148
35717,91781,6.32,1.591
35719,91849,7.36,1.125
35721,91903,6.74,0.428
35723,91954,7.34,1.56
35725,92013,7.45,0.773
35727,92016,6.35,0.458
35729,92066,7.42,0.077
35731,92079,6.34,1.578
35733,92235,6.92,0.12
35735,92245,7.29,0.901
35737,92266,6.87,1.661
35739,92301,6.46,0.902
35741,92307,7.22,0.182
35743,92384,6.77,0.192
35745,92390,5.22,1.404
35747,92491,6.84,0.854
35749,92505,7.5,0.112
35751,92602,6.58,0.144
35753,92662,7.58,1.699
35755,92682,6.77,1.276
35757,92733,6.98,1.45
35759,92747,5.68,1.206
35761,92950,6.63,0.977
35763,93057,5.02,0.137
35765,93077,7.02,-0.102
35767,93085,3.52,1.151
35769,93118,6.93,-0.128
35771,93224,6.52,1.582
35773,93234,6.37,0.962
35775,93242,7.97,1.372
35777,93336,7.22,1.541
35779,93537,5.96,1.158
35781,93543,6.37,0.48
35783,93581,7.77,-0.004
35785,93661,7.18,0.551
35787,93683,3.76,1.012
35789,93887,6.28,-0.044
35791,93996,5.56,-0.087
35793,94040,6.57,1.581
35795,94062,6.96,0.364
35797,94127,7.91,0.132
35799,94141,2.88,0.377
35801,94144,6.11,1.156
35803,94274,7.72,-0.03
35805,94338,7.83,1.0
35807,94372,6.39,1.129
35809,94429,7.84,0.47
35811,94637,7.66,0.272
35813,94738,7.91,1.337
35815,94820,4.88,1.013
35817,94859,7.0,-0.03
35819,94879,7.48,0.328
35821,95014,7.47,1.044
35823,95159,6.25,-0.091
35825,95188,5.84,1.062
35827,95244,6.72,1.032
35829,95407,7.89,1.001
35831,95440,7.47,1.585
35833,95458,7.02,0.689
35835,95677,7.19,0.482
35837,95713,6.73,1.584
35839,95893,7.73,0.337
35841,95942,7.32,1.085
35843,80570,7.22,0.509
35845,80677,7.19,0.441
35847,80712,7.18,0.269
35849,80793,5.66,0.823
35851,80894,4.29,0.924
35853,81010,7.02,0.543
35855,81695,6.68,0.171
35857,81724,4.91,1.095
35859,82233,7.43,0.566
35861,82259,6.03,0.192
35863,82260,7.62,0.767
35865,82339,6.18,0.234
35867,82442,7.04,0.248
35869,82525,7.73,0.471
35871,82665,7.68,1.337
35873,82861,6.33,0.952
35875,83090,6.48,0.391
35877,83139,7.79,1.663
35879,83278,7.97,0.268
35881,83544,7.17,1.061
35883,83572,7.82,0.367
35885,83649,7.87,0.123
35887,83854,5.98,1.011
35889,83917,7.71,0.311
35891,84092,7.51,0.287
35893,84149,7.56,0.053
35895,84526,7.38,1.122
35897,92038,7.14,0.178
35899,92246,6.94,1.693
35901,92370,7.56,0.89
35903,92521,6.87,0.264
35905,92671,7.01,0.171
35907,92814,5.08,0.141
35909,92852,7.97,0.111
35911,92882,5.56,0.445
35913,92900,7.16,0.475
35915,92996,7.09,1.502
35917,93000,7.15,0.185
35919,93319,7.75,0.436
35921,93418,6.31,0.963
35923,93740,7.98,-0.027
35925,93763,5.93,-0.015
35927,93855,6.0,-0.025
35929,93906,7.64,-0.025
35931,94224,7.35,1.482
35933,94248,7.56,1.285
35935,94323,7.04,1.431
35937,94534,7.96,1.009
35939,94635,7.43,1.259
35941,94657,7.78,0.0
35943,94803,7.65,1.396
35945,94823,6.62,0.242
35947,94855,7.81,0.047
35949,94929,6.09,1.42
35951,94940,6.86,2.479
35953,95063,7.69,1.701
35955,95168,3.92,0.228
35957,95172,7.38,0.484
35959,95176,4.52,0.079
35961,95323,7.41,0.019
35963,95343,7.05,0.01
35965,95482,7.79,1.302
35967,95488,7.66,1.256
35969,95557,5.71,0.007
35971,95574,6.7,0.054
35973,95610,7.87,0.255
35975,95755,6.77,-0.026
35977,95842,7.12,0.121
35979,95884,7.7,0.109
35981,95952,7.43,-0.012
35983,95974,6.93,1.282
35985,96109,7.88,0.238
35987,96176,7.66,1.624
35989,96248,7.59,0.548
35991,96255,7.05,2.985
35993,96738,7.59,-0.054
35995,79540,5.24,1.394
35997,79663,7.69,0.616
35999,79667,7.48,0.155
36001,79843,7.24,1.111
36003,79852,7.36,0.351
36005,80060,6.56,0.385
36007,80340,7.58,0.548
36009,80354,7.56,0.435
36011,80687,6.89,0.95
36013,80795,6.9,0.167
36015,80768,7.09,1.563
36017,80974,6.98,0.14
36019,81047,7.63,0.98
36021,81069,7.41,1.973
36023,81098,7.74,1.216
36025,81339,7.7,0.523
36027,81680,6.85,1.779
36029,81812,7.38,0.231
36031,81970,7.99,2.111
36033,82388,7.95,0.627
36035,83045,7.16,1.559
36037,94014,7.35,1.399
36039,94107,7.07,1.31
36041,94222,7.94,0.199
36043,94390,7.61,1.095
36045,94437,5.51,1.442
36047,94454,7.64,0.474
36049,94500,7.02,1.478
36051,94722,7.49,1.739
36053,94757,6.93,0.57
36055,94970,7.7,1.018
36057,95104,7.25,1.334
36059,95179,7.67,0.278
36061,95426,7.23,1.339
36063,95485,5.72,1.372
36065,95722,7.57,0.741
36067,95758,7.53,1.227
36069,95847,6.89,0.471
36071,95969,7.93,1.081
36073,95973,7.07,0.49
36075,96085,7.53,0.922
36077,96265,7.73,0.614
36079,96365,6.27,1.089
36081,96495,7.05,0.065
36083,96506,7.08,1.491
36085,96536,5.46,0.501
36087,96558,6.86,1.016
36089,96657,7.85,1.061
36091,96753,7.17,0.034
36093,79121,7.56,1.183
36095,79375,4.93,0.087
36097,79387,5.43,0.118
36099,79527,7.57,1.741
36101,79529,6.84,1.071
36103,79588,7.28,0.495
36105,79645,7.93,0.529
36107,79672,5.49,0.652
36109,79942,7.82,0.273
36111,80193,7.34,0.313
36113,80248,7.47,1.736
36115,80620,5.24,1.721
36117,80628,4.62,0.185
36119,80719,6.49,0.41
36121,80840,6.46,0.371
36123,80891,7.88,0.14
36125,80831,7.47,0.609
36127,80904,7.32,0.497
36129,80968,7.28,0.496
36131,81027,6.84,0.279
36133,81129,7.94,0.891
36135,81159,7.64,1.687
36137,81318,6.88,0.563
36139,81377,2.54,0.038
36141,81499,6.44,1.806
36143,81572,7.46,0.385
36145,81580,6.33,0.492
36147,81663,6.47,1.147
36149,81882,7.81,1.159
36151,82369,4.64,0.478
36153,94521,6.54,0.977
36155,94708,7.24,1.01
36157,95020,7.41,0.344
36159,95049,6.97,1.439
36161,95138,7.61,1.734
36163,95219,6.66,-0.045
36165,95281,6.31,1.455
36167,95289,6.99,1.022
36169,95402,7.24,1.595
36171,95533,7.87,1.7
36173,95763,7.82,1.514
36175,95944,7.47,0.089
36177,96327,5.12,1.122
36179,96356,6.32,1.124
36181,96479,6.77,1.549
36183,96622,6.61,0.342
36185,96754,7.54,0.57
36187,96813,6.97,0.525
36189,96917,6.31,1.341
36191,97016,7.07,0.405
36193,97022,7.51,0.501
36195,97030,7.89,0.591
36197,97157,6.63,1.683
36199,78897,7.94,0.442
36201,78949,7.43,1.692
36203,79463,6.26,0.133
36205,79503,6.96,0.296
36207,79567,7.4,0.126
36209,79593,2.73,1.584
36211,79768,7.2,0.261
36213,79781,6.18,0.326
36215,79836,7.21,0.511
36217,79882,3.23,0.966
36219,79948,6.88,1.09
36221,80218,7.34,0.718
36223,80954,7.41,0.18
36225,81062,7.24,0.533
36227,81153,7.75,-0.017
36229,81347,7.85,0.783
36231,81440,6.05,0.165
36233,81471,7.47,1.607
36235,81608,6.72,0.548
36237,94908,7.98,0.154
36239,95021,6.76,1.683
36241,95066,4.98,0.937
36243,95068,8.0,1.357
36245,95099,6.89,2.07
36247,95202,7.69,0.475
36249,95236,7.07,0.13
36251,95363,7.44,0.342
36253,95433,7.7,0.233
36255,95453,6.5,0.34
36257,95698,7.38,1.32
36259,95820,6.37,0.87
36261,95962,7.27,0.64
36263,96202,7.73,1.257
36265,96451,7.88,0.238
36267,96483,4.93,-0.046
36269,96551,7.47,0.35
36271,96556,5.45,0.429
36273,96718,7.6,0.248
36275,96783,6.59,1.126
36277,96894,7.97,0.14
36279,97216,7.48,0.549
36281,97655,6.75,0.326
36283,97866,7.42,0.554
36285,78752,7.28,0.985
36287,78792,6.87,0.176
36289,78813,7.61,1.236
36291,78886,7.41,1.002
36293,79195,5.39,1.446
36295,79391,7.84,0.64
36297,79443,7.48,-0.117
36299,79486,7.7,0.551
36301,79522,6.45,0.997
36303,79585,7.97,0.77
36305,79604,7.68,1.07
36307,79627,7.94,1.289
36309,79654,7.73,1.107
36311,79730,7.07,0.521
36313,80227,6.24,0.058
36315,80261,7.46,0.358
36317,80398,7.21,0.43
36319,80956,7.85,1.373
36321,81300,5.77,0.827
36323,81484,6.73,1.274
36325,81558,7.75,1.41
36327,95181,7.94,0.135
36329,95222,5.81,1.093
36331,95316,7.94,0.174
36333,95511,7.81,0.124
36335,95562,7.92,0.22
36337,95622,7.99,0.772
36339,95715,7.63,0.458
36341,95814,7.81,1.347
36343,95886,7.34,0.208
36345,95937,5.03,1.77
36347,95976,7.73,1.877
36349,96007,7.09,-0.14
36351,96392,6.99,0.503
36353,96468,4.36,-0.079
36355,96534,7.31,0.321
36357,96807,5.64,0.123
36359,96834,7.53,0.537
36361,96851,7.22,0.031
36363,97183,7.29,1.252
36365,97207,7.18,1.356
36367,97212,7.88,0.356
36369,97233,7.34,0.996
36371,97244,6.47,0.016
36373,97308,7.38,0.219
36375,97466,7.34,0.122
36377,97687,6.12,1.573
36379,97768,7.38,1.405
36381,97871,5.63,0.231
36383,78742,6.81,0.451
36385,78888,7.41,0.976
36387,79120,5.93,1.471
36389,79187,6.68,1.36
36391,79231,6.61,0.961
36393,79263,7.53,1.124
36395,79595,6.93,0.543
36397,79834,6.5,1.128
36399,80101,7.96,1.212
36401,80149,6.85,1.112
36403,80179,4.82,0.338
36405,80184,7.7,0.097
36407,80187,7.24,1.355
36409,80195,7.32,0.433
36411,80527,6.66,0.091
36413,80558,6.06,0.919
36415,80610,6.35,1.638
36417,80693,5.41,1.461
36419,80695,6.93,0.987
36421,80708,6.46,1.378
36423,80883,3.82,0.022
36425,80907,6.79,1.39
36427,80971,7.29,0.236
36429,81022,7.89,0.68
36431,81115,7.71,0.259
36433,81279,7.25,0.523
36435,81375,7.09,0.828
36437,81556,7.68,1.53
36439,95079,7.52,0.263
36441,95155,7.64,0.787
36443,95221,7.65,0.476
36445,95443,7.99,0.127
36447,95501,3.36,0.319
36449,95585,4.64,0.576
36451,95697,7.24,1.553
36453,95732,5.84,-0.003
36455,95793,5.79,0.088
36457,95812,6.25,1.317
36459,95898,6.08,1.82
36461,95929,6.09,-0.019
36463,95987,6.52,1.452
36465,96351,6.37,0.414
36467,96402,7.55,0.675
36469,96403,7.16,0.299
36471,96567,7.31,0.183
36473,96603,7.22,0.278
36475,96630,6.36,0.001
36477,96828,7.88,0.225
36479,96948,7.64,0.664
36481,97105,7.99,0.625
36483,97384,6.77,0.61
36485,97555,7.65,0.515
36487,97662,7.64,0.137
36489,97762,7.51,0.149
36491,97804,3.87,0.63
36493,97980,5.6,0.098
36495,78901,7.39,0.44
36497,79093,7.65,1.05
36499,79137,5.93,0.988
36501,79488,5.46,1.472
36503,79493,7.75,0.254
36505,79539,7.41,0.168
36507,79563,7.97,0.894
36509,79581,6.3,1.148
36511,79853,7.28,1.03
36513,79975,7.59,0.626
36515,80157,7.64,1.12
36517,80351,5.83,0.018
36519,80542,7.82,1.129
36521,80777,7.72,0.971
36523,80797,6.9,0.428
36525,80837,7.27,0.545
36527,80939,7.5,0.357
36529,81007,5.63,-0.044
36531,81033,7.64,1.147
36533,81354,7.29,0.016
36535,81404,6.48,1.15
36537,94954,7.75,0.527
36539,95017,7.59,0.731
36541,95026,7.93,1.04
36543,95045,7.04,0.144
36545,95121,7.06,1.595
36547,95401,7.77,0.617
36549,95680,6.73,0.368
36551,95767,7.33,0.016
36553,96038,7.45,0.047
36555,96047,6.95,0.485
36557,96150,8.0,1.894
36559,96159,6.61,1.851
36561,96196,6.98,0.006
36563,96204,6.35,1.471
36565,96318,7.6,0.486
36567,96423,6.62,1.084
36569,96665,5.18,-0.001
36571,96962,7.76,-0.03
36573,97044,7.68,0.422
36575,97136,7.55,1.569
36577,97255,7.02,0.612
36579,97342,8.0,1.059
36581,97398,6.7,1.057
36583,97709,6.47,1.345
36585,97877,6.52,0.015
36587,79326,7.75,1.287
36589,79337,6.52,0.268
36591,79608,6.59,1.3
36593,79737,7.47,0.958
36595,79827,7.61,1.172
36597,79841,8.0,0.294
36599,79901,7.78,1.559
36601,80352,7.99,0.637
36603,80372,6.93,1.564
36605,80479,6.73,1.435
36607,80517,7.05,1.06
36609,80546,6.66,1.183
36611,80718,7.7,1.081
36613,80765,7.6,0.93
36615,80791,6.85,1.128
36617,80926,6.97,0.904
36619,80964,6.51,0.429
36621,81073,6.74,0.243
36623,81089,7.73,1.112
36625,81150,6.85,1.106
36627,81341,7.82,0.405
36629,81923,7.99,0.984
36631,81983,7.88,1.59
36633,82073,5.15,1.535
36635,94220,7.09,1.311
36637,94486,7.06,1.228
36639,94588,7.38,-0.004
36641,94612,7.12,1.136
36643,94694,7.7,0.139
36645,94916,6.31,1.065
36647,94987,7.82,0.317
36649,95253,6.34,0.458
36651,95301,7.86,0.74
36653,95325,7.05,1.289
36655,95425,7.96,0.111
36657,95740,7.86,0.678
36659,95757,7.45,0.397
36661,96071,6.8,1.421
36663,96092,7.04,0.2
36665,96166,7.78,0.085
36667,96187,7.61,1.15
36669,96205,7.44,-0.099
36671,96229,4.45,1.176
36673,96241,6.89,-0.018
36675,96469,7.6,0.17
36677,96593,7.78,0.047
36679,96717,7.94,0.31
36681,96745,7.27,0.983
36683,96979,6.89,0.503
36685,97036,7.88,1.399
36687,97101,6.57,1.26
36689,97144,6.43,0.94
36691,97162,7.48,0.65
36693,97229,5.89,0.18
36695,97278,2.72,1.507
36697,97306,8.0,1.444
36699,97414,7.53,1.61
36701,97510,7.7,0.288
36703,97607,6.49,-0.086
36705,97779,7.14,0.647
36707,79634,7.55,0.331
36709,79704,7.26,0.994
36711,80166,7.39,1.33
36713,80260,7.95,0.366
36715,80310,7.76,1.396
36717,80347,7.67,1.196
36719,80463,4.57,0.002
36721,80514,6.11,1.065
36723,80548,6.68,1.61
36725,80713,7.55,0.218
36727,81008,4.84,1.495
36729,81095,6.92,1.127
36731,81362,7.04,-0.174
36733,81425,6.3,0.433
36735,81476,7.66,0.621
36737,81550,7.89,1.033
36739,81659,6.08,0.046
36741,81748,7.95,0.69
36743,81863,7.45,1.484
36745,81884,7.21,1.334
36747,82163,7.91,1.48
36749,82239,7.42,0.957
36751,82241,6.38,0.877
36753,82304,7.35,1.581
36755,82316,6.64,0.94
36757,82350,5.91,0.015
36759,82379,7.73,1.036
36761,82395,7.96,1.63
36763,82798,6.35,0.339
36765,82918,6.77,0.945
36767,82988,7.68,1.352
36769,82989,6.38,0.93
36771,83123,7.35,0.4
36773,93158,7.99,2.1
36775,93461,7.37,0.1
36777,93664,7.92,0.282
36779,93747,2.99,0.014
36781,93773,7.44,1.94
36783,93992,7.53,0.952
36785,94009,7.26,0.01
36787,94027,6.64,-0.031
36789,94064,6.65,1.16
36791,94098,7.26,0.912
36793,94120,7.29,0.503
36795,94452,7.07,0.774
36797,94524,6.77,1.533
36799,94682,7.92,0.066
36801,94834,5.28,0.196
36803,94871,7.49,1.08
36805,94949,7.51,0.527
36807,94982,5.53,0.265
36809,94990,7.84,0.309
36811,94999,7.63,0.538
36813,95002,6.03,0.087
36815,95035,7.93,0.318
36817,95082,7.71,1.208
36819,95107,6.91,1.1
36821,95148,7.99,0.083
36823,95192,7.39,1.391
36825,95250,7.89,0.93
36827,95364,7.42,1.058
36829,95406,7.02,1.427
36831,95447,5.17,0.761
36833,95572,5.76,0.456
36835,95586,6.91,0.439
36837,95620,7.06,0.127
36839,95664,6.31,-0.068
36841,95682,7.39,1.471
36843,95772,7.45,0.623
36845,95790,7.95,0.317
36847,95791,7.45,-0.067
36849,95845,7.83,0.225
36851,95868,7.72,0.331
36853,95926,6.91,0.915
36855,96024,7.31,1.315
36857,96045,7.61,1.661
36859,96282,7.06,0.974
36861,96308,7.91,0.67
36863,96416,6.7,0.082
36865,96420,6.72,1.419
36867,96428,6.37,1.045
36869,96466,7.72,-0.017
36871,96481,5.98,0.881
36873,96539,7.93,0.403
36875,96840,5.98,-0.078
36877,96845,7.27,0.49
36879,96931,6.33,-0.077
36881,96957,5.28,0.575
36883,97108,7.94,0.122
36885,97145,7.22,0.146
36887,80532,7.29,1.114
36889,80543,6.7,0.647
36891,80555,7.39,1.035
36893,80684,7.33,0.986
36895,80814,7.47,0.349
36897,80912,7.54,1.169
36899,80994,7.51,0.251
36901,81230,7.27,0.088
36903,81231,6.42,0.062
36905,81285,7.85,0.394
36907,81337,6.36,-0.055
36909,81384,7.75,1.276
36911,81468,7.89,0.111
36913,81618,7.21,1.334
36915,81707,7.83,1.268
36917,81837,7.41,1.383
36919,82028,5.6,1.637
36921,82253,7.37,0.277
36923,82372,6.98,0.508
36925,82390,7.86,0.137
36927,82463,7.41,1.141
36929,82468,7.24,0.069
36931,82526,6.51,-0.033
36933,82568,6.81,0.529
36935,82615,7.59,0.034
36937,82692,7.2,0.489
36939,82870,6.58,1.236
36941,82892,7.24,0.252
36943,82915,7.67,0.483
36945,82955,7.46,1.604
36947,83034,7.65,1.031
36949,83083,6.89,0.646
36951,83115,7.63,0.092
36953,83170,7.34,0.306
36955,83213,7.85,1.598
36957,83260,7.27,0.11
36959,83308,6.27,0.031
36961,83495,7.87,1.11
36963,83682,7.87,1.005
36965,83855,6.67,0.505
36967,84385,7.12,1.658
36969,84422,7.62,1.17
36971,84498,7.11,-0.04
36973,84833,5.01,1.654
36975,91458,7.94,1.216
36977,91824,7.43,0.069
36979,92015,7.4,0.258
36981,92161,4.34,0.148
36983,92191,6.8,0.121
36985,92710,7.93,-0.029
36987,92825,7.08,0.002
36989,92934,6.64,-0.071
36991,92936,7.66,0.604
36993,92937,5.69,1.092
36995,93044,7.12,0.725
36997,93124,5.33,0.731
36999,93211,7.36,0.185
37001,93244,4.02,1.082
37003,93252,7.06,0.508
37005,93349,7.71,0.391
37007,93377,7.85,0.705
37009,93509,6.88,0.629
37011,93566,7.61,0.612
37013,93586,7.08,1.471
37015,93632,6.94,1.299
37017,93642,7.38,1.1
37019,93645,6.93,0.475
37021,93708,7.0,0.075
37023,93814,7.32,0.387
37025,93966,6.08,0.705
37027,94034,6.65,0.462
37029,94067,6.74,1.1
37031,94260,7.4,0.094
37033,94313,7.62,0.411
37035,94371,7.94,0.76
37037,94373,7.45,0.402
37039,94377,6.73,-0.01
37041,94436,6.7,1.394
37043,94445,7.27,1.525
37045,94450,7.58,1.665
37047,94606,7.42,0.081
37049,94613,7.67,0.086
37051,94624,5.58,1.067
37053,94688,7.16,0.325
37055,94720,5.65,-0.02
37057,94884,7.48,0.234
37059,94894,7.95,0.039
37061,94905,7.01,0.541
37063,95132,7.7,-0.024
37065,95204,7.07,0.04
37067,95287,6.65,0.297
37069,95346,7.62,0.133
37071,95367,7.87,0.14
37073,95398,6.27,0.075
37075,95435,6.84,0.148
37077,95717,6.89,0.315
37079,95822,5.57,1.05
37081,95826,7.64,1.987
37083,95915,7.29,0.109
37085,95919,7.25,0.17
37087,96033,7.55,0.09
37089,96057,7.64,0.052
37091,96254,7.01,-0.031
37093,96294,7.35,1.141
37095,96353,6.55,1.134
37097,96434,7.12,0.531
37099,80855,7.93,0.424
37101,81418,7.72,1.158
37103,81721,7.34,1.462
37105,81799,7.21,0.145
37107,81880,7.19,0.573
37109,82115,7.75,1.155
37111,82219,7.6,0.983
37113,82276,7.59,0.558
37115,82368,7.82,1.139
37117,82505,6.88,1.129
37119,82566,7.51,1.405
37121,82654,7.34,1.07
37123,82764,5.39,0.966
37125,82802,5.35,1.407
37127,82803,7.54,0.584
37129,82947,7.49,1.015
37131,83068,7.7,1.079
37133,83270,7.24,0.329
37135,83384,7.24,0.14
37137,83394,7.11,1.678
37139,83423,7.47,0.954
37141,83493,6.35,1.518
37143,83565,6.19,0.01
37145,84020,7.58,0.393
37147,84137,7.26,1.241
37149,84195,7.95,0.941
37151,84307,7.91,0.485
37153,84275,6.82,0.99
37155,84372,7.22,0.786
37157,84765,7.52,1.355
37159,84768,7.83,1.364
37161,84877,7.04,-0.01
37163,84972,7.03,1.205
37165,85146,7.63,0.083
37167,85385,5.52,-0.119
37169,85730,7.75,1.024
37171,85744,6.77,1.556
37173,85867,7.79,0.444
37175,85942,7.92,1.621
37177,86101,6.52,0.96
37179,86118,6.11,0.184
37181,86215,7.8,0.271
37183,86252,7.68,0.375
37185,86596,6.73,0.52
37187,86722,7.51,0.752
37189,87158,5.69,0.938
37191,87245,7.41,1.584
37193,87251,7.47,1.592
37195,87271,7.43,1.532
37197,87896,7.47,0.306
37199,88076,7.91,0.08
37201,88131,7.42,0.464
37203,88267,4.26,0.406
37205,88331,5.25,-0.1
37207,88391,7.64,1.169
37209,88604,6.18,1.241
37211,88624,7.6,0.297
37213,88632,7.64,0.382
37215,88637,7.07,0.654
37217,88886,4.37,-0.164
37219,88985,7.77,0.446
37221,89058,7.64,-0.046
37223,89298,6.14,1.472
37225,89352,7.35,1.274
37227,89532,7.2,0.058
37229,89644,7.98,1.657
37231,89671,7.7,1.315
37233,89861,4.92,1.594
37235,89862,7.75,-0.014
37237,89941,7.48,0.056
37239,89999,6.83,-0.09
37241,90077,7.15,1.086
37243,90139,3.85,1.168
37245,90176,6.75,0.305
37247,90338,7.68,0.224
37249,90363,7.69,1.169
37251,90479,7.52,0.548
37253,90697,7.57,0.727
37255,90729,6.49,0.795
37257,90751,7.41,1.057
37259,90955,6.83,1.044
37261,91041,6.57,0.125
37263,91043,7.39,0.618
37265,91088,7.21,0.067
37267,91205,7.78,0.117
37269,91339,7.44,1.438
37271,91462,7.66,-0.02
37273,91468,7.67,-0.02
37275,91770,8.0,0.888
37277,91816,7.28,0.012
37279,92032,6.58,1.022
37281,92036,6.53,0.017
37283,92043,4.19,0.483
37285,92089,6.96,0.058
37287,92131,6.18,1.594
37289,92312,5.89,0.022
37291,92321,7.13,0.01
37293,92435,7.93,1.047
37295,92614,5.43,-0.068
37297,92659,8.0,0.21
37299,92785,7.18,1.082
37301,92800,6.85,0.121
37303,92813,7.73,0.1
37305,92992,7.84,1.096
37307,93171,6.74,0.039
37309,93175,6.52,-0.048
37311,93243,7.51,-0.01
37313,93331,8.0,1.021
37315,93374,6.47,1.114
37317,93379,7.34,0.06
37319,93395,7.05,0.074
37321,93404,6.78,0.004
37323,93448,7.8,0.608
37325,93453,6.94,1.017
37327,93523,6.11,1.317
37329,93603,6.61,0.323
37331,93705,6.57,1.43
37333,93715,7.27,1.595
37335,93916,7.4,1.061
37337,93928,7.32,0.197
37339,93957,7.63,0.493
37341,93975,6.22,0.434
37343,93984,7.47,1.086
37345,94382,6.02,0.069
37347,94520,7.66,0.573
37349,94598,6.03,0.895
37351,94620,5.65,0.121
37353,94641,7.21,1.067
37355,94646,6.46,1.743
37357,94703,4.76,-0.058
37359,94751,7.02,0.588
37361,94812,6.89,0.185
37363,94837,7.6,1.412
37365,94910,6.5,-0.006
37367,95116,6.82,0.458
37369,95131,7.42,0.004
37371,95291,7.11,1.144
37373,95293,7.81,0.493
37375,95340,6.4,0.013
37377,95384,7.91,0.007
37379,95432,7.16,0.156
37381,95498,5.14,0.999
37383,95657,6.84,1.009
37385,95721,7.64,0.459
37387,95957,7.47,1.271
37389,82486,7.62,1.046
37391,83007,6.35,1.089
37393,83158,7.78,0.926
37395,83254,5.69,1.332
37397,83347,7.78,1.265
37399,83669,7.2,1.013
37401,83692,5.56,1.299
37403,83714,7.61,1.601
37405,83876,6.84,0.128
37407,83942,7.03,0.539
37409,83951,7.89,0.465
37411,84054,6.2,0.227
37413,84070,6.94,0.392
37415,84237,7.25,1.491
37417,84262,7.67,0.279
37419,84357,7.93,0.337
37421,84379,3.12,0.08
37423,84431,5.99,1.335
37425,84561,7.1,0.1
37427,84599,6.25,1.544
37429,84651,7.79,0.503
37431,84663,6.61,1.071
37433,84821,5.36,0.063
37435,84887,5.13,0.0
37437,84954,7.41,-0.019
37439,85007,6.88,0.526
37441,85157,5.7,0.229
37443,85261,7.95,0.369
37445,85567,8.0,0.669
37447,85655,7.67,0.811
37449,85671,7.57,0.951
37451,85687,7.69,1.593
37453,85891,7.98,1.025
37455,86054,7.29,1.53
37457,86160,7.35,1.169
37459,86206,7.9,0.944
37461,86254,5.76,0.114
37463,86366,7.96,0.341
37465,86436,7.7,0.099
37467,86537,6.37,1.204
37469,86586,7.3,1.071
37471,86599,6.96,-0.113
37473,86667,5.56,1.436
37475,86668,7.56,1.258
37477,86721,7.92,0.73
37479,86731,5.73,0.683
37481,87001,6.97,0.166
37483,87058,7.69,1.263
37485,87194,5.09,1.141
37487,87225,7.88,0.173
37489,87278,7.11,-0.085
37491,87297,6.58,0.125
37493,87321,7.73,1.223
37495,87341,6.14,0.242
37497,87440,7.0,1.29
37499,87477,7.4,1.182
37501,87565,7.94,0.74
37503,87593,7.59,0.33
37505,87777,5.62,1.249
37507,87895,6.32,0.642
37509,88054,7.48,1.64
37511,88261,7.66,1.037
37513,88264,7.02,1.205
37515,88275,7.6,-0.022
37517,88305,7.38,1.16
37519,88346,6.22,-0.092
37521,88528,6.34,0.306
37523,88568,7.36,0.436
37525,88657,4.96,1.656
37527,88686,6.77,1.421
37529,88727,7.62,1.05
37531,88750,7.23,0.156
37533,88842,7.86,0.123
37535,88900,6.72,0.073
37537,88913,7.41,0.633
37539,89139,6.78,1.11
37541,89230,6.98,1.117
37543,89255,6.97,1.686
37545,89484,7.84,0.997
37547,89561,7.32,1.071
37549,89683,6.45,1.698
37551,89706,7.57,1.302
37553,89773,5.3,1.508
37555,89898,6.8,-0.05
37557,89975,6.99,-0.09
37559,90023,5.41,1.633
37561,90143,7.04,1.352
37563,90295,6.8,-0.087
37565,90296,7.23,0.787
37567,90385,7.99,1.0
37569,90483,6.94,0.0
37571,90637,5.87,-0.096
37573,90666,7.91,0.994
37575,90770,7.81,1.551
37577,90808,7.41,0.959
37579,90855,7.84,0.333
37581,90901,7.62,1.007
37583,90906,7.44,0.881
37585,90915,5.88,1.49
37587,90919,7.75,0.397
37589,91139,5.62,1.015
37591,91166,7.63,0.201
37593,91234,6.76,0.068
37595,91283,7.51,0.581
37597,91382,8.0,1.128
37599,91401,7.78,0.356
37601,91539,7.86,1.072
37603,91609,7.63,0.341
37605,91833,7.85,1.367
37607,91834,7.77,1.162
37609,91958,6.3,0.437
37611,91988,7.49,0.979
37613,92127,7.95,0.171
37615,92195,7.96,1.019
37617,92265,7.9,0.022
37619,92270,6.19,0.492
37621,92319,6.55,-0.071
37623,92346,6.74,0.094
37625,92449,6.85,1.703
37627,92701,7.6,0.97
37629,92818,4.57,0.782
37631,92954,7.86,0.295
37633,93121,7.79,0.08
37635,93150,7.24,1.007
37637,93157,7.53,1.683
37639,93270,6.28,1.672
37641,93443,6.44,0.13
37643,93680,7.24,0.091
37645,93859,7.24,0.415
37647,93885,7.43,0.22
37649,94287,7.99,0.055
37651,84340,6.56,1.373
37653,84548,7.51,0.415
37655,84659,7.51,1.26
37657,84926,7.91,0.98
37659,85294,7.47,1.04
37661,85313,6.38,0.124
37663,85361,7.69,0.299
37665,85436,7.69,0.82
37667,85475,8.0,1.086
37669,85572,7.84,0.125
37671,85693,4.41,1.434
37673,85840,6.84,0.206
37675,85996,7.8,0.009
37677,86130,6.4,1.367
37679,86153,6.37,1.586
37681,86382,7.48,0.482
37683,86577,7.75,1.186
37685,86627,6.73,0.183
37687,86681,7.51,0.99
37689,86740,7.4,1.116
37691,86974,3.42,0.75
37693,87449,7.95,0.067
37695,87486,7.3,0.309
37697,87747,5.47,0.341
37699,87970,7.56,1.2
37701,88151,7.37,0.066
37703,88348,7.01,0.799
37705,88474,6.93,0.432
37707,88525,7.19,0.276
37709,88580,7.96,0.089
37711,88600,7.18,0.976
37713,88793,7.11,0.928
37715,88794,3.84,-0.018
37717,88817,5.79,0.127
37719,88818,5.83,0.158
37721,89095,7.13,0.89
37723,89190,7.69,0.209
37725,89313,7.26,1.188
37727,89362,6.84,1.092
37729,89543,7.86,1.638
37731,89912,6.99,0.636
37733,90256,6.27,0.053
37735,90288,7.66,0.984
37737,90310,7.74,0.426
37739,90361,6.89,-0.126
37741,90377,7.09,-0.101
37743,90398,6.5,-0.107
37745,90635,7.94,0.284
37747,91568,6.85,0.019
37749,91977,7.92,0.051
37751,92088,4.83,1.199
37753,92612,7.15,0.483
37755,85237,6.14,0.046
37757,85250,6.79,0.962
37759,85839,6.16,0.36
37761,86551,7.8,0.655
37763,86737,6.92,2.0
37765,86802,7.94,0.748
37767,86976,7.51,-0.024
37769,87085,7.59,-0.001
37771,87102,6.94,0.002
37773,87134,7.78,0.101
37775,87191,7.51,0.111
37777,87240,7.34,0.022
37779,87336,7.82,0.02
37781,87360,7.6,0.007
37783,87460,5.88,-0.111
37785,87472,5.84,1.129
37787,87529,6.55,0.0
37789,87560,6.96,-0.026
37791,87567,6.14,-0.041
37793,87569,5.58,1.098
37795,87616,6.0,-0.06
37797,87624,6.41,0.0
37799,87656,6.88,0.036
37801,87671,6.1,0.055
37803,87698,6.95,0.019
37805,87785,7.96,0.101
37807,87798,6.74,0.035
37809,87844,7.7,-0.024
37811,88691,7.99,0.65
37813,89146,7.11,-0.027
37815,89357,7.91,-0.016
37817,89461,7.44,1.215
37819,89463,6.92,-0.049
37821,89539,7.33,1.614
37823,89708,6.93,-0.058
37825,89852,7.89,-0.05
37827,90185,1.79,-0.031
37829,91334,7.97,-0.063
37831,82022,6.99,1.219
37833,82254,6.82,-0.041
37835,82423,7.91,1.078
37837,82467,7.76,1.147
37839,82596,7.54,0.115
37841,82598,7.02,0.168
37843,82731,6.34,0.214
37845,82792,6.72,0.063
37847,82848,7.67,-0.032
37849,82912,6.97,1.167
37851,83079,7.85,1.107
37853,83325,7.68,0.195
37855,83336,5.03,-0.1
37857,83448,6.97,-0.073
37859,83569,7.35,0.866
37861,83812,7.12,1.022
37863,83896,5.93,0.276
37865,84071,7.06,2.397
37867,84226,5.95,0.071
37869,84292,7.93,0.125
37871,84401,5.6,-0.056
37873,84444,6.54,-0.015
37875,84445,6.2,-0.027
37877,84533,7.27,0.336
37879,84551,5.53,0.514
37881,84576,6.96,0.82
37883,84650,6.36,0.109
37885,84685,7.69,0.288
37887,84713,7.81,1.098
37889,84734,7.01,0.119
37891,84982,7.19,0.073
37893,85100,7.76,0.389
37895,85372,7.63,-0.031
37897,85482,7.73,1.3
37899,85524,7.6,0.373
37901,85531,7.8,0.184
37903,85569,6.99,-0.017
37905,85641,6.68,0.078
37907,85701,7.9,0.894
37909,85786,6.43,1.191
37911,85816,7.95,0.784
37913,85885,7.27,0.127
37915,86011,5.69,0.045
37917,86322,7.81,0.023
37919,86432,7.16,0.009
37921,86468,6.74,-0.009
37923,86508,7.26,-0.015
37925,86527,6.01,1.673
37927,86572,7.51,0.149
37929,86580,7.91,0.002
37931,86624,6.66,1.047
37933,86650,7.85,0.4
37935,86716,6.44,1.813
37937,86744,7.79,0.26
37939,86751,6.65,1.571
37941,86752,7.71,0.006
37943,87116,7.2,0.748
37945,87144,7.36,0.135
37947,87162,7.99,0.529
37949,87220,4.79,-0.028
37951,87223,6.65,0.355
37953,87345,8.0,1.66
37955,87381,6.7,0.026
37957,87395,7.79,1.162
37959,87466,6.97,1.495
37961,87516,6.05,1.241
37963,87555,6.79,1.395
37965,87686,7.81,0.078
37967,87810,6.59,0.422
37969,87853,6.68,0.07
37971,88060,5.0,1.654
37973,88123,7.35,-0.035
37975,88369,7.43,-0.086
37977,88492,7.03,1.454
37979,88635,2.98,0.981
37981,88837,7.69,0.493
37983,88914,7.99,0.012
37985,89010,6.39,1.025
37987,89016,7.66,0.12
37989,89020,5.53,0.979
37991,89035,7.8,1.274
37993,89066,7.15,1.193
37995,89086,6.13,-0.137
37997,89127,7.58,0.513
37999,89189,7.24,-0.071
38001,89330,6.79,-0.043
38003,89454,7.98,0.466
38005,89480,7.47,0.366
38007,89486,6.94,0.013
38009,89637,6.03,-0.096
38011,89660,7.01,-0.068
38013,89880,7.48,0.248
38015,89922,7.05,0.167
38017,89960,6.99,0.023
38019,89984,7.64,1.507
38021,90229,7.1,1.389
38023,90260,5.58,1.138
38025,90300,7.45,0.9
38027,90336,6.3,-0.075
38029,90397,6.75,0.548
38031,90639,7.04,-0.038
38033,90671,7.7,0.01
38035,90763,5.37,0.182
38037,91014,5.28,-0.115
38039,91020,7.13,0.002
38041,91067,7.93,1.068
38043,91137,6.86,0.122
38045,91386,7.29,0.413
38047,91424,6.84,0.401
38049,91466,6.65,0.006
38051,91488,7.86,0.122
38053,91584,7.05,1.35
38055,91612,7.7,1.446
38057,91713,7.78,-0.076
38059,91978,7.72,0.706
38061,92120,7.67,1.014
38063,92280,7.58,-0.046
38065,92329,6.69,1.039
38067,92392,7.7,0.41
38069,92485,7.99,0.087
38071,92649,6.64,-0.028
38073,92723,6.8,1.591
38075,92972,6.45,1.223
38077,93114,7.33,0.543
38079,93126,7.37,1.087
38081,93134,6.09,1.347
38083,93289,7.95,0.475
38085,93667,5.49,0.026
38087,94020,7.75,0.787
38089,94184,6.52,0.464
38091,94575,7.79,0.991
38093,94705,7.25,0.19
38095,80387,7.47,0.171
38097,80763,1.06,1.865
38099,80819,6.89,0.078
38101,80846,7.79,1.663
38103,80910,6.07,1.085
38105,81266,2.82,-0.206
38107,81542,7.14,0.26
38109,81616,6.89,1.591
38111,81621,7.91,1.141
38113,81731,6.52,1.119
38115,81767,7.84,0.683
38117,81821,7.91,1.767
38119,81910,6.72,0.674
38121,81939,6.58,0.097
38123,81981,7.94,0.415
38125,81992,5.99,0.103
38127,82069,7.02,0.037
38129,82228,7.73,0.784
38131,82397,7.5,0.108
38133,82458,7.87,1.3
38135,82512,7.54,0.37
38137,82754,7.93,1.096
38139,82821,7.75,1.234
38141,83055,7.44,1.568
38143,83258,7.39,1.466
38145,83261,7.53,1.126
38147,83422,7.39,1.324
38149,83505,7.73,0.057
38151,83511,7.74,0.538
38153,83541,6.59,0.814
38155,83659,7.55,0.001
38157,83674,7.48,0.849
38159,83740,6.26,-0.038
38161,83871,7.82,1.082
38163,84103,7.63,0.775
38165,84144,6.75,0.998
38167,84175,6.12,-0.048
38169,84297,6.68,0.578
38171,84314,6.64,0.427
38173,84588,7.89,0.523
38175,84846,6.97,0.058
38177,84903,7.38,1.084
38179,85084,5.3,1.549
38181,85132,7.59,0.92
38183,85171,7.63,0.05
38185,85278,6.82,0.194
38187,85320,7.78,0.869
38189,85423,4.28,0.402
38191,85442,5.98,0.01
38193,85507,7.34,1.851
38195,85881,7.22,0.313
38197,86404,6.72,0.936
38199,86487,7.22,0.178
38201,88567,4.66,0.774
38203,88738,7.79,0.022
38205,88907,6.97,1.127
38207,89116,7.61,1.055
38209,89178,6.51,-0.016
38211,89392,7.94,-0.02
38213,89429,6.81,1.681
38215,89931,2.72,1.38
38217,90485,5.9,0.517
38219,90596,6.88,0.463
38221,90715,7.76,0.214
38223,90874,7.02,0.848
38225,91149,6.91,1.169
38227,91172,6.36,1.272
38229,91273,6.78,0.954
38231,91460,7.86,0.098
38233,91965,7.59,1.687
38235,92041,3.17,-0.107
38237,92086,6.61,0.944
38239,92142,6.83,1.523
38241,92215,7.42,0.079
38243,92385,7.66,0.232
38245,92463,7.22,0.185
38247,92535,7.21,1.214
38249,92635,6.28,0.941
38251,92643,6.12,1.344
38253,92808,7.8,0.076
38255,92855,2.05,-0.134
38257,92870,6.74,0.979
38259,92940,7.28,0.198
38261,93277,7.9,0.21
38263,93506,2.6,0.062
38265,93769,7.09,-0.006
38267,93736,7.37,1.549
38269,93812,7.39,0.019
38271,93864,3.32,1.169
38273,93925,6.05,1.579
38275,93982,7.16,0.991
38277,94059,7.98,0.99
38279,94136,6.85,1.068
38281,94272,6.28,-0.031
38283,94491,7.09,0.4
38285,94548,6.88,1.62
38287,94558,7.4,0.304
38289,94752,7.74,1.261
38291,95164,7.1,0.568
38293,95203,7.09,0.573
38295,95177,7.29,1.44
38297,95408,6.03,-0.117
38299,95456,5.91,1.278
38301,95604,7.75,0.089
38303,95865,5.46,1.12
38305,96139,7.65,0.35
38307,79244,7.05,0.145
38309,79250,7.78,0.227
38311,79530,6.4,0.043
38313,79557,7.89,1.146
38315,79621,7.38,0.075
38317,79684,7.74,0.767
38319,79739,7.92,0.197
38321,79740,6.7,0.147
38323,79897,7.51,0.135
38325,80079,4.55,0.758
38327,80112,2.9,0.299
38329,80126,7.04,0.137
38331,80238,7.54,0.271
38333,80461,6.75,0.266
38335,80462,7.88,0.759
38337,80473,4.57,0.227
38339,80474,7.27,0.32
38341,80587,7.69,0.552
38343,80673,6.97,0.189
38345,80685,7.51,0.408
38347,80736,7.57,0.725
38349,80799,7.82,0.169
38351,80804,7.34,0.236
38353,80815,4.79,-0.116
38355,81464,7.53,0.44
38357,81728,6.07,0.214
38359,81893,7.57,0.11
38361,81941,7.57,0.127
38363,82007,6.98,0.446
38365,82140,6.72,1.177
38367,82217,7.92,0.401
38369,82245,7.08,1.695
38371,82474,7.68,0.498
38373,82538,6.91,0.058
38375,82708,7.21,0.538
38377,82770,7.97,0.543
38379,82839,7.59,0.036
38381,83176,5.88,1.607
38383,83508,6.66,-0.083
38385,93498,5.63,1.232
38387,93691,7.08,0.086
38389,93901,7.81,0.105
38391,93963,7.44,1.056
38393,93993,6.3,0.011
38395,94045,6.86,0.001
38397,94238,7.38,1.039
38399,94397,7.57,0.048
38401,94434,5.79,1.387
38403,94643,4.86,0.569
38405,94645,6.25,0.548
38407,94690,7.55,0.232
38409,94699,7.14,1.143
38411,94951,7.78,0.937
38413,95077,5.59,0.276
38415,95083,6.82,0.969
38417,95124,7.55,1.022
38419,95457,7.58,0.528
38421,95477,5.02,0.235
38423,95486,7.27,-0.002
38425,95503,5.45,1.442
38427,95516,6.79,1.296
38429,95623,7.8,0.131
38431,95645,7.95,1.018
38433,95967,7.6,1.118
38435,96012,7.28,1.249
38437,96107,7.67,0.415
38439,96274,6.51,1.677
38441,96406,5.64,0.185
38443,96465,4.59,-0.075
38445,96729,6.33,0.034
38447,96741,7.39,0.16
38449,96760,5.97,1.038
38451,96938,6.7,0.196
38453,96967,7.68,0.392
38455,97138,7.47,0.445
38457,97143,7.35,1.528
38459,97602,7.83,-0.026
38461,78628,7.31,0.264
38463,78702,7.79,0.122
38465,78785,6.74,0.465
38467,78820,2.56,-0.065
38469,78821,4.9,-0.024
38471,78843,7.39,1.043
38473,78847,7.79,0.173
38475,78933,3.93,-0.046
38477,78937,7.84,0.358
38479,78990,4.31,0.831
38481,79020,7.99,0.875
38483,79048,7.02,0.562
38485,79124,7.76,0.249
38487,79203,6.43,0.447
38489,79374,4.0,0.076
38491,79377,7.41,0.616
38493,79410,7.64,0.149
38495,79439,7.58,0.145
38497,79524,6.68,0.617
38499,79599,6.41,0.002
38501,79605,6.32,1.085
38503,79785,6.61,0.01
38505,79788,6.4,1.27
38507,79945,6.29,1.066
38509,79984,7.06,0.255
38511,80024,7.36,0.156
38513,80061,7.81,1.253
38515,80063,7.55,0.478
38517,80085,6.8,1.704
38519,80343,4.48,0.996
38521,80569,4.22,0.217
38523,80784,7.93,0.664
38525,80975,4.45,0.13
38527,95564,5.57,1.228
38529,95577,7.01,1.522
38531,95711,7.84,1.176
38533,95965,6.11,0.121
38535,96021,7.28,1.472
38537,96044,7.19,1.583
38539,96096,7.19,0.243
38541,96370,6.74,0.557
38543,96440,6.13,0.273
38545,96488,7.68,1.024
38547,96496,5.66,1.237
38549,96726,7.83,0.458
38551,96763,7.71,1.72
38553,96778,7.85,-0.027
38555,97290,4.87,1.061
38557,97301,7.55,0.395
38559,97358,7.6,0.689
38561,97417,6.66,0.89
38563,97727,7.66,1.827
38565,97783,5.88,0.979
38567,98045,6.87,0.375
38569,98489,7.74,1.378
38571,98634,7.79,0.445
38573,98707,7.63,0.601
38575,98732,7.88,0.451
38577,77686,7.95,0.601
38579,77809,7.78,0.581
38581,77853,4.13,1.003
38583,78010,7.78,0.526
38585,78078,6.11,0.243
38587,78120,6.53,1.769
38589,78193,7.81,0.521
38591,78400,5.47,0.517
38593,78956,7.88,0.205
38595,78968,7.77,0.189
38597,79169,7.89,0.64
38599,79475,7.32,1.688
38601,79687,7.88,0.74
38603,79692,6.09,0.098
38605,79696,7.82,1.476
38607,79813,7.54,0.367
38609,79895,7.36,0.415
38611,79938,5.97,1.475
38613,80240,6.87,0.373
38615,96666,7.45,0.446
38617,96667,7.32,0.324
38619,96736,6.73,-0.05
38621,96808,5.3,1.109
38623,96950,5.06,0.319
38625,97063,5.49,0.46
38627,97134,7.91,0.215
38629,97351,6.87,1.753
38631,97393,7.22,0.455
38633,97419,7.74,0.517
38635,97736,6.88,0.281
38637,97802,7.7,1.595
38639,97849,6.47,0.149
38641,98125,7.62,1.098
38643,98258,5.01,0.055
38645,98286,7.65,0.361
38647,98488,7.2,0.443
38649,98570,7.99,0.355
38651,98589,7.34,0.654
38653,98623,7.93,0.197
38655,98676,7.91,1.424
38657,98724,7.55,1.26
38659,98760,7.24,0.495
38661,98947,7.57,1.726
38663,99216,6.52,1.169
38665,77337,7.95,1.145
38667,77433,6.94,1.353
38669,77689,6.2,1.01
38671,77708,7.48,0.631
38673,77878,7.01,1.241
38675,78122,7.68,1.086
38677,78059,6.32,0.485
38679,78096,7.73,1.317
38681,78207,4.95,-0.08
38683,78228,7.12,1.653
38685,78600,7.81,0.353
38687,78736,7.54,1.82
38689,78738,7.44,0.75
38691,78955,6.32,0.66
38693,78981,7.74,0.549
38695,79005,5.75,0.018
38697,79059,7.51,0.586
38699,79160,7.53,0.117
38701,79200,7.47,1.128
38703,79303,7.8,1.158
38705,97182,7.38,1.22
38707,97423,6.11,0.193
38709,97468,7.71,1.171
38711,97484,6.47,1.676
38713,97499,6.0,1.233
38715,97561,7.26,0.455
38717,97618,7.38,0.017
38719,97726,7.24,1.185
38721,97737,7.19,0.424
38723,97739,6.84,1.556
38725,97776,6.67,1.15
38727,97794,7.8,0.918
38729,97801,7.37,1.476
38731,98398,7.62,0.391
38733,98532,7.72,0.571
38735,98544,7.09,1.438
38737,98633,5.69,0.079
38739,98910,6.38,0.543
38741,98953,6.53,0.05
38743,99066,7.64,1.317
38745,99077,7.7,0.362
38747,99228,7.48,1.144
38749,99529,6.34,1.209
38751,99572,5.84,0.476
38753,99597,7.84,1.344
38755,99790,7.4,1.257
38757,76909,7.84,1.688
38759,77019,7.77,0.498
38761,77033,7.67,0.389
38763,77329,7.62,1.094
38765,77342,7.99,1.635
38767,77372,7.0,0.468
38769,77699,7.75,1.286
38771,78003,6.94,1.085
38773,78333,6.64,0.093
38775,78436,5.53,0.043
38777,78615,7.12,0.427
38779,78715,7.4,1.274
38781,78874,7.89,1.202
38783,79071,6.69,0.507
38785,79122,7.25,0.349
38787,97568,7.56,0.355
38789,97592,6.75,0.9
38791,97650,5.38,0.402
38793,97766,7.26,0.403
38795,97928,5.76,1.664
38797,97966,5.7,-0.079
38799,97967,6.49,-0.04
38801,98029,7.41,1.575
38803,98187,7.84,0.187
38805,98218,7.64,0.059
38807,98246,7.56,1.304
38809,98387,7.86,1.093
38811,98416,5.87,0.598
38813,98564,7.75,0.235
38815,98573,7.66,0.342
38817,98716,7.65,0.486
38819,98804,7.58,0.145
38821,98809,6.68,0.347
38823,99085,7.76,0.353
38825,99094,7.76,0.368
38827,99218,7.05,1.096
38829,99221,6.18,0.031
38831,99457,6.39,-0.135
38833,99543,7.82,0.184
38835,99558,7.32,0.435
38837,99611,7.64,1.003
38839,99714,7.35,0.1
38841,99849,6.85,0.218
38843,99897,7.8,-0.009
38845,100054,7.28,1.075
38847,76865,7.3,1.004
38849,77174,7.26,1.065
38851,77287,6.24,1.169
38853,77464,5.53,0.12
38855,77542,7.11,0.095
38857,78121,7.95,0.32
38859,78124,7.19,0.171
38861,78125,7.99,0.476
38863,78247,7.76,1.095
38865,78341,7.4,1.107
38867,78349,7.87,1.457
38869,78380,8.0,0.544
38871,78513,6.87,0.395
38873,78577,7.61,0.466
38875,78624,6.97,1.348
38877,78822,7.86,0.453
38879,78849,6.35,0.413
38881,78870,6.39,1.034
38883,98038,6.49,0.391
38885,98210,6.56,1.017
38887,98259,7.65,0.268
38889,98513,7.54,1.68
38891,98643,6.7,0.162
38893,98916,7.61,0.506
38895,99024,6.47,1.156
38897,99050,7.12,0.153
38899,99179,7.05,-0.043
38901,99242,7.95,0.347
38903,99396,7.94,0.828
38905,99450,6.87,0.031
38907,99588,6.92,0.058
38909,99753,7.43,0.394
38911,99838,7.05,0.181
38913,100072,7.27,0.567
38915,100082,7.95,0.348
38917,100153,7.46,1.133
38919,100283,6.63,1.552
38921,76504,7.78,1.276
38923,76635,7.5,0.548
38925,76681,8.0,1.049
38927,76921,7.99,1.015
38929,77227,5.39,-0.035
38931,77335,6.94,0.512
38933,77458,6.81,1.592
38935,77516,3.54,-0.036
38937,77660,5.09,0.135
38939,77749,7.85,0.67
38941,77752,7.97,0.165
38943,77816,7.4,0.471
38945,78024,6.77,0.61
38947,78114,7.53,1.526
38949,78545,7.27,0.3
38951,78580,7.45,1.018
38953,98171,7.76,1.515
38955,98301,7.08,0.488
38957,98313,6.79,1.925
38959,98406,6.71,0.066
38961,98600,7.22,0.172
38963,98844,5.67,1.301
38965,99171,5.97,1.023
38967,99298,7.85,1.564
38969,99470,7.94,0.26
38971,99473,3.24,-0.066
38973,99476,7.1,0.449
38975,99604,6.91,0.241
38977,99624,6.47,1.532
38979,99631,5.44,1.43
38981,99711,7.79,0.938
38983,99815,7.98,0.449
38985,99816,6.93,0.369
38987,99869,7.81,0.264
38989,99925,7.22,1.427
38991,99956,6.93,0.526
38993,100012,7.69,0.861
38995,100232,6.05,1.093
38997,100237,7.48,0.125
38999,100246,7.87,0.051
39001,100247,7.38,1.329
39003,76634,7.36,1.484
39005,76724,7.82,1.071
39007,76892,7.23,0.24
39009,77034,7.16,1.043
39011,77052,5.86,0.684
39013,77094,7.26,0.415
39015,77186,6.32,1.195
39017,77354,6.53,1.163
39019,77387,7.69,0.965
39021,77408,7.44,0.801
39023,77532,7.15,0.329
39025,77578,5.21,1.019
39027,77887,7.69,1.283
39029,77897,7.63,1.529
39031,78134,7.3,0.264
39033,78377,7.2,1.638
39035,98191,6.97,0.069
39037,98336,6.75,1.217
39039,98385,6.17,1.129
39041,98474,6.7,1.281
39043,98476,7.43,1.093
39045,98698,7.46,1.128
39047,98878,7.69,0.705
39049,98922,6.77,0.479
39051,98945,6.93,0.049
39053,99149,7.16,0.275
39055,99495,7.83,1.122
39057,99552,7.93,1.286
39059,99585,6.25,0.042
39061,99798,7.0,0.953
39063,99856,6.82,0.452
39065,100121,6.92,0.195
39067,100159,7.35,0.287
39069,100228,7.93,0.858
39071,100265,8.0,0.469
39073,100399,7.5,0.098
39075,76959,7.09,1.164
39077,76963,7.41,0.602
39079,77070,2.63,1.167
39081,77163,5.57,0.035
39083,77237,7.31,1.428
39085,77384,7.19,1.17
39087,77570,7.11,0.148
39089,77622,3.71,0.147
39091,77893,6.87,1.041
39093,77912,7.57,1.1
39095,78011,7.81,1.592
39097,78088,7.38,1.111
39099,78232,7.09,1.005
39101,78442,5.82,1.003
39103,78685,6.07,0.96
39105,78717,7.88,1.289
39107,78728,7.14,1.241
39109,97970,6.14,0.043
39111,98036,3.71,0.855
39113,98565,7.46,0.438
39115,98615,7.67,1.212
39117,98719,7.84,0.113
39119,98730,6.56,1.54
39121,98984,8.0,1.4
39123,98998,6.96,0.099
39125,99392,7.88,0.435
39127,99456,7.49,1.616
39129,99488,7.41,1.478
39131,99650,7.67,0.118
39133,99729,7.71,0.704
39135,99894,6.44,0.867
39137,99983,7.37,1.573
39139,100092,7.34,1.205
39141,76906,7.33,0.582
39143,76910,7.69,0.417
39145,77175,7.84,1.075
39147,77257,4.42,0.604
39149,77283,7.04,0.202
39151,77490,7.83,0.379
39153,77910,6.28,0.171
39155,77917,7.96,0.579
39157,77966,6.9,1.052
39159,78044,7.66,1.446
39161,78055,7.26,1.126
39163,78693,7.86,0.344
39165,78718,7.68,1.283
39167,78763,7.78,0.243
39169,78840,6.27,0.084
39171,78858,6.93,0.042
39173,79007,5.63,0.2
39175,79047,6.74,0.169
39177,79072,5.69,1.575
39179,79086,6.47,1.418
39181,79270,7.53,0.43
39183,97454,6.44,0.932
39185,97649,0.76,0.221
39187,97675,5.12,0.563
39189,97697,6.25,0.102
39191,97745,7.37,0.177
39193,97787,6.52,-0.027
39195,97859,7.63,1.185
39197,97938,4.71,1.023
39199,97942,7.98,1.382
39201,97964,7.27,1.201
39203,98079,6.81,0.903
39205,98124,7.48,-0.058
39207,98158,7.28,1.655
39209,98201,7.93,1.016
39211,98292,7.79,0.347
39213,98314,6.77,0.902
39215,98442,7.24,0.506
39217,98455,7.72,-0.088
39219,98515,7.53,0.149
39221,98526,5.9,1.529
39223,98578,6.97,0.44
39225,98641,7.0,-0.093
39227,98823,5.51,1.063
39229,98862,7.78,-0.011
39231,99010,7.4,1.576
39233,99054,7.57,0.163
39235,99055,7.12,0.114
39237,99158,6.43,0.463
39239,99223,7.44,0.95
39241,99234,6.34,-0.136
39243,99295,7.57,-0.088
39245,99367,6.57,0.524
39247,99477,7.01,1.65
39249,99533,7.18,1.556
39251,99796,7.03,-0.001
39253,99843,7.32,0.463
39255,99860,7.29,0.4
39257,99985,6.51,0.31
39259,77098,7.53,0.611
39261,77103,7.47,1.093
39263,77314,7.68,0.218
39265,77412,5.98,1.272
39267,77455,6.79,0.024
39269,77506,6.69,0.981
39271,77536,7.54,0.584
39273,77616,7.88,1.472
39275,77682,7.52,1.245
39277,77801,6.07,0.598
39279,77804,7.36,1.03
39281,77922,7.69,0.22
39283,78097,6.94,0.407
39285,78132,5.54,1.141
39287,78446,7.05,0.528
39289,78525,7.51,0.21
39291,78621,7.95,0.397
39293,78672,7.13,1.297
39295,78873,8.0,1.026
39297,78875,6.8,0.995
39299,78993,7.32,0.344
39301,79028,7.29,0.948
39303,79139,7.67,0.417
39305,79165,7.45,0.604
39307,79166,7.04,0.387
39309,79465,7.01,0.23
39311,79492,6.68,0.764
39313,97139,6.25,-0.041
39315,97141,6.84,1.659
39317,97355,7.95,1.062
39319,97431,6.95,0.445
39321,97451,7.75,0.022
39323,97473,5.75,0.546
39325,97489,6.53,0.912
39327,97767,6.16,0.642
39329,97898,7.86,1.275
39331,98026,7.77,-0.141
39333,98103,5.28,0.014
39335,98252,7.53,0.187
39337,98342,7.4,0.266
39339,98377,6.52,1.078
39341,98468,7.49,0.397
39343,98517,7.22,-0.037
39345,98657,6.66,1.257
39347,98690,6.73,1.505
39349,98705,6.92,0.14
39351,98826,7.86,-0.07
39353,98911,7.19,1.089
39355,99048,7.34,1.42
39357,99093,7.14,1.694
39359,99111,7.12,0.363
39361,99250,7.18,-0.049
39363,99265,7.94,-0.077
39365,99623,6.51,1.192
39367,77718,7.31,0.611
39369,77783,7.46,1.036
39371,77835,6.21,0.413
39373,78072,3.85,0.478
39375,78135,7.99,0.785
39377,78262,7.73,1.47
39379,78409,7.92,0.366
39381,78481,5.1,0.992
39383,78570,7.54,0.182
39385,78690,6.75,1.204
39387,78936,7.85,0.407
39389,79022,7.76,1.271
39391,79043,5.0,0.931
39393,79045,6.25,1.14
39395,79102,6.13,-0.003
39397,79114,7.58,1.281
39399,79130,7.91,0.149
39401,79332,6.09,0.02
39403,79338,7.71,1.308
39405,79543,7.74,1.585
39407,80465,7.98,0.619
39409,96280,7.31,0.873
39411,96377,7.8,0.362
39413,96516,5.67,1.007
39415,96588,6.93,0.005
39417,96608,7.45,0.145
39419,96688,6.37,1.918
39421,96757,4.39,0.777
39423,96765,7.33,1.325
39425,96784,7.42,0.036
39427,96837,4.39,1.041
39429,96984,7.79,0.052
39431,97149,7.95,0.071
39433,97392,7.59,0.038
39435,97469,7.64,0.446
39437,97493,7.56,0.06
39439,97524,7.8,0.423
39441,97525,7.94,1.063
39443,97560,7.7,0.86
39445,97599,6.81,1.137
39447,97616,7.95,0.3
39449,97626,7.58,0.05
39451,97670,7.27,-0.058
39453,97780,7.77,0.278
39455,97904,7.7,0.789
39457,97922,7.02,0.584
39459,97982,7.95,0.004
39461,98083,7.08,1.492
39463,98085,5.71,0.903
39465,98230,7.82,-0.018
39467,98234,5.54,-0.048
39469,98291,6.86,-0.021
39471,98438,5.33,1.576
39473,98443,6.98,1.523
39475,98547,7.15,0.103
39477,98548,7.48,1.239
39479,98549,7.91,1.386
39481,98617,7.54,0.269
39483,98677,7.15,0.714
39485,98695,6.67,0.986
39487,98754,5.73,-0.095
39489,98788,6.83,0.874
39491,98801,6.91,0.114
39493,98819,5.8,0.6
39495,98835,6.87,0.512
39497,98879,7.33,0.544
39499,98912,7.93,0.184
39501,98954,6.37,1.615
39503,99074,7.88,1.021
39505,99101,7.88,1.682
39507,99117,7.57,-0.007
39509,99131,7.17,1.037
39511,99210,7.9,0.708
39513,99398,7.74,1.58
39515,78283,7.79,0.517
39517,78839,7.23,0.593
39519,78985,6.15,1.365
39521,79453,7.08,1.494
39523,79472,6.69,0.182
39525,79618,7.46,0.996
39527,79666,5.72,1.126
39529,79720,7.8,0.522
39531,79783,7.44,1.542
39533,79994,7.49,1.262
39535,80021,6.04,0.938
39537,80164,7.09,1.234
39539,80170,3.74,0.299
39541,80226,7.94,1.269
39543,80257,7.39,0.197
39545,80334,7.84,0.774
39547,80444,7.0,1.623
39549,80602,7.99,0.491
39551,80703,7.25,0.918
39553,80725,6.98,0.848
39555,80816,2.78,0.947
39557,80843,5.24,1.274
39559,81515,7.95,0.61
39561,81555,6.76,1.292
39563,81662,7.67,0.591
39565,95095,7.84,1.35
39567,95309,7.91,0.578
39569,95487,6.31,-0.014
39571,95560,5.6,-0.006
39573,95582,5.84,1.558
39575,95584,6.64,0.012
39577,95608,7.43,0.05
39579,95612,7.36,0.028
39581,95624,7.14,0.158
39583,95700,6.88,-0.033
39585,95768,7.74,0.956
39587,95818,6.34,-0.097
39589,96075,7.0,-0.016
39591,96153,7.79,0.095
39593,96171,7.31,0.292
39595,96183,6.89,0.745
39597,96275,5.0,-0.093
39599,96329,6.82,1.652
39601,96458,7.01,1.197
39603,96499,6.92,0.202
39605,96524,6.67,1.513
39607,96571,7.14,0.255
39609,96601,6.5,1.037
39611,96671,7.5,0.152
39613,96700,7.68,1.333
39615,96789,6.52,0.323
39617,96791,7.65,0.158
39619,96936,6.92,0.069
39621,97135,6.78,1.676
39623,97148,7.72,0.531
39625,97359,7.07,1.614
39627,97365,3.68,1.313
39629,97429,7.96,0.135
39631,97450,7.59,0.363
39633,97476,7.09,0.856
39635,97478,7.39,0.111
39637,97496,5.01,0.095
39639,97516,7.91,0.759
39641,97647,6.71,0.156
39643,97659,7.18,0.214
39645,97753,7.82,0.126
39647,97796,6.24,-0.031
39649,97818,7.68,-0.041
39651,97876,7.16,0.136
39653,97879,7.32,0.31
39655,97918,7.97,0.628
39657,98120,7.61,0.026
39659,98169,6.62,0.075
39661,98207,7.94,1.286
39663,98280,8.0,0.188
39665,98337,3.51,1.571
39667,98428,7.66,-0.06
39669,98718,6.84,0.616
39671,98738,5.99,1.42
39673,79349,5.74,1.519
39675,79724,6.57,0.986
39677,79846,7.2,1.468
39679,79889,6.7,0.882
39681,80111,6.91,1.26
39683,80117,7.92,0.551
39685,80406,7.59,0.212
39687,80435,7.76,1.6
39689,80523,7.88,1.664
39691,80734,7.5,0.964
39693,80898,5.76,1.605
39695,80917,7.97,1.009
39697,80985,7.76,0.134
39699,81043,7.66,1.23
39701,81119,7.8,1.512
39703,81357,6.87,1.007
39705,81411,7.15,1.428
39707,81524,7.83,0.435
39709,81543,7.53,0.81
39711,81575,7.54,0.379
39713,81670,6.07,1.316
39715,81697,7.19,0.991
39717,81834,7.59,1.165
39719,81933,6.87,0.563
39721,81996,7.32,0.987
39723,82504,5.03,1.246
39725,82506,7.1,0.354
39727,82780,6.06,0.921
39729,82987,6.27,0.909
39731,83367,5.76,1.018
39733,92896,7.92,0.055
39735,93419,6.74,1.461
39737,93553,6.97,-0.028
39739,93726,7.58,0.108
39741,93746,7.18,1.093
39743,93845,5.78,0.104
39745,93974,6.59,-0.024
39747,93995,7.47,0.522
39749,94030,6.7,1.969
39751,94204,7.85,0.305
39753,94258,7.02,0.097
39755,94485,6.98,0.027
39757,94526,7.19,-0.022
39759,94695,7.93,1.027
39761,94787,7.91,0.12
39763,94810,7.59,0.059
39765,94822,6.82,0.07
39767,94827,5.46,0.02
39769,94861,7.21,1.085
39771,94947,7.62,0.036
39773,94969,6.95,1.531
39775,95109,6.56,-0.063
39777,95147,7.43,-0.032
39779,95163,7.3,0.073
39781,95197,7.43,-0.01
39783,95213,7.81,-0.05
39785,95247,7.94,1.464
39787,95312,7.62,0.465
39789,95428,7.81,0.718
39791,95492,6.19,0.528
39793,95536,7.95,0.16
39795,95665,7.97,1.71
39797,95744,7.14,1.521
39799,95771,4.44,1.502
39801,95785,5.82,1.023
39803,95867,7.35,1.806
39805,95935,7.35,1.208
39807,96081,6.87,0.456
39809,96184,7.81,0.654
39811,96225,7.38,1.315
39813,96245,7.07,1.78
39815,96317,7.93,0.205
39817,96330,7.41,0.08
39819,96373,7.86,0.06
39821,96386,7.61,-0.016
39823,96417,6.33,-0.059
39825,96550,7.76,0.14
39827,96563,7.57,0.901
39829,96568,7.8,0.13
39831,96617,7.29,0.009
39833,96623,7.45,1.052
39835,96691,7.39,0.42
39837,96733,7.14,1.364
39839,96767,7.5,0.988
39841,96786,7.09,0.222
39843,96801,6.64,-0.009
39845,96820,7.92,0.548
39847,96856,6.43,1.481
39849,96985,6.54,1.057
39851,97023,6.87,0.567
39853,97050,6.82,-0.085
39855,97209,7.03,0.907
39857,97246,7.87,0.779
39859,97289,7.85,0.069
39861,97434,7.02,2.025
39863,97641,7.33,0.818
39865,97679,4.9,-0.153
39867,97719,7.9,0.685
39869,80641,6.88,0.1
39871,80960,7.73,0.979
39873,80993,7.72,1.525
39875,81349,7.92,0.463
39877,81426,6.96,1.667
39879,81408,7.66,0.94
39881,81459,7.5,0.73
39883,81560,7.26,0.188
39885,81644,7.69,1.21
39887,81722,7.77,1.086
39889,81729,5.92,0.402
39891,81855,7.9,1.6
39893,82000,7.14,0.541
39895,82185,7.96,0.675
39897,82263,7.85,1.136
39899,82324,6.59,1.211
39901,82359,7.82,0.457
39903,82385,7.28,0.953
39905,82422,5.73,1.626
39907,82469,7.72,0.583
39909,82485,7.09,0.891
39911,82510,6.62,0.479
39913,82686,7.99,0.97
39915,82765,7.32,0.325
39917,82779,7.55,0.314
39919,83096,8.0,1.587
39921,83152,7.84,0.077
39923,83172,7.2,1.55
39925,83274,6.57,0.427
39927,83383,7.73,0.246
39929,83420,7.72,1.245
39931,83568,7.24,1.105
39933,83640,7.36,0.177
39935,83815,7.99,0.395
39937,83830,7.69,0.38
39939,83832,7.93,1.112
39941,83862,7.07,0.42
39943,83975,6.95,1.147
39945,84016,7.83,1.53
39947,84455,6.57,1.187
39949,84596,6.88,1.663
39951,84621,7.47,0.258
39953,84691,5.68,0.981
39955,84743,7.05,0.035
39957,84744,6.8,1.657
39959,84934,6.37,0.724
39961,85039,7.57,0.426
39963,85327,7.55,0.287
39965,85651,7.95,1.323
39967,85732,8.0,1.215
39969,85790,5.66,-0.001
39971,85978,7.71,1.547
39973,86471,7.7,1.001
39975,86579,7.81,0.946
39977,86679,6.64,0.297
39979,86709,7.13,1.477
39981,87052,7.57,-0.009
39983,87308,5.51,1.071
39985,87352,6.78,0.087
39987,87524,7.93,0.225
39989,87933,3.7,0.935
39991,88194,7.07,0.635
39993,88562,7.03,1.05
39995,88821,7.21,1.35
39997,88848,7.7,0.728
39999,88945,6.84,0.633
40001,89052,7.89,0.93
40003,89126,7.38,1.008
40005,89130,7.63,0.185
40007,89408,6.51,0.579
40009,89827,6.01,1.319
40011,89878,6.61,-0.096
40013,89925,5.61,0.231
40015,89935,5.12,0.212
40017,90091,7.84,0.044
40019,90342,5.81,0.068
40021,90594,7.21,0.95
40023,90764,7.64,-0.048
40025,91026,7.52,0.106
40027,91042,6.64,1.025
40029,91077,7.66,-0.042
40031,91290,7.9,1.143
40033,91306,6.7,1.294
40035,91361,6.92,-0.117
40037,91734,7.65,-0.029
40039,91776,7.69,-0.037
40041,91922,7.16,0.264
40043,92138,7.66,0.997
40045,92228,7.64,1.29
40047,92343,6.98,1.171
40049,92410,7.1,0.2
40051,92419,7.61,-0.027
40053,92550,6.22,1.183
40055,92598,7.59,0.342
40057,92626,7.96,0.099
40059,92641,7.98,0.029
40061,92768,5.64,1.361
40063,92863,7.97,0.999
40065,92986,6.96,1.114
40067,93023,8.0,0.052
40069,93038,7.32,0.174
40071,93111,7.44,1.103
40073,93160,7.99,0.176
40075,93256,5.26,1.228
40077,93275,6.8,-0.066
40079,93305,7.93,0.909
40081,93393,5.69,-0.086
40083,93396,7.04,-0.097
40085,93397,6.82,0.049
40087,93407,7.88,1.14
40089,93512,7.77,0.925
40091,93564,7.84,0.1
40093,93662,7.12,-0.028
40095,93712,7.69,0.134
40097,93770,6.32,1.668
40099,93777,7.59,-0.007
40101,93762,8.0,0.367
40103,93843,5.53,0.296
40105,93868,7.66,1.314
40107,93973,7.21,1.215
40109,93994,7.53,0.003
40111,94290,6.35,0.444
40113,94291,7.48,1.215
40115,94298,7.78,-0.026
40117,94308,7.8,-0.016
40119,94412,7.13,0.014
40121,94569,7.75,0.149
40123,94591,7.77,1.376
40125,94592,6.91,-0.068
40127,94653,7.91,0.673
40129,94679,6.54,-0.027
40131,94685,6.18,0.634
40133,94696,7.3,0.527
40135,94795,7.6,0.453
40137,94875,7.87,-0.03
40139,94876,7.54,-0.047
40141,94937,6.77,1.865
40143,94942,7.37,0.142
40145,95028,7.36,0.446
40147,95029,7.35,1.533
40149,95033,7.8,0.181
40151,95169,7.72,0.402
40153,95231,7.85,1.158
40155,95260,5.22,-0.119
40157,95397,7.63,1.1
40159,95400,6.53,-0.08
40161,95512,7.37,0.08
40163,95521,7.41,0.082
40165,95589,7.46,0.573
40167,95947,3.05,1.088
40169,95951,5.12,-0.095
40171,96016,5.89,0.915
40173,96034,7.29,0.125
40175,96220,7.06,0.267
40177,96313,6.74,0.29
40179,96366,7.61,0.162
40181,96523,7.46,0.904
40183,96574,7.86,0.097
40185,96612,7.96,0.246
40187,81704,7.5,0.456
40189,82587,5.34,0.319
40191,82771,7.88,1.55
40193,82962,7.5,1.122
40195,83109,7.74,0.455
40197,83207,3.92,-0.018
40199,83365,6.41,1.134
40201,83408,7.93,0.208
40203,83551,7.48,0.983
40205,83827,7.21,0.562
40207,83834,6.44,1.285
40209,83905,7.56,-0.021
40211,83949,7.28,0.545
40213,84040,7.24,0.937
40215,84045,7.58,0.905
40217,84392,7.82,0.998
40219,84573,4.8,-0.166
40221,84587,7.07,-0.115
40223,84692,7.36,1.164
40225,84776,7.91,0.94
40227,84862,5.38,0.619
40229,84871,7.02,0.026
40231,84920,6.9,0.573
40233,85027,7.89,0.014
40235,85204,6.68,0.961
40237,85381,7.14,0.483
40239,85715,5.63,0.96
40241,85781,6.91,1.087
40243,86015,7.73,0.226
40245,86178,6.04,0.158
40247,86362,6.58,0.993
40249,86392,7.44,1.526
40251,86399,7.18,0.453
40253,86462,6.05,1.599
40255,86506,6.3,1.075
40257,86514,7.9,0.155
40259,86723,7.74,0.13
40261,86808,6.98,-0.108
40263,86861,7.69,0.49
40265,86925,6.22,0.008
40267,87263,7.63,0.353
40269,87441,7.34,1.034
40271,87459,7.2,0.123
40273,87610,7.45,0.229
40275,87749,7.44,0.029
40277,87909,6.89,0.911
40279,87915,7.84,1.229
40281,87958,6.66,0.466
40283,87998,4.41,0.38
40285,88055,7.17,0.958
40287,88093,7.44,1.064
40289,88190,6.01,1.516
40291,88260,7.11,1.267
40293,88277,6.18,1.549
40295,88356,6.59,0.45
40297,88471,6.79,0.531
40299,88526,7.94,1.583
40301,88552,7.67,0.639
40303,88636,5.72,1.179
40305,88745,5.05,0.528
40307,88847,7.43,0.07
40309,88929,6.36,1.194
40311,89014,7.88,0.504
40313,89090,7.92,1.423
40315,89156,5.98,0.045
40317,89172,4.96,1.643
40319,89198,6.94,1.578
40321,89360,7.59,0.41
40323,89505,6.76,1.029
40325,89602,7.03,1.33
40327,89740,7.25,1.581
40329,89895,7.86,0.19
40331,89953,7.49,0.42
40333,89964,7.26,1.014
40335,89998,7.5,1.374
40337,90160,7.87,0.997
40339,90235,7.88,0.561
40341,90410,7.01,1.189
40343,90716,7.6,0.125
40345,90766,7.45,-0.019
40347,90781,7.37,1.165
40349,90923,5.47,-0.077
40351,90970,6.55,-0.102
40353,91200,6.68,1.236
40355,91228,7.47,0.88
40357,91235,5.41,-0.101
40359,91356,7.52,0.995
40361,91417,7.29,1.602
40363,91444,7.12,1.556
40365,91533,6.43,0.9
40367,91563,7.28,0.461
40369,91579,7.4,0.335
40371,91635,6.91,0.54
40373,91636,6.79,0.82
40375,91671,7.43,-0.15
40377,91675,6.41,-0.047
40379,91790,7.91,-0.08
40381,91883,5.68,0.36
40383,91940,7.84,0.559
40385,91984,7.35,1.571
40387,92129,7.58,1.486
40389,92178,7.22,0.89
40391,92243,6.06,-0.139
40393,92281,7.43,1.454
40395,92359,7.0,0.118
40397,92396,6.64,-0.014
40399,92398,5.93,-0.154
40401,92405,5.22,0.1
40403,92420,3.52,0.003
40405,92827,7.62,0.855
40407,92832,7.28,1.584
40409,92849,7.66,0.991
40411,92851,7.63,-0.049
40413,92911,7.62,-0.033
40415,93017,5.2,0.594
40417,93032,7.28,0.257
40419,93185,6.8,0.606
40421,93194,3.25,-0.049
40423,93214,7.45,0.282
40425,93279,4.94,1.465
40427,93413,7.25,-0.136
40429,93514,7.68,0.393
40431,93718,5.63,1.548
40433,93720,6.07,1.575
40435,93738,7.72,1.015
40437,93926,7.78,0.763
40439,94052,6.78,1.268
40441,94104,6.92,-0.066
40443,94205,7.95,1.587
40445,94212,7.84,-0.046
40447,94311,5.93,-0.062
40449,94363,7.65,0.01
40451,94530,7.84,0.022
40453,94630,5.88,1.665
40455,85382,5.94,-0.017
40457,85596,7.17,1.081
40459,85706,8.0,0.921
40461,85810,6.52,0.639
40463,85846,7.97,0.581
40465,85938,7.84,1.285
40467,86016,6.94,0.223
40469,86315,7.86,1.551
40471,86750,7.78,1.011
40473,86859,6.62,1.113
40475,87098,8.0,0.124
40477,87105,6.61,-0.144
40479,87627,7.57,1.104
40481,88017,7.0,0.93
40483,88761,7.33,1.509
40485,89037,7.79,1.384
40487,89045,7.03,0.495
40489,89296,7.82,0.228
40491,90183,7.51,0.816
40493,90210,7.82,1.505
40495,91027,7.36,1.035
40497,91058,7.55,0.511
40499,91119,6.1,-0.115
40501,83709,7.95,0.558
40503,83886,7.66,0.314
40505,84150,5.66,0.042
40507,84151,6.3,1.05
40509,84332,6.42,2.282
40511,84377,7.77,0.989
40513,84638,7.09,1.693
40515,85745,7.14,0.538
40517,85747,7.93,0.556
40519,85980,7.14,0.015
40521,86047,6.76,1.24
40523,86203,7.92,1.496
40525,86231,7.78,0.347
40527,86269,7.27,0.702
40529,86419,7.41,0.632
40531,86474,7.44,-0.025
40533,86557,7.92,1.715
40535,86670,2.39,-0.171
40537,86792,6.74,0.974
40539,86983,7.07,0.02
40541,87023,7.62,1.69
40543,87040,7.91,-0.002
40545,87073,2.99,0.509
40547,87181,6.98,-0.034
40549,87232,7.01,-0.077
40551,87294,4.78,0.259
40553,87390,5.94,1.572
40555,87611,7.91,1.47
40557,87771,7.92,1.102
40559,87848,7.72,1.597
40561,87854,7.28,0.695
40563,87865,6.46,1.411
40565,87897,7.6,-0.078
40567,87924,6.65,0.007
40569,87948,6.28,0.007
40571,88154,7.27,0.585
40573,88176,7.76,0.791
40575,88246,7.78,-0.084
40577,88523,7.19,-0.08
40579,88902,7.58,1.657
40581,89150,7.84,1.125
40583,89224,7.28,-0.097
40585,89269,7.27,0.599
40587,89297,7.61,0.008
40589,89315,7.68,0.508
40591,89335,7.0,1.298
40593,89552,7.34,-0.084
40595,89881,7.95,0.877
40597,89955,6.77,0.128
40599,90541,5.63,0.14
40601,90604,6.63,-0.019
40603,90887,5.16,0.079
40605,90936,6.22,0.429
40607,90968,5.67,-0.06
40609,90969,6.31,0.02
40611,91125,7.17,0.266
40613,91465,7.66,1.14
40615,91777,7.01,-0.062
40617,91989,5.4,0.85
40619,91992,6.75,0.518
40621,92130,6.88,1.613
40623,92508,6.98,1.432
40625,93027,7.15,1.237
40627,80405,7.01,0.118
40629,80895,6.94,0.962
40631,80911,4.24,-0.168
40633,81092,7.76,0.427
40635,81099,7.71,0.944
40637,81208,6.63,-0.049
40639,81304,4.18,1.535
40641,81335,6.89,0.374
40643,81639,6.64,0.173
40645,81803,6.47,0.776
40647,81819,7.16,0.78
40649,82272,7.39,0.475
40651,82396,2.29,1.144
40653,82453,6.1,0.124
40655,82514,3.0,-0.2
40657,82545,3.56,-0.21
40659,82565,6.71,0.891
40661,82786,7.25,-0.007
40663,82869,7.41,1.049
40665,82943,7.81,0.433
40667,83100,6.05,0.179
40669,83119,7.57,0.04
40671,83214,7.72,0.69
40673,83235,5.95,1.161
40675,83281,7.46,0.134
40677,83340,7.73,0.072
40679,83410,7.41,0.14
40681,83491,5.91,0.409
40683,83499,6.48,0.263
40685,83706,6.15,0.438
40687,83687,7.73,0.428
40689,83693,5.98,0.076
40691,83701,7.82,0.506
40693,83721,7.4,0.296
40695,83874,7.68,0.617
40697,84104,7.76,1.724
40699,84238,6.59,0.338
40701,84290,6.74,0.458
40703,84320,7.92,0.411
40705,84409,6.71,-0.012
40707,84425,5.95,0.58
40709,84429,7.85,0.37
40711,84489,6.09,0.479
40713,84612,7.89,0.604
40715,84634,6.92,0.039
40717,84709,5.91,1.082
40719,84745,7.84,0.2
40721,84865,7.2,0.045
40723,85019,6.42,0.541
40725,85020,6.33,0.682
40727,85022,7.67,0.134
40729,85048,5.91,1.075
40731,85158,6.92,0.588
40733,85352,7.56,1.688
40735,85359,7.63,1.335
40737,85425,7.88,0.685
40739,85445,6.67,1.197
40741,85476,7.56,0.07
40743,85543,5.98,1.112
40745,85589,6.38,0.091
40747,85696,2.7,-0.179
40749,85700,6.89,0.106
40751,85927,1.62,-0.231
40753,85972,7.61,0.137
40755,86079,7.9,0.453
40757,86098,6.48,0.006
40759,86117,7.78,1.045
40761,86119,6.94,0.273
40763,86170,4.26,1.075
40765,86246,6.26,1.244
40767,86286,6.68,0.757
40769,86500,7.66,0.496
40771,86653,7.61,0.36
40773,86698,5.53,1.553
40775,86880,7.05,-0.043
40777,87042,6.41,-0.02
40779,87063,7.66,2.1
40781,87140,7.1,-0.042
40783,87164,7.2,0.009
40785,87261,3.19,1.192
40787,87505,7.76,0.0
40789,87532,6.03,0.342
40791,87580,7.98,-0.013
40793,87665,7.18,0.435
40795,87722,6.05,0.074
40797,87945,6.76,0.12
40799,87973,7.65,0.42
40801,88038,5.74,0.915
40803,88063,6.8,1.646
40805,88069,6.92,0.125
40807,88147,7.18,-0.046
40809,88180,7.8,1.167
40811,88195,7.93,1.279
40813,88270,6.91,-0.036
40815,88294,6.3,-0.016
40817,88309,7.57,-0.023
40819,88312,7.42,-0.015
40821,88550,5.98,1.16
40823,88614,6.84,1.027
40825,88629,7.46,-0.07
40827,88662,7.64,1.223
40829,88680,7.61,0.392
40831,88694,5.94,0.615
40833,88824,7.36,-0.141
40835,88941,7.75,1.084
40837,88947,6.53,-0.059
40839,89201,7.71,0.358
40841,89361,7.26,-0.058
40843,89364,7.63,-0.001
40845,89399,7.8,0.041
40847,89499,7.42,0.115
40849,89502,6.94,-0.11
40851,89617,6.69,1.139
40853,89642,3.1,1.582
40855,89692,7.89,1.349
40857,89724,7.52,1.026
40859,89859,6.87,-0.041
40861,89868,7.84,1.414
40863,89920,6.46,1.315
40865,90037,5.09,1.498
40867,90038,7.7,1.043
40869,90074,5.33,-0.121
40871,90124,5.52,1.015
40873,90219,7.73,0.186
40875,90254,7.77,1.651
40877,90290,6.14,1.006
40879,90302,7.93,0.054
40881,90452,7.11,-0.033
40883,90507,7.8,-0.036
40885,90562,7.65,1.58
40887,90775,6.98,0.349
40889,90800,7.62,1.083
40891,90871,7.76,0.015
40893,90873,7.69,0.438
40895,90904,6.95,1.179
40897,90992,7.96,-0.01
40899,91054,6.91,0.303
40901,91558,7.66,1.274
40903,91639,7.91,1.623
40905,91700,7.95,0.748
40907,91875,5.11,0.075
40909,91901,6.31,0.98
40911,91918,4.86,-0.168
40913,91957,7.85,0.408
40915,92017,6.57,1.181
40917,92188,7.08,-0.043
40919,92275,6.94,1.411
40921,92350,6.59,1.085
40923,92454,7.71,0.799
40925,92476,7.36,0.011
40927,92502,7.55,1.393
40929,92552,7.93,1.12
40931,92618,7.88,0.42
40933,92858,7.98,0.857
40935,92866,6.48,1.122
40937,92989,5.36,-0.147
40939,93125,7.68,1.612
40941,93174,4.83,0.396
40943,93191,7.58,0.37
40945,93368,6.73,0.004
40947,93371,6.44,0.02
40949,93425,7.22,0.121
40951,93515,7.55,0.082
40953,93552,5.73,0.328
40955,93593,7.91,1.288
40957,93825,4.23,0.523
40959,93858,6.15,0.705
40961,94101,7.58,1.549
40963,94114,4.11,0.042
40965,94124,6.54,0.0
40967,94344,6.55,1.016
40969,94378,7.15,0.087
40971,94281,7.68,1.575
40973,94651,6.96,0.141
40975,94956,6.91,1.051
40977,94966,7.25,0.513
40979,94986,5.59,-0.122
40981,95036,7.98,1.747
40983,95149,6.48,0.628
40985,95345,7.11,1.264
40987,79012,7.96,1.011
40989,79138,7.45,0.506
40991,79496,7.88,0.415
40993,79541,7.6,0.576
40995,79578,6.55,0.646
40997,79706,7.73,0.418
40999,79596,5.91,1.021
41001,79979,7.29,0.585
41003,79980,5.53,0.466
41005,80140,7.39,0.465
41007,80148,7.36,1.466
41009,80316,7.98,1.699
41011,80324,6.45,0.013
41013,80475,7.4,0.425
41015,80486,7.96,0.575
41017,80770,7.51,0.479
41019,81082,7.97,0.106
41021,81552,7.59,0.611
41023,81620,6.55,1.208
41025,81741,5.84,0.653
41027,81764,7.69,1.307
41029,81891,6.46,-0.076
41031,82046,7.11,0.558
41033,82201,7.79,0.451
41035,82347,6.81,1.149
41037,82714,7.03,0.035
41039,82738,7.68,0.544
41041,82855,6.29,1.747
41043,82960,5.48,1.606
41045,83059,7.16,0.765
41047,83574,4.83,0.257
41049,92268,6.94,0.181
41051,92959,7.78,0.573
41053,93014,7.16,-0.029
41055,93149,7.19,0.04
41057,93361,7.29,0.348
41059,93446,7.74,1.018
41061,93761,7.52,1.115
41063,93955,7.94,0.93
41065,94367,8.0,0.588
41067,94391,7.79,0.65
41069,94393,7.26,0.362
41071,94663,7.53,0.01
41073,94730,6.58,0.692
41075,94926,6.94,0.579
41077,94938,7.78,0.699
41079,95004,7.97,1.579
41081,95054,6.56,1.68
41083,95226,6.94,1.719
41085,95262,7.84,0.599
41087,95358,7.67,0.328
41089,95416,7.63,1.15
41091,95747,7.67,0.999
41093,95849,7.13,0.599
41095,95905,6.6,0.394
41097,96111,6.58,1.551
41099,96154,6.76,1.6
41101,96199,6.94,0.039
41103,96453,6.9,-0.059
41105,96577,6.86,0.978
41107,96638,7.79,0.089
41109,97210,6.81,0.123
41111,97260,5.51,0.024
41113,98152,6.55,0.184
41115,98195,8.0,0.955
41117,77394,6.98,0.164
41119,77606,6.58,1.507
41121,77900,6.15,-0.069
41123,77984,5.63,0.141
41125,78002,7.33,0.498
41127,78130,7.29,0.448
41129,78265,2.89,-0.18
41131,78316,7.02,1.096
41133,78465,7.62,0.406
41135,78563,7.5,1.601
41137,78330,7.34,0.606
41139,78575,6.07,1.304
41141,78647,6.96,0.505
41143,78743,7.51,1.689
41145,78782,7.6,1.016
41147,78827,8.0,0.407
41149,79049,7.19,1.613
41151,79050,5.35,1.643
41153,79185,7.9,1.483
41155,79235,6.59,0.073
41157,79302,5.09,1.131
41159,79343,6.95,0.121
41161,79363,7.84,0.364
41163,79399,5.67,0.012
41165,79404,4.58,-0.172
41167,79451,7.98,0.472
41169,79520,7.54,0.598
41171,79552,7.95,0.254
41173,79658,7.53,0.614
41175,79775,7.6,0.177
41177,79878,7.07,-0.016
41179,79881,4.8,0.008
41181,79946,7.68,0.616
41183,80070,7.75,0.189
41185,80399,5.4,0.625
41187,80478,7.66,0.204
41189,80490,7.61,0.792
41191,80607,7.01,0.083
41193,80859,7.78,0.307
41195,95619,5.66,-0.014
41197,95695,7.87,1.1
41199,95782,7.88,0.193
41201,95991,7.45,1.512
41203,96124,7.14,0.675
41205,96408,7.93,0.053
41207,96438,7.53,1.458
41209,96644,6.72,-0.073
41211,96823,7.68,1.527
41213,97287,7.59,1.167
41215,97340,7.68,1.338
41217,97401,6.89,1.011
41219,97405,7.69,0.669
41221,97515,6.04,0.403
41223,97613,7.46,1.06
41225,97684,7.33,-0.043
41227,97748,7.76,1.595
41229,97931,7.73,1.008
41231,98066,4.7,0.748
41233,98069,7.71,0.47
41235,98162,4.54,1.462
41237,98353,4.84,0.882
41239,98496,7.0,0.937
41241,98521,7.95,0.358
41243,98688,4.43,1.64
41245,98849,7.49,1.513
41247,98926,7.24,0.087
41249,98933,7.66,1.018
41251,99273,7.18,0.48
41253,76508,6.98,0.282
41255,76614,7.17,1.601
41257,76636,7.56,1.684
41259,76666,6.33,0.023
41261,76742,4.97,1.302
41263,76874,7.92,0.594
41265,77077,7.59,0.287
41267,77191,6.72,1.312
41269,77197,7.72,1.691
41271,77347,7.8,0.167
41273,77399,7.15,0.131
41275,77435,6.71,0.13
41277,77610,7.46,0.495
41279,77635,4.63,-0.072
41281,77642,7.69,0.546
41283,77840,4.59,-0.073
41285,77858,5.38,-0.011
41287,77859,5.41,-0.033
41289,77909,5.87,-0.065
41291,77911,6.86,0.035
41293,77955,7.75,1.231
41295,78041,7.62,0.211
41297,78099,7.74,0.198
41299,78183,6.77,-0.008
41301,78246,5.43,-0.092
41303,78401,2.29,-0.117
41305,78471,7.16,1.474
41307,78494,7.76,0.355
41309,78549,7.33,0.079
41311,78586,7.97,0.215
41313,78602,7.03,0.177
41315,78650,4.96,1.234
41317,78699,6.22,1.386
41319,78809,7.65,0.084
41321,78877,5.9,-0.071
41323,79031,6.32,-0.038
41325,79098,5.86,0.02
41327,79229,6.64,0.024
41329,79364,7.73,1.024
41331,79622,6.06,0.027
41333,97294,7.89,0.423
41335,97390,7.81,1.431
41337,97637,8.0,1.004
41339,97692,7.52,1.164
41341,97834,7.8,0.043
41343,97851,7.91,0.565
41345,97944,6.22,1.017
41347,98024,7.94,1.234
41349,98135,7.57,0.33
41351,98399,6.77,0.246
41353,98575,6.01,0.981
41355,98752,7.96,1.075
41357,98785,6.44,0.503
41359,98851,7.51,0.429
41361,99143,7.55,1.679
41363,99229,7.54,0.524
41365,99365,7.45,0.429
41367,99609,7.93,0.897
41369,99903,7.83,0.979
41371,100148,7.75,1.223
41373,75985,7.65,0.285
41375,76106,5.5,0.197
41377,76392,7.72,1.136
41379,76569,5.82,1.077
41381,76582,6.65,0.448
41383,76628,5.36,0.883
41385,76633,7.64,0.047
41387,76714,6.88,0.43
41389,76790,7.99,1.244
41391,76880,4.75,1.574
41393,77165,7.53,0.264
41395,77338,7.85,0.599
41397,77360,8.0,1.108
41399,77521,7.71,0.115
41401,77539,7.63,1.189
41403,77688,7.3,1.162
41405,77740,7.25,0.628
41407,77677,7.7,0.078
41409,77811,5.04,-0.014
41411,77861,7.57,1.703
41413,77939,5.95,-0.013
41415,78129,7.13,0.152
41417,78168,5.84,0.012
41419,78467,7.12,1.054
41421,78530,7.19,0.089
41423,98896,7.11,1.037
41425,99046,7.99,0.572
41427,99193,7.03,-0.018
41429,99314,7.45,0.38
41431,99391,7.28,0.579
41433,99460,7.78,1.118
41435,99782,7.64,1.662
41437,99984,7.42,0.206
41439,99990,6.97,2.45
41441,100000,7.86,1.102
41443,100060,7.68,0.099
41445,100062,5.86,1.002
41447,100067,7.76,0.462
41449,100195,5.28,1.394
41451,100201,6.84,0.33
41453,100216,7.72,1.098
41455,100290,6.93,1.257
41457,100348,7.27,1.471
41459,100394,7.79,0.418
41461,100533,7.89,1.117
41463,100713,6.83,1.007
41465,100805,7.55,0.495
41467,100881,5.08,-0.049
41469,101120,6.74,0.22
41471,101123,5.94,0.062
41473,75680,7.15,1.66
41475,75730,5.64,1.545
41477,75762,6.79,0.821
41479,75848,6.69,0.398
41481,75944,5.82,1.056
41483,76126,5.53,-0.148
41485,76134,7.84,0.448
41487,76287,6.99,1.008
41489,76333,3.91,1.007
41491,76458,7.86,1.393
41493,76431,7.74,0.412
41495,76545,7.39,0.387
41497,76586,6.8,1.232
41499,76605,7.15,1.039
41501,76954,7.05,0.519
41503,77007,6.3,1.124
41505,77044,7.28,1.449
41507,77060,5.41,0.238
41509,77203,7.67,0.478
41511,77297,7.61,1.179
41513,77534,6.82,0.407
41515,77554,7.62,0.423
41517,99095,7.86,0.359
41519,99823,7.54,1.545
41521,99892,7.34,0.227
41523,99947,7.65,1.258
41525,100014,7.43,0.221
41527,100129,7.78,0.497
41529,100325,6.09,-0.016
41531,100334,7.8,0.523
41533,100337,7.72,0.976
41535,100342,7.76,1.092
41537,100345,3.05,0.79
41539,100445,7.75,0.911
41541,100448,8.0,0.05
41543,100785,7.32,1.513
41545,100817,7.33,0.583
41547,100862,7.89,0.735
41549,101011,6.41,0.999
41551,101027,4.77,0.386
41553,101036,6.71,0.689
41555,101040,6.55,1.08
41557,101190,7.75,0.51
41559,101199,7.17,0.096
41561,101221,6.1,0.797
41563,101244,7.71,1.664
41565,101357,7.16,0.323
41567,75331,7.59,1.076
41569,75352,5.72,1.039
41571,75368,7.54,1.039
41573,75663,7.8,0.596
41575,75729,7.75,0.261
41577,75885,7.78,1.041
41579,76003,7.71,0.574
41581,76153,7.49,1.237
41583,76209,7.25,0.495
41585,76314,7.87,0.539
41587,76708,7.59,1.189
41589,76836,6.87,0.059
41591,76976,7.2,0.484
41593,76982,6.64,0.543
41595,99811,6.91,1.398
41597,99918,6.3,0.005
41599,100027,4.3,0.928
41601,100064,3.58,0.883
41603,100164,7.45,1.047
41605,100202,7.79,0.417
41607,100310,4.77,-0.047
41609,100347,6.83,1.389
41611,100556,6.76,-0.1
41613,100613,7.71,0.529
41615,100623,6.97,1.139
41617,100716,7.42,0.283
41619,100800,7.85,0.393
41621,100869,8.0,0.393
41623,100948,7.44,0.181
41625,100992,7.15,1.583
41627,101019,7.33,0.445
41629,101088,7.39,1.098
41631,101167,7.97,1.092
41633,101492,6.97,0.164
41635,101507,6.11,0.543
41637,101647,6.81,1.267
41639,101706,7.65,0.405
41641,101734,7.84,0.509
41643,101811,7.19,-0.041
41645,101935,7.81,1.014
41647,74800,7.53,1.034
41649,74918,7.49,1.15
41651,74982,6.95,1.418
41653,75038,7.53,0.545
41655,75253,7.97,0.97
41657,75379,4.92,0.453
41659,75673,7.59,1.08
41661,75718,6.89,0.788
41663,75722,7.57,0.868
41665,75763,7.73,1.535
41667,76079,6.57,0.918
41669,76080,7.85,0.18
41671,76138,7.97,0.286
41673,76219,4.61,1.0
41675,76243,5.16,-0.09
41677,76555,7.91,1.165
41679,76602,6.56,0.52
41681,76603,6.45,0.505
41683,76804,7.96,0.623
41685,76813,7.88,1.097
41687,100065,7.6,1.457
41689,100385,7.3,0.027
41691,100524,6.29,0.913
41693,100680,7.1,0.292
41695,100982,6.82,1.17
41697,101209,7.33,0.87
41699,101345,5.66,0.689
41701,101567,7.38,0.055
41703,101580,7.94,0.285
41705,101897,7.74,0.369
41707,74703,7.21,0.512
41709,74842,7.28,0.947
41711,74845,7.72,0.124
41713,75084,6.6,0.998
41715,75127,5.54,1.047
41717,75131,7.35,1.16
41719,75158,7.45,0.475
41721,75325,7.29,1.051
41723,75474,7.35,1.142
41725,75629,7.81,1.66
41727,75739,7.75,1.419
41729,75892,7.25,1.203
41731,76233,6.52,0.577
41733,76400,7.91,0.693
41735,76528,8.0,0.559
41737,76542,7.87,1.478
41739,100352,7.62,1.003
41741,100407,7.87,0.493
41743,100489,7.69,1.525
41745,100535,7.67,1.172
41747,100570,6.75,0.426
41749,100783,7.48,0.484
41751,100926,6.98,1.474
41753,100998,7.75,0.587
41755,101104,7.84,1.448
41757,101136,7.63,0.551
41759,101183,7.73,1.612
41761,101308,6.62,1.2
41763,101436,6.96,1.629
41765,101594,7.92,0.515
41767,101616,7.88,0.875
41769,101827,6.93,1.179
41771,101852,7.78,0.597
41773,101911,6.46,1.016
41775,101925,7.47,1.53
41777,102095,7.35,1.011
41779,102203,7.61,0.711
41781,102322,7.85,1.05
41783,102329,7.19,0.353
41785,102344,7.04,1.157
41787,74633,7.47,1.531
41789,74841,7.28,0.943
41791,74901,5.88,1.507
41793,74904,7.77,0.835
41795,74948,6.93,0.553
41797,75101,6.34,1.062
41799,75153,7.83,1.367
41801,75342,6.11,0.264
41803,75397,7.32,0.174
41805,75521,7.11,0.427
41807,76133,5.5,1.092
41809,76278,7.55,1.084
41811,76427,6.51,0.728
41813,100550,7.0,1.603
41815,100618,7.68,1.303
41817,100671,7.91,1.074
41819,100758,6.1,1.193
41821,100889,7.11,0.682
41823,100895,7.49,0.52
41825,100896,6.71,0.519
41827,100977,6.12,-0.049
41829,101022,6.82,0.547
41831,101101,4.91,1.16
41833,101297,7.48,1.113
41835,101520,7.77,1.245
41837,101532,7.61,1.036
41839,101598,7.7,0.315
41841,101622,7.09,0.512
41843,101692,4.91,1.606
41845,101724,7.09,0.965
41847,101847,4.31,0.949
41849,101921,6.23,-0.09
41851,101998,6.61,1.048
41853,102198,7.31,0.129
41855,102304,7.77,1.211
41857,102413,7.86,0.932
41859,74689,5.62,0.181
41861,74702,6.92,0.83
41863,74895,6.5,1.6
41865,74975,5.04,0.54
41867,75119,5.35,1.191
41869,75293,7.03,1.144
41871,75756,7.11,0.374
41873,75761,5.15,0.245
41875,76031,7.42,0.646
41877,76159,7.37,1.118
41879,76291,6.55,0.281
41881,76365,6.7,0.325
41883,100664,6.14,-0.036
41885,100672,6.41,1.605
41887,100797,6.64,0.919
41889,100831,7.73,1.329
41891,100969,6.2,0.899
41893,100996,7.43,-0.094
41895,101114,7.09,-0.005
41897,101335,7.39,1.457
41899,101339,6.47,1.514
41901,101396,7.74,0.196
41903,101620,7.42,0.487
41905,101690,7.44,1.247
41907,101746,6.21,-0.076
41909,101926,7.81,1.692
41911,101936,5.15,1.06
41913,102010,6.94,1.137
41915,102393,7.55,0.656
41917,75196,7.36,0.523
41919,75599,7.88,1.298
41921,75682,7.72,0.594
41923,76251,7.04,0.161
41925,76383,7.33,0.279
41927,100431,7.43,0.953
41929,100541,5.3,0.983
41931,100581,7.6,0.454
41933,100654,7.24,-0.081
41935,100721,7.61,1.007
41937,100734,6.75,-0.006
41939,101059,7.08,0.512
41941,101279,7.22,0.367
41943,101347,8.0,0.394
41945,101414,7.96,0.398
41947,101489,6.42,1.016
41949,101526,6.97,-0.122
41951,101583,7.53,0.171
41953,101607,6.53,-0.055
41955,101771,7.14,0.127
41957,101955,7.88,1.241
41959,102166,7.08,-0.099
41961,102297,7.21,1.061
41963,102299,6.69,0.109
41965,102302,7.67,1.597
41967,74832,7.88,0.407
41969,75096,7.17,0.451
41971,75361,7.3,1.486
41973,75382,7.36,0.18
41975,75388,7.74,1.161
41977,75394,7.05,0.764
41979,75460,7.67,1.039
41981,75584,6.97,1.64
41983,75645,7.93,0.61
41985,75971,6.57,0.38
41987,76021,7.96,0.921
41989,76185,7.92,0.574
41991,76276,3.8,0.268
41993,76425,5.26,0.925
41995,76543,7.07,0.531
41997,76619,7.1,0.975
41999,76820,7.39,0.864
42001,100281,7.25,1.291
42003,100559,6.7,1.043
42005,100666,6.77,0.025
42007,100704,7.61,0.554
42009,100712,7.77,0.382
42011,100733,7.91,0.175
42013,100762,6.32,1.571
42015,100858,7.54,-0.111
42017,100953,6.23,1.074
42019,100995,7.4,1.241
42021,101034,7.57,1.64
42023,101079,7.21,1.511
42025,101125,6.76,1.06
42027,101255,7.83,0.282
42029,101473,6.54,0.103
42031,101714,7.48,0.257
42033,101895,7.53,0.443
42035,101916,5.07,0.702
42037,101979,6.85,1.056
42039,101993,7.94,0.245
42041,75230,6.29,-0.008
42043,75281,7.91,0.656
42045,75448,7.17,0.448
42047,75635,7.68,0.38
42049,75714,6.93,0.367
42051,75799,7.01,0.979
42053,75920,7.16,1.21
42055,76023,7.71,1.104
42057,76038,7.92,1.025
42059,76114,7.22,0.656
42061,76368,7.59,0.591
42063,76372,6.04,1.125
42065,76443,7.7,1.233
42067,76492,7.12,0.408
42069,76512,7.52,1.072
42071,76612,7.44,-0.087
42073,76733,6.22,0.968
42075,76866,5.34,0.033
42077,76985,6.48,0.873
42079,77001,6.94,1.506
42081,77244,7.93,0.685
42083,77336,5.71,0.094
42085,99659,7.44,0.979
42087,99807,7.62,0.248
42089,99847,7.83,0.9
42091,100174,7.2,0.918
42093,100192,6.74,0.362
42095,100208,6.2,1.648
42097,100226,7.97,0.903
42099,100256,5.96,0.299
42101,100262,6.63,1.389
42103,100398,7.58,1.61
42105,100429,7.49,-0.05
42107,100498,6.74,1.218
42109,100547,7.56,0.164
42111,100709,7.43,0.098
42113,100781,6.35,1.453
42115,100924,7.73,-0.042
42117,100981,7.56,0.314
42119,100999,7.91,0.071
42121,101055,6.94,0.014
42123,101160,6.03,-0.019
42125,101233,7.28,0.287
42127,101235,7.08,-0.011
42129,101421,4.03,-0.123
42131,101482,7.96,1.279
42133,101483,5.39,0.093
42135,101522,7.89,1.361
42137,101554,7.5,-0.069
42139,101710,7.62,0.674
42141,101800,5.42,0.05
42143,101816,7.75,0.12
42145,101966,6.39,0.559
42147,75530,5.16,1.65
42149,75577,7.93,-0.047
42151,75810,6.38,0.955
42153,75861,7.13,1.025
42155,76043,7.46,0.198
42157,76069,6.22,-0.038
42159,76136,6.56,1.26
42161,76198,6.49,0.341
42163,76423,6.51,1.2
42165,76424,5.93,0.354
42167,76438,7.08,0.06
42169,76337,6.1,0.975
42171,76511,7.62,1.14
42173,76615,7.97,0.454
42175,76699,6.98,0.343
42177,76810,6.0,0.908
42179,77092,7.48,1.51
42181,77111,6.15,0.002
42183,77118,6.99,1.2
42185,77233,3.65,0.073
42187,77249,6.7,0.223
42189,77450,4.09,1.616
42191,77782,6.29,1.238
42193,99128,7.62,0.759
42195,99176,6.39,1.72
42197,99277,6.91,1.267
42199,99316,7.56,0.81
42201,99452,7.34,0.83
42203,99464,7.57,0.417
42205,99505,7.57,0.129
42207,99540,7.91,-0.143
42209,99563,7.29,0.815
42211,99607,7.73,0.573
42213,99670,6.85,1.705
42215,99689,7.65,0.492
42217,99742,4.94,0.072
42219,99873,6.86,0.259
42221,99972,7.29,1.172
42223,99995,7.48,-0.089
42225,100116,6.86,1.363
42227,100212,7.57,0.538
42229,100269,6.77,0.568
42231,100274,6.17,0.926
42233,100276,5.82,1.5
42235,100309,7.95,0.423
42237,100365,6.59,0.031
42239,100468,7.36,1.407
42241,100511,6.16,0.498
42243,100551,7.25,0.012
42245,100598,6.78,-0.011
42247,100636,7.89,0.161
42249,100648,7.95,0.955
42251,100658,7.03,1.606
42253,100776,7.39,1.449
42255,100807,6.23,1.005
42257,100880,7.57,0.388
42259,100929,7.9,-0.03
42261,101047,7.39,0.197
42263,101219,7.5,1.644
42265,101223,6.85,0.138
42267,101290,7.24,-0.031
42269,101298,7.78,1.427
42271,101320,7.68,1.061
42273,101371,6.96,-0.058
42275,101487,7.75,1.004
42277,101502,7.6,1.007
42279,101589,4.64,0.12
42281,75871,7.21,1.061
42283,76769,7.59,0.242
42285,76852,4.51,0.062
42287,76878,5.8,0.207
42289,76926,7.89,0.45
42291,77128,7.77,0.1
42293,77129,7.49,0.451
42295,77247,7.64,0.695
42297,77351,7.8,1.221
42299,77596,7.6,1.006
42301,77661,4.74,1.534
42303,77902,5.45,1.588
42305,77995,6.26,-0.089
42307,78070,7.96,1.51
42309,78368,7.6,1.416
42311,98214,7.58,1.304
42313,98780,6.62,1.645
42315,98791,7.16,1.243
42317,98920,5.09,1.058
42319,98996,7.86,1.244
42321,99004,7.6,1.15
42323,99028,7.77,0.276
42325,99103,7.71,0.769
42327,99201,7.33,0.406
42329,99281,6.95,0.852
42331,99317,7.65,0.163
42333,99352,6.51,0.394
42335,99421,7.45,-0.08
42337,99445,6.24,0.894
42339,99462,7.52,0.441
42341,99472,7.95,-0.031
42343,99479,6.24,-0.048
42345,99545,7.59,0.33
42347,99610,7.83,1.351
42349,99788,7.13,1.387
42351,99833,7.86,0.517
42353,99913,6.11,1.039
42355,99933,7.09,0.07
42357,99992,7.86,-0.068
42359,100084,7.92,0.133
42361,100118,7.5,0.314
42363,100147,7.11,-0.014
42365,100160,7.53,-0.169
42367,100346,7.87,1.604
42369,100381,7.66,1.018
42371,100500,7.13,0.726
42373,100519,7.86,0.515
42375,100638,7.86,0.131
42377,100779,6.45,1.037
42379,100780,7.88,0.136
42381,100876,6.44,1.03
42383,100906,7.96,0.705
42385,100954,7.89,0.26
42387,100970,6.87,0.662
42389,76580,7.45,1.125
42391,77021,7.22,0.521
42393,77063,7.32,0.214
42395,77134,7.53,0.247
42397,77437,6.85,1.23
42399,77459,7.82,0.546
42401,77519,7.75,0.96
42403,77640,7.86,0.457
42405,77676,7.49,1.082
42407,78187,7.93,1.617
42409,78319,7.79,1.483
42411,78375,7.81,0.078
42413,78554,4.82,0.066
42415,78583,7.64,0.317
42417,78590,7.03,0.148
42419,78709,7.1,0.771
42421,79225,7.41,0.939
42423,97077,5.5,0.939
42425,97319,6.66,0.295
42427,97402,6.0,0.993
42429,97446,7.17,1.599
42431,97461,7.42,0.043
42433,97663,7.45,-0.034
42435,97765,5.54,0.68
42437,97792,7.54,0.079
42439,97886,4.57,-0.047
42441,97961,5.56,-0.018
42443,97990,7.04,1.019
42445,97979,6.73,1.508
42447,98131,6.97,1.442
42449,98154,6.79,0.328
42451,98188,7.75,0.059
42453,98206,7.19,0.641
42455,98375,5.68,0.345
42457,98436,7.94,-0.047
42459,98498,7.54,0.955
42461,98504,7.48,-0.128
42463,98505,7.67,0.932
42465,98609,5.88,-0.134
42467,98636,5.23,0.374
42469,98661,6.5,0.127
42471,98772,6.45,1.028
42473,98792,7.28,0.815
42475,98828,7.82,0.924
42477,98897,6.54,0.168
42479,98987,6.91,0.039
42481,99058,7.89,-0.058
42483,99080,5.08,-0.162
42485,99236,7.85,0.937
42487,99243,7.03,0.964
42489,99259,7.94,-0.09
42491,99353,7.8,0.994
42493,99394,7.1,0.131
42495,99425,7.64,0.125
42497,99534,7.82,0.205
42499,99581,7.44,0.424
42501,99638,7.45,1.556
42503,99679,6.58,0.304
42505,99717,7.25,0.039
42507,99767,7.47,-0.055
42509,99852,7.18,0.972
42511,99853,5.18,1.016
42513,99915,6.83,1.216
42515,99923,7.17,0.331
42517,99951,5.3,0.951
42519,100139,7.78,0.602
42521,100206,7.66,0.194
42523,100313,7.07,-0.068
42525,100390,6.55,1.518
42527,77512,4.59,0.794
42529,78038,7.99,1.04
42531,78159,4.14,1.231
42533,78288,7.11,1.145
42535,78464,7.9,0.432
42537,78572,7.67,0.571
42539,78450,7.97,0.605
42541,78493,4.98,-0.05
42543,78906,7.65,1.192
42545,79010,7.74,0.23
42547,79177,7.89,1.128
42549,79219,6.57,1.037
42551,79305,7.52,0.445
42553,79327,7.59,0.555
42555,79413,7.89,1.068
42557,79441,6.48,0.391
42559,79483,7.99,1.218
42561,79533,7.72,0.451
42563,79686,6.14,1.334
42565,79757,5.8,0.063
42567,79798,7.53,0.355
42569,79811,7.63,0.138
42571,80026,7.79,0.222
42573,80322,7.48,1.088
42575,80335,7.86,0.26
42577,80691,7.24,0.119
42579,95170,7.46,0.123
42581,95372,4.99,-0.12
42583,95728,6.57,1.08
42585,95873,7.63,1.35
42587,96029,7.6,0.328
42589,96083,7.52,0.084
42591,96242,7.98,-0.046
42593,96302,5.39,0.581
42595,96467,7.77,1.215
42597,96503,6.43,-0.087
42599,96507,6.67,0.606
42601,96530,7.44,0.132
42603,96709,7.51,-0.056
42605,96772,7.32,-0.057
42607,96788,7.86,0.058
42609,96830,7.78,0.1
42611,96863,7.89,0.22
42613,96903,6.67,-0.039
42615,96929,7.57,0.544
42617,96988,6.54,0.337
42619,97006,7.21,1.15
42621,97025,7.73,0.387
42623,97091,6.27,1.015
42625,97150,6.97,0.65
42627,97420,6.87,0.66
42629,97426,7.57,-0.025
42631,97472,7.01,0.143
42633,97509,6.97,0.611
42635,97528,7.4,0.151
42637,97537,7.98,0.518
42639,97572,6.45,-0.104
42641,97573,6.46,0.937
42643,97681,7.76,0.079
42645,97717,7.34,1.502
42647,97730,7.48,-0.061
42649,97741,7.67,0.081
42651,97788,6.82,1.351
42653,97833,7.36,-0.092
42655,97867,6.98,1.073
42657,97903,7.78,0.023
42659,97915,6.84,0.095
42661,97996,7.87,0.42
42663,98039,7.88,1.274
42665,98053,7.83,0.139
42667,98168,7.88,0.024
42669,98192,7.91,0.797
42671,98209,6.78,0.915
42673,98248,7.56,-0.041
42675,98249,7.29,0.16
42677,98296,7.83,0.468
42679,98302,7.74,-0.014
42681,98323,7.83,0.33
42683,98460,7.42,0.04
42685,98467,7.78,-0.081
42687,98236,7.85,0.052
42689,98238,7.63,-0.03
42691,98263,7.98,-0.019
42693,98371,6.85,1.285
42695,98458,6.49,1.132
42697,98543,4.66,0.184
42699,98562,7.23,1.255
42701,98699,6.93,-0.015
42703,98714,7.3,0.793
42705,98726,7.87,-0.069
42707,98894,7.69,0.669
42709,98952,7.9,0.588
42711,99018,7.91,1.392
42713,99197,7.87,-0.035
42715,99244,7.64,0.038
42717,99404,5.51,0.087
42719,99531,5.91,-0.107
42721,79089,7.95,0.999
42723,79285,7.42,0.706
42725,79289,7.61,0.156
42727,79401,7.35,1.036
42729,79452,7.5,1.122
42731,79837,6.84,0.605
42733,79937,7.92,1.573
42735,80181,4.86,0.97
42737,80197,5.2,1.631
42739,80214,5.4,1.523
42741,80247,6.41,0.083
42743,80254,7.63,1.326
42745,80279,7.65,0.495
42747,80388,7.58,1.355
42749,80648,6.87,1.07
42751,80839,6.97,0.99
42753,80884,7.17,0.573
42755,80927,7.09,0.103
42757,80986,7.41,1.425
42759,81048,7.77,0.413
42761,81066,6.87,0.242
42763,81191,7.88,0.449
42765,81303,6.95,1.089
42767,81312,7.1,0.555
42769,81693,2.81,0.65
42771,81726,7.07,0.525
42773,81763,7.9,0.397
42775,81889,7.34,1.086
42777,81911,6.02,0.321
42779,82093,7.8,0.328
42781,82243,7.97,1.044
42783,82305,7.96,0.466
42785,82426,6.16,1.014
42787,82415,7.9,0.233
42789,83313,5.27,0.028
42791,83730,7.83,1.139
42793,92026,7.62,0.729
42795,92829,7.68,-0.06
42797,92833,5.99,0.922
42799,93073,6.91,0.33
42801,93201,6.98,0.126
42803,93253,7.52,0.32
42805,93314,6.8,1.119
42807,93354,6.04,0.983
42809,93437,6.39,-0.117
42811,93621,7.31,-0.101
42813,93648,7.72,0.36
42815,93658,7.17,1.285
42817,93917,5.2,0.367
42819,94081,8.0,1.392
42821,94097,7.59,1.239
42823,94210,7.17,0.344
42825,94229,7.53,1.133
42827,94350,7.37,0.05
42829,94519,7.68,-0.07
42831,94576,6.61,1.0
42833,94677,6.79,1.223
42835,94680,6.82,-0.084
42837,94740,7.22,-0.115
42839,94852,6.69,0.102
42841,94877,7.41,0.869
42843,94934,6.6,-0.191
42845,94962,6.83,-0.085
42847,95051,6.84,-0.103
42849,95146,7.32,1.134
42851,95235,6.09,1.052
42853,95249,7.3,0.986
42855,95282,7.63,0.52
42857,95319,6.37,0.804
42859,95354,6.76,1.227
42861,95388,7.39,-0.083
42863,95505,7.24,0.727
42865,95699,7.36,0.29
42867,95770,7.95,0.527
42869,95808,7.4,1.23
42871,95821,6.95,0.718
42873,95908,6.55,1.128
42875,95934,7.54,1.48
42877,96009,6.7,0.099
42879,96058,7.77,1.659
42881,96063,7.5,1.351
42883,96143,6.7,0.45
42885,96185,6.62,0.595
42887,96310,6.64,1.567
42889,96328,7.48,0.122
42891,96362,7.46,-0.162
42893,96411,7.45,1.18
42895,96430,7.32,-0.089
42897,96452,8.0,0.087
42899,96480,7.64,-0.084
42901,96576,7.51,0.719
42903,96602,7.66,1.01
42905,96618,7.59,0.087
42907,96619,7.21,0.065
42909,96631,7.75,0.367
42911,96648,7.86,0.078
42913,96683,4.68,0.971
42915,96697,7.17,-0.079
42917,96724,6.1,0.094
42919,96804,6.99,1.057
42921,96836,7.63,2.917
42923,96858,7.09,0.693
42925,96885,7.04,0.219
42927,96888,6.85,1.613
42929,96914,7.99,0.331
42931,96977,5.93,0.118
42933,97028,6.08,0.003
42935,97035,7.21,0.073
42937,97201,7.42,-0.063
42939,97235,7.6,1.7
42941,97280,7.49,0.032
42943,97307,6.18,1.172
42945,97357,7.67,-0.091
42947,97363,7.87,0.171
42949,97416,6.79,0.12
42951,97470,7.67,0.822
42953,97619,7.36,0.004
42955,97734,7.08,0.305
42957,97755,7.73,0.0
42959,97760,7.84,0.001
42961,98011,7.0,1.005
42963,98017,6.58,-0.081
42965,80787,7.44,1.065
42967,80888,6.25,1.64
42969,80892,7.93,1.367
42971,81131,7.97,1.165
42973,81319,7.06,1.555
42975,81590,7.64,0.098
42977,81596,7.82,0.98
42979,81673,7.29,0.263
42981,81732,7.64,0.407
42983,81848,6.86,1.541
42985,82068,7.33,0.51
42987,82203,7.18,-0.034
42989,82275,7.21,0.379
42991,82310,6.92,1.257
42993,82391,7.94,1.568
42995,82532,7.56,1.55
42997,82700,7.95,0.342
42999,83164,7.79,0.0
43001,83197,7.05,0.9
43003,83314,7.93,1.563
43005,83424,7.78,0.285
43007,83459,6.68,1.234
43009,83462,6.19,1.467
43011,83494,6.08,0.2
43013,83528,7.74,1.21
43015,83724,7.36,0.036
43017,83752,7.93,1.057
43019,83838,5.41,0.309
43021,83872,6.73,1.079
43023,83950,7.37,0.466
43025,84225,7.68,1.356
43027,84329,7.78,1.44
43029,84380,3.16,1.437
43031,84427,6.78,1.186
43033,84606,4.64,0.043
43035,84615,7.57,0.273
43037,84847,7.47,-0.055
43039,84878,7.67,0.18
43041,84945,7.45,0.408
43043,85112,4.15,-0.011
43045,85149,6.48,0.716
43047,85160,7.2,0.976
43049,85181,6.25,0.884
43051,85276,7.67,1.585
43053,85432,7.87,0.336
43055,85756,7.99,0.765
43057,85841,7.8,-0.066
43059,86096,6.13,0.978
43061,86234,7.56,0.551
43063,86325,6.78,1.189
43065,86570,7.82,0.466
43067,86642,7.29,0.633
43069,86711,7.98,0.351
43071,86863,7.89,0.034
43073,87024,6.55,1.47
43075,87110,7.58,0.17
43077,87114,6.51,1.655
43079,87117,7.61,0.834
43081,87135,7.78,0.647
43083,87204,7.18,0.514
43085,87319,6.89,0.98
43087,87371,7.81,0.962
43089,87586,7.26,1.45
43091,87746,7.92,0.859
43093,87808,3.86,1.35
43095,87882,7.32,0.355
43097,87883,6.87,1.121
43099,87902,7.58,0.997
43101,87992,7.33,0.937
43103,88020,6.03,0.949
43105,88473,7.45,1.027
43107,88836,5.49,1.161
43109,88972,6.38,0.876
43111,89008,5.57,0.915
43113,89826,4.33,1.162
43115,90024,7.61,0.501
43117,90044,7.89,0.438
43119,90117,7.86,1.415
43121,90140,6.92,-0.004
43123,90293,7.36,-0.087
43125,90325,7.22,0.859
43127,90395,8.0,1.583
43129,90723,7.42,1.574
43131,90883,7.57,5.46
43133,91080,7.78,0.12
43135,91181,7.52,1.3
43137,91310,7.03,1.54
43139,91399,7.21,0.405
43141,91490,7.99,1.599
43143,91507,7.5,0.525
43145,91552,6.45,0.22
43147,91554,7.53,1.071
43149,91707,6.49,-0.116
43151,91729,7.4,-0.063
43153,91730,7.86,1.465
43155,91774,7.97,3.08
43157,91852,6.04,1.04
43159,91891,7.79,0.138
43161,91898,6.54,1.615
43163,91971,4.34,0.192
43165,91973,5.73,0.285
43167,91997,7.18,-0.026
43169,92007,7.6,1.55
43171,92020,7.03,-0.021
43173,92060,7.09,0.215
43175,92170,7.46,0.102
43177,92256,7.32,-0.102
43179,92276,7.81,1.213
43181,92282,7.52,-0.062
43183,92295,7.75,0.981
43185,92325,7.71,0.571
43187,92387,7.9,0.109
43189,92496,7.15,0.21
43191,92532,7.15,0.594
43193,92551,6.1,-0.1
43195,92590,7.33,-0.078
43197,92651,7.48,1.526
43199,92666,7.99,0.489
43201,92720,7.9,0.669
43203,92728,5.58,-0.138
43205,92712,7.78,1.082
43207,92737,7.39,1.556
43209,92769,7.61,-0.109
43211,92791,4.22,1.575
43213,92847,7.93,0.026
43215,92920,6.67,1.2
43217,93037,7.53,0.474
43219,93042,6.7,1.363
43221,93104,5.89,-0.09
43223,93311,7.82,0.233
43225,93474,7.94,0.994
43227,93510,7.68,1.552
43229,93665,7.92,0.817
43231,93831,7.23,1.098
43233,93851,7.59,1.079
43235,93903,5.25,-0.109
43237,93929,7.15,0.353
43239,94043,7.04,-0.127
43241,94075,7.97,0.75
43243,94076,6.7,0.643
43245,94142,6.83,0.365
43247,94156,6.55,1.311
43249,94177,7.64,0.369
43251,94366,6.95,-0.027
43253,94447,7.69,0.541
43255,94465,7.93,0.915
43257,94484,7.12,-0.014
43259,94540,7.26,0.444
43261,94547,7.89,-0.011
43263,94669,7.82,-0.081
43265,94992,7.48,0.36
43267,95067,6.3,-0.092
43269,95370,6.44,1.074
43271,95537,7.48,1.62
43273,95616,7.74,-0.022
43275,95621,7.87,0.005
43277,95629,7.76,1.458
43279,95938,7.81,0.561
43281,96052,4.74,-0.15
43283,96098,7.91,0.225
43285,96348,7.14,-0.1
43287,83228,7.35,1.02
43289,83989,7.82,1.24
43291,84259,6.99,1.145
43293,84532,7.48,0.48
43295,84559,7.4,0.972
43297,84656,5.97,1.011
43299,84775,7.8,1.694
43301,84873,7.96,1.084
43303,84949,5.55,0.667
43305,85201,7.35,1.274
43307,85688,6.43,0.51
43309,86009,7.18,0.084
43311,86609,7.9,0.106
43313,86817,7.92,1.469
43315,86939,6.53,0.993
43317,86946,6.51,1.39
43319,87118,7.61,0.194
43321,87130,7.93,0.249
43323,87249,7.76,1.292
43325,87382,6.55,0.541
43327,87445,6.01,1.341
43329,87504,7.01,1.574
43331,87563,5.17,1.166
43333,88265,7.86,0.094
43335,88284,7.86,0.393
43337,88488,7.49,0.065
43339,88533,6.52,0.509
43341,88703,7.44,0.093
43343,88834,7.73,0.258
43345,88840,7.39,1.293
43347,89085,7.79,0.12
43349,89110,7.02,0.025
43351,89246,6.36,1.038
43353,89279,6.04,-0.057
43355,89604,6.12,0.977
43357,89654,7.31,0.05
43359,89754,7.86,1.33
43361,90040,7.87,0.078
43363,90163,6.41,1.429
43365,90191,5.11,0.047
43367,90736,7.81,0.427
43369,90948,6.93,0.971
43371,90954,7.25,0.535
43373,91144,7.68,0.088
43375,91262,0.03,-0.001
43377,91373,6.02,1.444
43379,91820,6.45,1.59
43381,91919,4.67,0.17
43383,91926,4.59,0.18
43385,91951,7.97,0.12
43387,92468,7.28,0.708
43389,92537,7.28,-0.024
43391,92691,7.78,-0.08
43393,93034,7.32,1.6
43395,82740,7.07,0.647
43397,83498,7.88,0.084
43399,83650,6.18,0.281
43401,83666,7.39,0.061
43403,84033,5.06,0.867
43405,84057,7.72,1.167
43407,84556,6.46,0.187
43409,84628,7.02,-0.04
43411,84690,5.76,-0.049
43413,84748,6.64,0.211
43415,84757,6.93,0.037
43417,84881,7.26,0.082
43419,85035,6.68,0.83
43421,85162,5.1,-0.052
43423,85211,6.66,0.388
43425,85357,7.88,-0.044
43427,85389,5.28,-0.058
43429,85549,6.3,-0.01
43431,85628,7.53,-0.043
43433,85673,7.5,0.443
43435,85788,6.04,0.805
43437,85902,7.07,0.033
43439,85967,7.0,-0.018
43441,86356,7.9,0.48
43443,86368,7.43,0.997
43445,86658,7.47,0.098
43447,86755,6.92,-0.027
43449,86850,6.71,-0.008
43451,86894,7.72,-0.002
43453,86905,7.9,1.731
43455,87033,7.64,-0.06
43457,87342,7.87,1.167
43459,87404,6.09,0.949
43461,87599,7.46,1.11
43463,87767,7.82,1.007
43465,87846,4.85,1.176
43467,87957,7.78,0.33
43469,88398,7.41,1.064
43471,88475,7.81,-0.027
43473,88544,7.65,1.642
43475,88711,7.91,1.55
43477,88859,6.13,-0.082
43479,88954,7.35,0.503
43481,88990,7.03,1.091
43483,89022,7.49,-0.027
43485,89112,4.52,1.009
43487,89342,6.82,0.035
43489,89353,7.46,1.214
43491,89409,7.19,1.552
43493,89507,5.45,0.962
43495,89808,6.84,0.533
43497,89832,7.93,-0.046
43499,89855,7.34,0.759
43501,89887,7.18,1.616
43503,89936,6.65,0.276
43505,90200,5.24,-0.163
43507,90422,3.49,-0.179
43509,90597,6.36,0.904
43511,90674,7.11,0.496
43513,90782,7.77,1.098
43515,90830,4.92,-0.101
43517,90842,5.71,1.322
43519,90853,5.07,-0.127
43521,91383,7.63,0.589
43523,91588,7.39,0.556
43525,92094,6.77,1.513
43527,92143,7.39,0.287
43529,92209,7.66,1.528
43531,92260,7.18,1.496
43533,92308,5.46,0.133
43535,92382,5.6,-0.077
43537,92519,7.55,0.534
43539,92603,7.0,1.275
43541,93049,6.27,-0.073
43543,93056,7.54,0.946
43545,79631,7.16,0.019
43547,80035,6.89,1.015
43549,80066,6.11,-0.079
43551,80337,5.37,0.625
43553,80305,7.39,1.661
43555,80925,7.24,0.858
43557,80945,5.31,0.299
43559,81316,7.11,0.087
43561,81477,6.93,-0.02
43563,81645,7.92,0.127
43565,81935,7.52,1.024
43567,81712,7.54,1.595
43569,81903,6.21,0.143
43571,81914,6.14,-0.078
43573,81972,5.64,-0.093
43575,82121,7.07,0.179
43577,82135,5.48,0.975
43579,82154,6.92,-0.029
43581,82366,7.16,0.123
43583,82378,7.99,0.063
43585,82493,5.23,0.047
43587,82543,6.36,0.264
43589,82554,6.35,-0.141
43591,82560,7.04,0.125
43593,82650,5.95,1.643
43595,82669,6.28,0.462
43597,82671,4.7,0.444
43599,82676,5.46,0.176
43601,82685,7.32,0.135
43603,82691,6.07,0.126
43605,82706,6.61,0.15
43607,82716,5.84,0.626
43609,82729,3.62,1.393
43611,82767,7.2,0.087
43613,82775,5.78,0.132
43615,82783,6.3,0.396
43617,82829,6.77,0.029
43619,82832,7.28,1.81
43621,82876,6.7,0.045
43623,82911,6.18,0.228
43625,82936,7.1,0.65
43627,83014,6.59,1.799
43629,83036,7.55,1.61
43631,83104,7.44,1.055
43633,83155,7.88,0.581
43635,83266,7.28,0.108
43637,83457,7.36,0.328
43639,83547,7.39,0.565
43641,83845,7.0,0.223
43643,83858,6.89,0.561
43645,84143,3.32,0.441
43647,84483,6.75,0.13
43649,84687,7.51,0.257
43651,85222,7.79,0.524
43653,85578,7.97,1.262
43655,85682,6.94,0.393
43657,85782,7.19,0.06
43659,85833,7.86,0.235
43661,85889,5.84,0.041
43663,85919,7.35,-0.015
43665,86228,1.86,0.406
43667,86289,7.16,0.641
43669,86311,6.09,-0.057
43671,86375,7.24,0.714
43673,86406,7.83,1.67
43675,86799,7.86,0.033
43677,86847,5.87,0.163
43679,87257,7.57,-0.078
43681,87277,7.94,-0.06
43683,87344,6.69,1.039
43685,87523,6.19,0.523
43687,87711,7.55,1.311
43689,87794,6.78,0.27
43691,87886,6.74,-0.096
43693,87936,4.88,1.617
43695,88109,6.51,-0.088
43697,88338,7.51,1.439
43699,88726,4.92,0.255
43701,88803,7.45,1.12
43703,88903,7.11,-0.106
43705,89031,7.9,0.964
43707,89099,5.86,0.295
43709,89160,7.57,-0.038
43711,89290,5.47,-0.155
43713,89345,6.94,1.05
43715,89373,7.79,0.415
43717,89376,7.89,-0.032
43719,89500,7.04,-0.004
43721,89726,6.3,-0.144
43723,90065,7.98,1.538
43725,90125,7.07,1.028
43727,90152,7.84,0.524
43729,90248,7.57,-0.001
43731,90759,6.02,0.138
43733,90982,4.62,0.994
43735,91040,7.64,0.995
43737,91292,6.96,1.49
43739,91327,7.74,0.036
43741,91336,7.42,0.338
43743,91494,5.42,1.654
43745,91572,7.91,0.397
43747,91629,7.1,0.127
43749,91715,7.51,0.95
43751,91874,7.96,-0.073
43753,91956,7.43,0.431
43755,92085,6.93,0.422
43757,92106,7.09,1.063
43759,92226,5.2,0.781
43761,92310,7.78,1.029
43763,92425,7.56,1.426
43765,92487,6.5,-0.075
43767,92525,7.55,1.05
43769,92608,6.47,1.426
43771,92812,7.84,0.891
43773,92953,5.35,0.998
43775,92971,7.83,1.626
43777,93005,7.62,0.88
43779,93074,6.29,0.21
43781,93209,6.49,-0.04
43783,93250,7.72,-0.025
43785,93283,7.92,1.046
43787,93352,7.84,1.052
43789,93458,7.12,-0.042
43791,93470,6.21,0.001
43793,93542,4.74,-0.027
43795,93847,7.01,0.964
43797,94005,4.57,1.07
43799,94033,7.94,-0.019
43801,94050,7.89,0.862
43803,94130,6.44,1.064
43805,94157,5.86,-0.08
43807,94160,4.1,1.163
43809,94214,7.61,0.47
43811,94243,6.34,0.006
43813,94431,7.29,1.179
43815,94580,7.53,1.361
43817,94652,7.93,1.176
43819,94902,7.43,0.485
43821,94971,8.0,0.57
43823,95072,7.38,0.123
43825,95096,7.3,1.519
43827,95211,6.33,1.129
43829,95347,3.96,-0.105
43831,95684,7.15,0.574
43833,96234,5.89,0.105
43835,96361,7.24,1.074
43837,96508,7.97,1.238
43839,96719,7.5,0.86
43841,96739,6.6,0.247
43843,97302,7.96,1.082
43845,78020,7.75,1.024
43847,78118,6.91,0.115
43849,78142,5.78,1.095
43851,78343,7.65,0.686
43853,78518,7.43,1.797
43855,78533,7.39,0.097
43857,78541,6.99,0.006
43859,78716,7.86,0.6
43861,78747,5.91,0.409
43863,78754,7.08,-0.011
43865,78918,4.22,-0.184
43867,78970,5.72,0.298
43869,79000,6.64,1.116
43871,79044,6.75,-0.056
43873,79214,7.16,0.596
43875,79479,7.39,1.795
43877,79835,7.65,0.451
43879,79874,7.1,1.702
43881,79884,7.76,0.544
43883,79962,6.63,0.375
43885,80267,6.77,1.271
43887,80277,7.17,0.375
43889,80390,5.42,-0.104
43891,80391,7.54,0.5
43893,80431,7.98,0.429
43895,80714,7.89,1.799
43897,80672,5.79,1.104
43899,80829,7.72,0.289
43901,81064,8.0,0.341
43903,81083,7.47,0.213
43905,81136,7.47,0.746
43907,81368,7.36,0.005
43909,81523,5.93,-0.035
43911,81675,7.77,0.479
43913,81842,7.68,0.125
43915,81904,6.05,-0.054
43917,82279,7.89,1.263
43919,82430,7.24,-0.038
43921,82561,7.48,0.16
43923,95774,7.46,0.131
43925,96398,7.73,0.18
43927,96752,7.76,1.596
43929,96896,7.38,0.105
43931,96932,6.86,0.459
43933,97000,7.64,0.394
43935,97007,7.95,0.947
43937,97067,6.14,0.019
43939,97378,7.64,1.63
43941,97546,7.22,0.574
43943,97742,6.65,1.194
43945,97754,7.98,1.455
43947,98008,7.16,0.2
43949,98222,7.34,0.626
43951,98282,7.74,0.841
43953,98287,6.95,0.371
43955,98412,4.37,-0.15
43957,98421,5.3,0.17
43959,98591,7.63,1.503
43961,98756,7.03,0.075
43963,98781,7.09,1.229
43965,98951,6.99,0.008
43967,99115,7.78,0.743
43969,99220,7.63,0.962
43971,76200,7.96,0.717
43973,76485,7.91,0.366
43975,76535,7.49,0.471
43977,76739,6.35,1.418
43979,76943,7.48,-0.053
43981,77010,7.44,0.094
43983,77057,7.94,1.554
43985,77059,6.62,0.962
43987,77064,7.42,1.519
43989,77196,6.88,1.183
43991,77523,7.47,0.01
43993,77634,3.97,-0.045
43995,77679,7.0,0.991
43997,77731,7.64,0.542
43999,77985,6.21,1.371
44001,78058,6.29,0.462
44003,78105,5.14,0.129
44005,78106,5.59,0.072
44007,78196,7.03,-0.011
44009,78306,6.97,0.031
44011,78352,6.57,1.0
44013,78359,6.83,0.035
44015,78486,6.33,1.454
44017,78601,7.78,0.55
44019,78665,6.0,0.47
44021,78726,6.1,0.338
44023,78817,7.07,0.251
44025,78842,7.84,0.818
44027,78973,7.94,0.149
44029,79173,6.18,0.79
44031,79199,5.5,-0.075
44033,97557,7.78,0.624
44035,97824,7.1,0.188
44037,98012,6.47,1.487
44039,98310,7.92,1.178
44041,98319,7.75,0.997
44043,98351,6.27,1.051
44045,98470,5.65,0.498
44047,98499,7.43,0.189
44049,98960,6.53,-0.069
44051,98842,4.99,1.208
44053,98847,7.57,1.491
44055,99302,7.27,-0.032
44057,99399,7.9,1.296
44059,99430,7.6,0.096
44061,99681,6.66,0.792
44063,99878,6.3,1.513
44065,99966,7.51,0.689
44067,99981,7.74,1.092
44069,100224,7.35,0.42
44071,100253,7.24,0.26
44073,100829,7.79,0.524
44075,75092,7.11,1.029
44077,75288,6.53,1.118
44079,75363,7.52,0.721
44081,75605,7.78,0.569
44083,75790,6.43,0.608
44085,76034,7.84,1.519
44087,76068,7.96,0.314
44089,76259,5.13,1.306
44091,76318,7.7,0.303
44093,76470,3.6,1.361
44095,76473,7.39,0.086
44097,76503,6.19,-0.013
44099,76567,6.32,1.176
44101,76600,3.66,-0.177
44103,76690,7.61,0.65
44105,76851,7.29,1.686
44107,77235,6.49,0.332
44109,77339,7.79,1.125
44111,77427,7.68,0.429
44113,77457,7.96,0.259
44115,77729,6.39,0.991
44117,78104,3.87,-0.199
44119,98942,7.48,0.465
44121,99081,7.8,1.315
44123,99121,6.69,1.31
44125,99288,7.12,1.042
44127,99489,7.49,1.347
44129,99825,5.73,0.878
44131,100196,7.61,-0.084
44133,100267,7.72,1.2
44135,100286,7.72,0.213
44137,100288,6.56,0.179
44139,100311,7.89,1.208
44141,100566,7.45,1.102
44143,100674,6.97,1.278
44145,100732,7.45,1.514
44147,100738,5.86,1.101
44149,100765,7.6,-0.056
44151,100819,7.16,1.124
44153,100897,7.54,0.523
44155,100935,7.62,1.184
44157,100952,7.34,1.132
44159,101211,6.35,0.227
44161,101283,7.74,0.934
44163,101367,7.32,0.06
44165,101546,7.81,1.295
44167,101629,7.2,0.424
44169,74732,5.52,1.357
44171,74923,7.7,0.175
44173,75012,7.29,0.427
44175,75227,7.84,1.346
44177,75433,7.3,1.521
44179,75462,7.65,1.102
44181,75694,7.49,1.193
44183,75806,7.77,1.037
44185,76075,6.75,1.486
44187,76140,7.27,1.567
44189,76143,6.26,0.33
44191,76201,7.62,0.585
44193,76310,7.31,0.06
44195,76532,5.79,1.074
44197,76578,7.91,0.231
44199,76782,7.96,0.408
44201,76988,7.11,0.406
44203,100233,7.2,0.594
44205,100386,7.75,1.022
44207,100633,7.71,0.496
44209,100663,7.04,1.295
44211,100947,6.78,0.383
44213,100958,7.93,1.712
44215,100985,7.08,0.874
44217,101013,6.84,1.236
44219,101090,6.13,1.543
44221,101100,7.59,1.293
44223,101336,7.33,1.507
44225,101384,6.35,0.001
44227,101324,7.74,0.384
44229,101443,7.47,0.548
44231,101624,7.65,1.02
44233,101785,7.42,0.465
44235,101808,6.38,0.328
44237,101823,6.89,0.198
44239,101997,6.36,0.719
44241,102018,7.21,0.607
44243,102047,7.6,1.65
44245,102280,7.2,0.965
44247,102298,7.99,0.543
44249,102512,7.35,1.311
44251,74203,7.22,0.483
44253,74391,6.49,1.507
44255,74392,4.54,-0.071
44257,74493,6.07,0.124
44259,74593,6.76,0.429
44261,75027,7.06,0.475
44263,75504,7.52,0.955
44265,75532,7.74,0.151
44267,75552,6.97,1.114
44269,75607,6.97,0.742
44271,75732,7.17,1.008
44273,75939,6.2,0.192
44275,75948,7.79,0.637
44277,76033,6.28,0.22
44279,76071,7.24,0.031
44281,101039,7.08,0.139
44283,101192,7.05,1.261
44285,101525,7.81,0.005
44287,101666,7.19,1.328
44289,101858,7.25,0.94
44291,101922,7.88,1.45
44293,102325,7.44,1.129
44295,102386,7.64,1.1
44297,102486,7.82,0.914
44299,102487,5.91,0.066
44301,102528,7.63,0.382
44303,102660,6.81,0.422
44305,103018,7.29,-0.056
44307,73670,7.79,1.355
44309,73766,7.91,0.442
44311,73945,5.19,1.589
44313,73953,6.41,0.162
44315,74007,7.78,0.426
44317,74050,7.98,0.036
44319,74367,6.68,1.243
44321,74401,7.39,-0.008
44323,74412,6.86,0.973
44325,74413,7.63,1.529
44327,74600,6.18,-0.015
44329,75085,7.38,1.272
44331,75110,6.16,1.024
44333,75112,7.4,1.245
44335,75118,6.14,0.393
44337,75294,6.46,1.603
44339,75330,7.63,1.39
44341,101608,6.19,0.218
44343,101751,6.76,1.26
44345,101799,7.09,-0.041
44347,101879,7.88,1.505
44349,101906,7.18,0.483
44351,101923,5.24,-0.129
44353,101984,5.15,1.647
44355,102026,5.79,0.997
44357,102085,6.95,1.246
44359,102217,7.33,0.347
44361,102061,7.79,0.288
44363,102419,6.98,0.359
44365,102433,7.38,1.02
44367,102521,7.66,0.62
44369,102658,6.99,0.456
44371,102659,7.84,0.461
44373,102685,7.14,0.944
44375,102780,6.2,1.402
44377,103226,5.78,1.122
44379,103240,7.87,0.309
44381,103311,7.27,0.544
44383,103545,5.95,0.244
44385,73249,6.61,0.012
44387,73310,5.88,1.274
44389,73638,7.69,0.056
44391,73939,7.48,0.056
44393,74059,7.66,0.727
44395,74127,7.57,0.364
44397,74145,7.47,0.353
44399,74301,7.36,1.225
44401,74311,7.32,1.173
44403,74488,6.65,0.238
44405,74531,7.49,0.838
44407,74581,6.75,1.676
44409,74765,7.25,0.221
44411,75050,7.94,0.408
44413,102078,7.3,1.154
44415,102218,7.74,0.476
44417,102291,6.81,0.993
44419,102371,6.87,1.569
44421,102738,7.72,0.837
44423,102785,7.74,0.32
44425,102891,5.87,1.075
44427,102903,7.93,0.959
44429,102935,7.6,0.348
44431,102994,7.09,1.061
44433,103037,6.85,1.429
44435,103077,6.38,0.661
44437,103117,7.99,0.919
44439,103162,7.04,1.461
44441,103487,7.41,1.001
44443,103640,6.61,0.177
44445,103671,7.93,0.385
44447,73473,4.91,0.0
44449,73565,6.7,1.317
44451,73571,6.38,0.18
44453,73587,6.59,0.18
44455,73676,7.49,1.716
44457,73615,7.63,1.109
44459,73747,7.31,1.537
44461,74067,8.0,0.598
44463,74771,7.85,0.748
44465,74785,2.61,-0.071
44467,74825,7.31,0.36
44469,102351,7.66,0.332
44471,102618,3.78,0.0
44473,102652,7.25,1.373
44475,102777,7.8,1.555
44477,102975,7.49,0.707
44479,103045,4.73,0.325
44481,103223,7.02,1.086
44483,103401,5.49,1.474
44485,103457,7.52,-0.009
44487,103659,7.49,0.442
44489,103840,7.64,1.384
44491,103851,6.55,1.521
44493,72990,7.43,0.396
44495,73165,4.47,0.318
44497,73208,7.53,0.561
44499,73309,6.08,0.509
44501,73717,7.72,0.752
44503,73846,7.56,0.596
44505,74057,7.64,1.147
44507,74188,7.12,1.057
44509,74623,6.28,1.473
44511,102624,4.43,1.639
44513,102666,6.96,1.169
44515,102820,7.91,0.531
44517,102945,5.99,0.464
44519,103005,5.55,-0.076
44521,103154,6.44,0.361
44523,103164,6.78,0.264
44525,103250,7.81,0.616
44527,103384,7.24,1.071
44529,103550,6.95,0.189
44531,103681,6.53,0.056
44533,103682,6.21,0.635
44535,103769,7.24,1.444
44537,103928,7.68,1.0
44539,103981,5.53,0.683
44541,104111,7.15,1.543
44543,72882,8.0,1.079
44545,72888,7.36,0.913
44547,73193,5.51,1.131
44549,73497,5.52,1.692
44551,73518,6.68,1.196
44553,73536,5.71,1.509
44555,73608,6.6,0.201
44557,73862,7.33,1.024
44559,73982,7.64,0.582
44561,74051,7.98,0.397
44563,74216,7.77,0.396
44565,74338,7.21,0.344
44567,74425,7.23,1.618
44569,74537,6.58,0.763
44571,74595,7.2,0.086
44573,102480,6.76,0.955
44575,102561,6.28,1.558
44577,102564,7.63,1.216
44579,102770,6.24,1.401
44581,102823,7.18,1.203
44583,103026,7.84,1.547
44585,103237,7.75,0.48
44587,103261,6.55,0.286
44589,103347,6.57,-0.078
44591,103370,7.99,1.001
44593,103447,7.84,1.529
44595,103554,7.58,0.376
44597,103729,7.9,1.516
44599,103744,7.95,0.815
44601,103889,6.5,-0.094
44603,103899,7.34,0.401
44605,103926,7.77,0.398
44607,103931,6.91,0.423
44609,103932,6.99,0.967
44611,73093,7.11,0.412
44613,73480,6.72,0.553
44615,73528,7.74,0.402
44617,73620,4.39,1.026
44619,73655,6.91,1.137
44621,73823,7.95,1.222
44623,73930,7.31,0.396
44625,73977,6.59,1.497
44627,74004,7.85,1.125
44629,74129,7.51,0.5
44631,74198,7.75,1.079
44633,74328,7.59,0.211
44635,74435,7.77,0.505
44637,74584,7.99,-0.002
44639,102601,7.22,1.471
44641,102631,6.38,-0.013
44643,102653,6.94,1.051
44645,102688,7.89,0.28
44647,102689,7.25,1.022
44649,102832,7.03,1.513
44651,102929,7.66,0.559
44653,103111,7.53,0.616
44655,103262,6.7,0.377
44657,103391,6.89,0.997
44659,103399,7.7,1.043
44661,103414,6.06,1.217
44663,103722,7.28,1.568
44665,103742,7.16,1.519
44667,103863,6.62,1.077
44669,103892,6.24,0.479
44671,103893,7.16,1.271
44673,103987,7.31,0.547
44675,104041,6.41,1.051
44677,104047,7.63,0.65
44679,104048,6.34,0.965
44681,104090,7.78,0.385
44683,73019,6.74,1.589
44685,73125,7.95,0.121
44687,73148,7.85,0.392
44689,73157,7.28,1.226
44691,73350,5.91,1.615
44693,73652,7.64,0.661
44695,73716,7.15,0.306
44697,73877,7.22,0.23
44699,73914,7.22,0.33
44701,74018,7.3,1.24
44703,74026,6.16,0.921
44705,74079,7.67,0.565
44707,74182,7.07,0.344
44709,74202,7.87,1.016
44711,74508,7.73,1.49
44713,74649,5.32,1.092
44715,74695,6.47,1.308
44717,102407,7.86,0.053
44719,102439,7.43,1.002
44721,102592,7.95,0.405
44723,102612,7.28,0.461
44725,102633,5.57,-0.01
44727,102680,6.78,-0.086
44729,102739,7.75,0.272
44731,102774,7.66,1.613
44733,102833,6.2,0.986
44735,103171,7.79,1.475
44737,103217,7.55,1.603
44739,103301,6.04,0.824
44741,103472,6.84,1.391
44743,103490,7.74,1.579
44745,103569,5.3,0.464
44747,103571,5.24,0.457
44749,103804,7.85,0.3
44751,103813,6.72,0.5
44753,104031,5.63,1.65
44755,73271,7.81,0.432
44757,73390,7.75,0.435
44759,73424,6.99,1.41
44761,73434,7.88,0.594
44763,73449,7.26,0.691
44765,73713,7.88,1.525
44767,73998,6.88,1.535
44769,74001,7.63,0.903
44771,74016,6.72,0.68
44773,74099,7.61,1.32
44775,74288,7.91,0.895
44777,74334,7.55,0.135
44779,74345,7.97,0.276
44781,74359,6.89,0.048
44783,74373,7.41,0.983
44785,74441,6.5,1.274
44787,74670,7.11,0.336
44789,74749,6.74,0.342
44791,74930,7.11,0.497
44793,102296,7.92,0.298
44795,102474,6.98,0.065
44797,102595,7.72,0.71
44799,102627,7.43,0.264
44801,102674,7.11,1.005
44803,102703,7.62,0.581
44805,102795,7.97,0.274
44807,102819,6.32,0.019
44809,102986,6.83,1.518
44811,103271,7.45,0.436
44813,103333,6.74,1.547
44815,103309,7.37,0.893
44817,103483,6.95,0.955
44819,103652,5.98,0.283
44821,103695,7.66,0.038
44823,103781,7.91,0.073
44825,73736,8.0,1.172
44827,73844,7.75,1.507
44829,74109,7.24,0.222
44831,74121,6.16,0.967
44833,74253,6.89,1.655
44835,74366,7.92,0.451
44837,74711,7.13,0.878
44839,75140,7.99,0.69
44841,101848,7.8,0.906
44843,101882,5.69,1.509
44845,101943,7.51,1.122
44847,101967,7.13,1.478
44849,102114,6.81,0.172
44851,102117,7.49,1.486
44853,102131,7.76,0.453
44855,102188,7.73,1.29
44857,102206,7.57,0.425
44859,102380,7.57,0.039
44861,102390,6.71,0.17
44863,102450,7.89,1.094
44865,102514,7.98,0.232
44867,102610,7.43,0.587
44869,102721,7.75,1.383
44871,102805,6.01,0.42
44873,102807,7.12,0.455
44875,102814,7.41,0.961
44877,102850,7.22,1.049
44879,102977,7.58,1.54
44881,103195,7.84,1.016
44883,103203,7.86,1.223
44885,103294,5.19,1.119
44887,103298,5.54,0.131
44889,103381,7.98,0.362
44891,103527,5.51,0.934
44893,103730,7.69,0.398
44895,74734,7.66,0.5
44897,75046,7.46,1.648
44899,75048,7.76,0.48
44901,75340,7.93,0.4
44903,75560,7.87,0.606
44905,101490,7.03,1.62
44907,101645,6.59,1.4
44909,101769,3.64,0.425
44911,101909,5.99,-0.145
44913,101958,3.77,-0.057
44915,102029,6.76,0.458
44917,102038,7.85,0.09
44919,102052,6.81,-0.058
44921,102106,7.86,0.983
44923,102158,6.24,0.942
44925,102080,6.01,1.235
44927,102281,4.43,0.302
44929,102440,6.74,1.419
44931,102490,7.09,0.794
44933,102504,7.12,1.512
44935,102531,5.15,0.495
44937,102532,4.27,1.042
44939,102611,7.6,0.501
44941,102663,7.77,1.518
44943,102758,7.11,-0.048
44945,102800,7.95,1.183
44947,102878,6.63,0.036
44949,103036,6.55,0.982
44951,103085,7.56,0.216
44953,103246,7.85,0.056
44955,103358,7.28,0.921
44957,103366,7.15,1.572
44959,74000,6.03,0.073
44961,74333,7.14,0.341
44963,74386,5.9,1.414
44965,74432,6.69,0.68
44967,74434,7.71,0.743
44969,74437,7.26,1.416
44971,74342,7.64,0.257
44973,74577,7.98,1.093
44975,74896,5.68,0.972
44977,75174,7.75,1.2
44979,75277,7.16,0.804
44981,75535,6.26,0.618
44983,76039,7.75,0.471
44985,100719,7.07,-0.106
44987,100754,5.68,0.921
44989,100971,6.88,0.031
44991,100976,7.93,0.461
44993,101070,6.58,0.233
44995,101139,6.88,-0.146
44997,101143,7.31,-0.12
44999,101154,6.85,0.5
45001,101213,6.21,0.138
45003,101263,6.86,0.255
45005,101312,7.72,-0.049
45007,101316,7.12,1.62
45009,101326,7.43,-0.117
45011,101499,7.76,1.375
45013,101505,6.49,-0.138
45015,101512,7.29,1.573
45017,101782,7.8,0.04
45019,101810,6.22,1.162
45021,101867,4.81,-0.03
45023,101915,7.63,0.159
45025,101919,6.08,-0.043
45027,102031,7.36,-0.046
45029,102040,6.43,0.611
45031,102144,7.4,0.329
45033,102149,7.95,1.09
45035,102170,7.51,1.015
45037,102295,7.85,0.657
45039,102331,7.18,0.13
45041,102384,6.97,0.267
45043,102678,7.14,0.953
45045,102701,7.86,1.008
45047,102836,7.96,0.189
45049,102889,7.91,1.259
45051,74385,6.62,1.62
45053,74505,6.31,0.064
45055,74821,7.84,0.578
45057,74954,7.99,0.737
45059,75125,6.36,1.257
45061,75163,7.25,0.043
45063,75216,7.63,0.279
45065,75233,7.23,1.244
45067,75488,7.89,0.377
45069,75733,7.89,1.194
45071,75774,7.92,1.141
45073,75674,6.01,1.654
45075,75875,7.59,0.194
45077,75883,7.62,1.449
45079,75900,7.61,0.029
45081,76061,7.54,0.9
45083,76573,6.82,1.245
45085,99824,4.79,-0.181
45087,99928,7.73,0.345
45089,100080,8.0,0.854
45091,100083,7.69,1.11
45093,100088,6.98,-0.143
45095,100435,5.5,-0.09
45097,100543,7.39,1.591
45099,100555,7.97,-0.03
45101,100643,6.95,0.714
45103,100686,7.46,-0.037
45105,100723,7.63,0.95
45107,100886,6.88,0.201
45109,100963,7.09,0.642
45111,101074,7.75,1.5
45113,101300,6.37,0.281
45115,101310,7.91,0.097
45117,101447,7.84,0.145
45119,101485,7.9,1.36
45121,101318,6.51,0.864
45123,101418,8.0,0.189
45125,101564,7.77,0.476
45127,101627,7.65,-0.033
45129,101641,6.4,0.158
45131,101868,5.06,-0.133
45133,101870,5.91,0.953
45135,101881,7.42,-0.078
45137,101883,7.71,0.17
45139,101995,7.91,1.366
45141,102120,6.92,-0.054
45143,102277,7.99,-0.064
45145,102309,6.93,-0.046
45147,102454,7.76,0.988
45149,102461,7.7,0.026
45151,75583,7.47,1.337
45153,75695,3.66,0.319
45155,75767,7.64,0.47
45157,75913,7.89,0.129
45159,76267,2.22,0.032
45161,76456,6.46,0.433
45163,76952,3.81,0.02
45165,76792,7.52,1.201
45167,77373,7.43,0.471
45169,77442,5.89,0.608
45171,77721,7.37,1.497
45173,77743,7.93,1.253
45175,77748,7.81,1.216
45177,77975,7.64,0.062
45179,98767,5.73,0.749
45181,98783,6.8,1.165
45183,99258,7.91,1.537
45185,99342,7.91,1.66
45187,99361,7.5,-0.029
45189,99400,7.19,-0.009
45191,99402,7.61,-0.096
45193,99487,7.2,1.637
45195,99518,5.51,1.397
45197,99520,7.29,-0.089
45199,99528,7.59,-0.086
45201,99617,7.8,-0.062
45203,99738,5.19,0.191
45205,99874,4.5,1.258
45207,99927,6.65,-0.066
45209,99942,7.19,-0.038
45211,100018,6.24,1.01
45213,100176,7.22,0.635
45215,100242,6.78,-0.14
45217,99917,7.2,0.997
45219,99961,7.8,0.14
45221,100145,6.61,1.653
45223,100171,7.92,0.453
45225,100316,7.75,0.15
45227,100439,7.99,0.278
45229,100476,7.03,1.207
45231,100510,8.0,0.365
45233,100616,7.27,0.254
45235,100681,7.82,0.423
45237,100689,7.14,1.174
45239,100927,7.49,0.235
45241,101002,7.92,0.202
45243,101041,7.97,0.202
45245,101054,7.39,0.366
45247,101152,7.82,-0.062
45249,101172,7.05,0.64
45251,101210,7.37,0.962
45253,101381,6.89,1.083
45255,101460,7.71,0.283
45257,101716,5.59,-0.05
45259,101930,6.98,1.287
45261,76536,7.89,0.591
45263,76610,7.22,0.245
45265,76944,6.71,1.359
45267,76993,7.26,0.455
45269,77048,5.57,1.076
45271,77323,7.8,-0.057
45273,77379,7.04,1.193
45275,77397,6.41,1.517
45277,78061,7.89,1.655
45279,78260,7.37,1.545
45281,78429,6.61,1.094
45283,78431,7.07,1.203
45285,78459,5.39,0.612
45287,78516,7.67,0.597
45289,78722,6.78,0.065
45291,78729,7.9,1.266
45293,78789,7.83,1.191
45295,78829,7.69,0.264
45297,78851,6.71,1.524
45299,79350,6.3,1.228
45301,79607,5.23,0.599
45303,97087,6.04,-0.071
45305,97222,7.68,1.0
45307,97295,5.0,0.476
45309,97485,6.42,0.129
45311,97629,7.91,2.1
45313,97832,7.92,-0.057
45315,97930,6.73,1.1
45317,97957,7.46,1.619
45319,98093,7.29,-0.071
45321,98094,7.54,-0.08
45323,98138,6.8,0.646
45325,98182,6.96,-0.031
45327,98186,7.51,-0.051
45329,98315,7.24,0.424
45331,98325,5.51,-0.06
45333,98402,6.64,0.0
45335,98409,7.55,-0.2
45337,98441,7.29,-0.051
45339,98525,6.93,-0.106
45341,98587,7.74,0.817
45343,98606,7.98,-0.07
45345,98630,6.61,-0.076
45347,98701,6.39,1.205
45349,98845,7.47,0.869
45351,98796,7.84,-0.05
45353,98831,6.88,0.271
45355,98838,7.67,-0.057
45357,98863,5.62,0.76
45359,99168,7.96,0.03
45361,99235,7.98,1.038
45363,99278,7.87,1.392
45365,99279,7.88,0.01
45367,99312,7.26,1.52
45369,99324,7.82,0.034
45371,99401,7.81,0.27
45373,99409,7.71,0.075
45375,99415,7.65,-0.045
45377,99431,6.96,-0.104
45379,99449,7.29,0.023
45381,99498,7.75,0.501
45383,99564,7.85,0.26
45385,99741,7.29,0.111
45387,99746,7.12,-0.126
45389,99801,6.87,0.018
45391,99830,7.84,1.011
45393,99841,5.7,0.926
45395,99868,7.68,0.58
45397,99953,7.18,0.066
45399,99967,6.92,-0.001
45401,100058,7.57,-0.02
45403,100095,7.24,0.267
45405,100127,7.82,-0.01
45407,100211,7.32,0.392
45409,100296,7.53,-0.08
45411,100377,7.64,1.648
45413,100384,6.77,0.261
45415,100486,6.09,1.363
45417,100503,7.21,0.859
45419,100708,7.94,0.8
45421,100857,7.38,0.002
45423,77655,4.79,0.996
45425,77933,7.12,0.159
45427,78235,7.33,1.485
45429,78276,5.61,1.529
45431,78281,7.77,0.924
45433,78649,5.79,0.586
45435,78798,7.64,1.143
45437,78854,7.39,0.87
45439,79104,7.57,0.324
45441,79362,7.82,0.838
45443,79119,4.73,1.015
45445,79314,7.68,1.109
45447,79358,5.62,1.352
45449,79480,7.08,0.363
45451,79501,7.49,1.36
45453,79651,7.25,1.052
45455,79691,7.0,1.332
45457,79753,7.73,1.514
45459,79845,7.46,0.135
45461,79862,7.5,0.631
45463,79939,7.22,1.128
45465,79976,7.97,0.944
45467,80042,6.57,1.527
45469,80281,7.19,0.911
45471,80327,7.88,1.093
45473,80349,7.77,0.864
45475,80362,7.71,1.479
45477,80460,5.53,0.174
45479,80748,7.93,1.527
45481,80885,7.98,0.48
45483,81085,6.59,0.442
45485,81398,7.65,1.418
45487,81529,7.41,0.158
45489,81623,7.77,1.317
45491,94031,7.73,0.33
45493,94577,7.71,1.106
45495,94666,7.75,0.551
45497,94713,4.35,1.258
45499,94932,6.25,0.012
45501,94981,6.29,0.676
45503,95245,6.6,1.106
45505,95353,7.94,0.23
45507,95409,7.86,0.104
45509,95480,6.8,1.129
45511,95556,5.17,-0.12
45513,95673,6.3,-0.12
45515,95679,7.55,-0.033
45517,95833,6.66,0.349
45519,95953,6.26,-0.015
45521,96010,7.67,0.138
45523,96189,7.35,0.331
45525,96194,7.86,1.292
45527,96387,6.03,-0.08
45529,96415,6.75,1.52
45531,96491,6.51,-0.127
45533,96517,6.93,0.287
45535,96546,6.44,1.559
45537,96579,6.55,0.934
45539,96609,7.53,1.266
45541,96866,7.59,-0.02
45543,96906,7.48,0.439
45545,96986,7.56,1.352
45547,96995,7.81,1.16
45549,96997,7.92,0.53
45551,97009,7.91,-0.013
45553,97029,6.37,1.22
45555,97083,7.18,-0.112
45557,97100,7.57,0.104
45559,97118,4.89,0.948
45561,97142,6.39,1.521
45563,97228,6.38,-0.049
45565,97232,7.16,0.024
45567,97242,6.14,1.07
45569,97259,7.95,1.453
45571,97336,7.83,0.661
45573,97376,5.83,-0.087
45575,97379,7.89,1.559
45577,97435,7.57,1.382
45579,97440,7.82,0.125
45581,97477,6.66,0.437
45583,97609,7.08,-0.07
45585,97651,6.13,1.626
45587,97752,7.72,0.357
45589,97640,8.0,0.787
45591,97789,6.13,1.434
45593,97847,7.84,1.652
45595,97878,7.78,0.886
45597,97907,7.02,-0.11
45599,97985,5.79,0.773
45601,98004,7.22,1.14
45603,98110,3.89,1.019
45605,98116,7.58,0.83
45607,98126,7.9,-0.05
45609,98143,6.03,-0.14
45611,98193,7.26,0.47
45613,98239,7.9,0.078
45615,98262,7.45,-0.04
45617,98289,7.71,-0.07
45619,98343,6.99,0.031
45621,98425,5.15,-0.133
45623,98448,7.01,1.09
45625,98465,7.66,1.7
45627,98510,6.72,-0.077
45629,98563,6.23,1.314
45631,98637,7.42,-0.075
45633,98638,7.88,1.401
45635,98753,6.62,0.148
45637,98817,7.7,1.037
45639,98976,7.78,0.138
45641,98999,7.29,0.204
45643,99002,6.77,0.127
45645,99005,7.36,0.189
45647,99031,5.38,0.85
45649,99049,7.88,1.0
45651,99122,7.26,0.095
45653,99145,6.12,0.117
45655,99283,7.38,0.126
45657,99532,7.24,0.266
45659,99562,7.81,1.5
45661,79385,6.39,1.262
45663,79765,6.76,1.527
45665,80008,5.48,0.41
45667,80528,6.9,1.104
45669,80827,7.88,0.584
45671,81001,7.3,0.803
45673,81261,7.95,0.983
45675,81445,6.74,1.147
45677,81833,3.48,0.916
45679,81666,7.57,1.171
45681,82012,6.07,1.415
45683,82123,7.97,0.373
45685,82172,5.86,1.504
45687,82200,7.93,1.177
45689,82252,7.96,1.132
45691,82308,7.51,0.164
45693,82355,6.18,1.257
45695,82419,6.29,1.086
45697,82464,7.68,0.637
45699,82636,6.81,0.631
45701,82703,7.05,1.011
45703,82741,7.73,0.983
45705,83013,6.36,1.28
45707,83186,7.25,1.04
45709,83245,8.0,0.931
45711,83370,7.99,0.439
45713,83309,7.23,0.876
45715,83441,7.99,0.538
45717,83447,7.87,0.78
45719,83816,6.34,0.032
45721,83947,5.07,1.275
45723,84004,7.33,1.253
45725,84022,7.54,0.452
45727,84118,6.75,1.345
45729,84266,7.6,1.147
45731,84441,7.38,1.51
45733,84932,7.64,0.916
45735,85001,7.55,1.407
45737,85539,7.78,1.515
45739,85888,5.72,1.089
45741,86008,7.26,1.274
45743,86272,7.87,0.059
45745,86550,7.0,0.184
45747,87454,7.56,-0.001
45749,87531,7.46,0.256
45751,87631,7.35,1.013
45753,87944,6.83,-0.029
45755,87952,7.85,0.965
45757,88103,6.71,1.106
45759,88347,7.33,1.139
45761,88498,7.84,0.296
45763,88515,7.09,1.166
45765,88543,7.29,0.154
45767,88565,6.38,0.287
45769,88660,7.99,1.484
45771,88820,7.54,1.579
45773,89282,7.38,0.649
45775,89317,7.29,1.015
45777,89482,5.56,-0.111
45779,89820,7.56,1.054
45781,90007,7.49,1.292
45783,90010,7.86,1.187
45785,90187,6.65,0.097
45787,90720,6.99,1.227
45789,90747,7.27,0.443
45791,91120,7.16,0.442
45793,91145,7.73,0.299
45795,91164,7.25,0.936
45797,91192,6.92,0.066
45799,91250,6.21,0.251
45801,91491,6.25,-0.052
45803,91610,7.72,0.021
45805,91674,6.64,0.327
45807,92048,7.89,1.652
45809,92098,6.06,-0.12
45811,92305,7.87,0.44
45813,92404,7.74,1.486
45815,92455,7.31,1.256
45817,92570,7.36,0.96
45819,92599,6.28,-0.083
45821,92700,6.6,1.407
45823,92713,6.61,1.599
45825,92739,7.85,0.397
45827,92771,7.32,0.51
45829,92831,5.46,1.034
45831,92869,6.83,0.101
45833,92891,6.55,1.294
45835,93064,7.25,0.428
45837,93129,7.47,0.046
45839,93146,7.51,0.972
45841,93177,6.2,-0.146
45843,93210,6.43,-0.168
45845,93222,7.79,1.567
45847,93231,7.54,-0.06
45849,93266,7.09,0.3
45851,93309,6.53,1.463
45853,93318,7.91,0.528
45855,93327,7.72,0.407
45857,93329,7.86,-0.06
45859,93335,7.65,0.85
45861,93350,6.82,0.534
45863,93427,7.2,0.569
45865,93482,7.88,0.055
45867,93511,7.87,0.51
45869,93631,7.66,1.64
45871,93749,7.23,1.622
45873,93808,6.51,-0.147
45875,93907,7.14,-0.024
45877,93910,7.36,0.391
45879,93954,7.61,0.26
45881,93989,7.32,1.425
45883,94182,7.51,-0.084
45885,94192,7.1,0.041
45887,94232,7.93,1.586
45889,94234,7.91,-0.04
45891,94252,7.57,0.76
45893,94280,6.2,0.093
45895,94328,7.5,0.068
45897,94354,7.08,1.573
45899,94481,4.43,-0.15
45901,94498,7.93,1.557
45903,94659,6.97,1.304
45905,94780,7.1,0.907
45907,94629,7.65,0.4
45909,94781,6.93,1.548
45911,94799,6.57,1.122
45913,94923,6.88,0.035
45915,94924,7.92,0.33
45917,94972,7.68,1.119
45919,94977,7.32,1.575
45921,95056,6.81,0.799
45923,95119,7.05,1.229
45925,95201,7.79,0.958
45927,95336,7.97,-0.05
45929,95342,7.0,1.149
45931,95377,7.47,1.38
45933,95528,7.88,1.019
45935,95548,8.0,0.327
45937,95605,7.42,-0.026
45939,95764,6.9,0.875
45941,96145,7.8,-0.08
45943,96195,6.61,0.113
45945,96201,7.86,0.22
45947,96371,7.91,0.351
45949,96448,7.45,0.094
45951,96501,7.97,0.682
45953,96659,7.76,-0.092
45955,96887,6.91,0.147
45957,96907,6.22,0.182
45959,96958,7.94,0.037
45961,97018,6.95,0.308
45963,97311,7.46,0.13
45965,97538,6.12,0.906
45967,97630,5.18,1.665
45969,82646,7.53,1.187
45971,82974,7.49,0.962
45973,83076,7.99,0.912
45975,83593,6.45,0.099
45977,83835,7.86,1.278
45979,84106,6.57,1.588
45981,84169,7.23,0.684
45983,84260,7.56,-0.158
45985,84785,6.66,0.332
45987,84850,6.84,1.043
45989,86301,7.05,0.068
45991,86302,7.5,0.569
45993,86422,6.88,0.086
45995,86414,3.82,-0.179
45997,86501,6.36,1.199
45999,86713,6.38,1.521
46001,86791,6.75,-0.029
46003,86999,7.97,0.393
46005,87124,7.7,0.844
46007,87315,7.83,0.119
46009,87377,7.34,0.397
46011,87691,7.68,0.727
46013,87840,6.92,-0.018
46015,87850,6.22,1.453
46017,87877,6.75,0.524
46019,88030,6.48,-0.064
46021,88122,5.69,1.562
46023,88239,7.59,0.088
46025,88350,7.1,0.483
46027,88485,7.58,1.026
46029,88715,7.46,0.402
46031,88722,7.37,1.302
46033,88788,5.0,0.913
46035,88852,6.84,0.44
46037,89082,6.82,0.991
46039,89325,7.49,1.005
46041,89474,6.3,0.641
46043,89689,7.85,0.092
46045,90072,7.87,1.008
46047,90170,6.63,1.682
46049,90488,7.79,1.553
46051,90517,7.84,0.16
46053,90524,7.45,1.183
46055,90586,7.49,0.619
46057,90612,7.34,1.027
46059,90813,7.98,0.593
46061,90831,7.15,1.201
46063,90886,6.96,1.501
46065,91213,7.37,1.486
46067,91615,7.31,0.312
46069,91666,7.87,0.378
46071,91782,7.17,0.889
46073,91949,7.54,0.843
46075,92116,7.19,1.514
46077,92291,6.97,0.347
46079,92352,6.54,0.81
46081,92472,7.05,1.334
46083,92541,7.23,-0.085
46085,92615,7.44,0.495
46087,92668,7.21,1.274
46089,92714,7.79,0.461
46091,92862,4.08,1.397
46093,92926,6.92,0.2
46095,93204,6.86,-0.001
46097,93401,7.57,-0.023
46099,93656,6.99,-0.022
46101,93971,7.67,0.556
46103,82515,7.23,0.448
46105,82772,7.75,0.12
46107,83116,6.64,0.347
46109,83216,5.98,0.883
46111,83849,6.93,1.48
46113,84086,7.45,0.044
46115,84105,5.94,1.786
46117,84657,6.99,0.008
46119,84717,7.89,-0.011
46121,84759,6.27,0.413
46123,84997,7.59,-0.035
46125,85241,7.62,0.483
46127,85300,7.88,1.222
46129,85308,6.89,-0.06
46131,85312,5.19,1.055
46133,85342,7.04,0.482
46135,85362,7.87,-0.062
46137,85409,5.9,0.063
46139,85599,7.78,1.132
46141,85610,7.82,0.546
46143,85792,2.84,-0.136
46145,85937,7.76,-0.062
46147,86227,6.92,-0.032
46149,86248,5.89,1.109
46151,86486,4.76,0.415
46153,86497,7.7,1.025
46155,86516,7.3,0.677
46157,86628,6.28,1.661
46159,86647,7.72,0.463
46161,86652,7.98,0.478
46163,86674,7.78,0.94
46165,86690,7.75,0.512
46167,86921,7.3,0.516
46169,86943,6.83,1.693
46171,87324,7.17,0.328
46173,87353,7.49,1.745
46175,87789,7.15,0.938
46177,88161,7.64,0.572
46179,88714,3.65,-0.101
46181,88755,7.76,0.194
46183,88883,7.36,0.468
46185,89264,6.51,0.351
46187,89405,7.58,1.332
46189,89460,6.58,0.891
46191,89597,6.06,-0.046
46193,89797,7.36,0.353
46195,89840,6.56,0.149
46197,90223,6.45,0.593
46199,90568,4.1,0.995
46201,90691,7.84,0.501
46203,90988,7.75,1.043
46205,91084,6.79,1.296
46207,91091,7.39,1.166
46209,91406,6.54,1.407
46211,91411,7.82,0.309
46213,91647,6.54,0.877
46215,92157,6.54,0.291
46217,92199,6.92,-0.067
46219,92799,6.58,0.085
46221,92820,7.22,0.022
46223,92977,6.65,0.836
46225,78405,7.4,1.193
46227,78607,7.36,0.073
46229,79322,6.65,0.482
46231,79487,7.52,0.326
46233,80212,5.89,1.121
46235,80394,7.64,1.207
46237,80401,7.57,0.119
46239,80421,6.32,0.187
46241,80525,7.5,1.645
46243,80563,7.91,0.148
46245,80652,7.0,1.545
46247,80680,7.69,0.56
46249,80721,7.32,0.134
46251,80782,5.35,0.488
46253,80830,7.87,1.879
46255,80965,7.61,1.837
46257,81006,7.78,0.142
46259,81096,7.5,1.819
46261,81122,4.86,0.045
46263,81198,6.43,1.346
46265,81444,7.95,1.17
46267,81434,6.62,1.539
46269,81458,7.46,0.622
46271,81508,7.53,0.198
46273,81606,7.27,0.432
46275,81678,7.23,0.023
46277,81746,7.03,0.653
46279,81847,6.22,0.821
46281,81900,7.06,-0.054
46283,81949,7.95,0.267
46285,81957,7.99,1.041
46287,82091,6.47,0.087
46289,82189,7.22,1.692
46291,82193,7.41,0.003
46293,82195,7.22,1.05
46295,82221,7.22,0.029
46297,82238,6.69,0.377
46299,82284,7.88,0.569
46301,82302,7.38,0.901
46303,82594,7.59,0.123
46305,82666,7.92,0.12
46307,82711,7.41,0.388
46309,82874,7.45,0.061
46311,82875,7.75,0.302
46313,83039,7.92,0.128
46315,83202,6.5,0.403
46317,83230,6.58,1.81
46319,83438,6.75,1.239
46321,83481,6.07,0.072
46323,83529,7.63,1.21
46325,83587,7.54,-0.014
46327,83594,6.28,0.074
46329,83603,7.08,0.533
46331,83722,7.96,1.004
46333,83802,6.89,0.255
46335,83943,7.74,0.078
46337,83973,6.9,0.327
46339,84010,6.73,0.287
46341,84073,7.52,0.101
46343,84121,7.53,0.637
46345,84267,7.1,0.028
46347,84278,7.9,1.176
46349,84383,7.57,0.407
46351,84449,7.77,0.084
46353,84720,5.47,0.764
46355,84787,6.67,0.614
46357,85079,5.21,-0.097
46359,85223,6.75,-0.062
46361,85398,7.14,-0.05
46363,85467,6.57,0.184
46365,85907,7.88,1.129
46367,85957,7.66,-0.13
46369,85968,7.59,1.634
46371,85975,6.32,0.953
46373,86092,4.56,-0.02
46375,86139,7.95,1.185
46377,86552,5.78,-0.004
46379,86602,7.41,0.471
46381,86735,7.53,-0.04
46383,86790,7.89,0.945
46385,87146,7.11,0.147
46387,87302,7.57,0.173
46389,87805,7.43,-0.034
46391,87826,7.84,1.135
46393,88087,7.91,0.1
46395,88152,6.7,-0.017
46397,88491,7.69,1.804
46399,88743,7.11,0.989
46401,88782,7.64,0.655
46403,89096,6.07,1.193
46405,89386,7.31,1.181
46407,89557,7.85,-0.031
46409,90105,7.39,0.293
46411,90414,5.44,0.855
46413,90546,7.98,0.649
46415,90585,7.69,1.066
46417,90620,7.6,1.137
46419,90662,5.69,1.258
46421,90743,6.6,0.52
46423,91098,7.88,1.139
46425,91270,7.33,0.686
46427,91301,6.88,0.362
46429,91461,5.84,0.233
46431,91484,7.6,0.7
46433,91589,6.8,0.079
46435,91662,6.47,1.22
46437,91732,6.6,0.466
46439,92033,7.17,1.329
46441,92039,6.81,0.211
46443,92050,7.57,1.542
46445,92229,7.87,1.629
46447,92367,5.8,0.891
46449,92470,7.07,-0.142
46451,92630,5.51,1.641
46453,92669,6.17,0.051
46455,92676,6.17,0.124
46457,92750,6.89,0.508
46459,92760,7.31,0.043
46461,92788,6.65,-0.081
46463,92985,7.74,1.364
46465,93188,6.63,1.322
46467,93338,7.12,1.035
46469,93422,7.38,1.05
46471,93546,6.86,0.96
46473,93682,6.66,1.018
46475,93539,7.59,-0.078
46477,93616,7.62,-0.027
46479,93862,5.95,-0.017
46481,93888,7.98,1.465
46483,93915,7.5,0.289
46485,94037,7.74,1.143
46487,94556,5.91,0.902
46489,94614,7.42,0.891
46491,94712,5.38,1.349
46493,94849,7.27,-0.085
46495,95469,7.8,0.403
46497,95241,3.96,-0.085
46499,95294,4.27,0.35
46501,95396,6.13,1.603
46503,95445,6.88,1.091
46505,95489,7.62,1.603
46507,95603,6.65,1.663
46509,95734,7.51,0.65
46511,95745,7.7,0.993
46513,95823,5.7,0.214
46515,96018,6.84,0.99
46517,96095,6.48,0.526
46519,96102,7.53,0.961
46521,96138,7.11,0.7
46523,96178,5.59,-0.02
46525,96418,7.18,1.544
46527,96502,7.97,0.919
46529,96680,7.48,0.391
46531,96721,6.24,0.293
46533,97076,7.28,1.23
46535,98090,7.17,-0.073
46537,76591,6.59,-0.069
46539,76608,6.05,0.204
46541,76824,6.51,0.446
46543,77350,6.41,0.88
46545,77481,7.4,-0.01
46547,77888,7.7,1.12
46549,77951,7.6,1.099
46551,77958,6.68,0.402
46553,78027,7.41,1.087
46555,78042,7.05,0.117
46557,78046,6.04,0.13
46559,78215,7.9,0.166
46561,78267,8.0,0.581
46563,78367,6.51,1.499
46565,78435,6.67,0.249
46567,78445,6.21,0.01
46569,78323,4.99,0.988
46571,78547,6.91,0.501
46573,78585,7.97,1.193
46575,78756,6.95,-0.084
46577,78765,7.83,0.761
46579,78781,7.8,1.478
46581,78853,7.83,0.65
46583,78915,7.22,0.735
46585,78966,7.18,1.594
46587,79080,7.0,0.19
46589,79081,6.65,-0.071
46591,79230,7.07,0.145
46593,79311,7.89,0.475
46595,79320,5.86,0.273
46597,79429,7.74,0.41
46599,79661,6.14,1.114
46601,79716,6.92,1.198
46603,79963,5.44,0.099
46605,80013,7.72,0.666
46607,80160,7.44,0.321
46609,80186,7.62,0.16
46611,80307,7.53,0.1
46613,80943,7.76,0.255
46615,81305,5.46,0.338
46617,81472,5.83,-0.053
46619,95285,7.74,1.537
46621,95701,7.82,1.231
46623,96053,7.5,0.53
46625,96545,7.65,0.438
46627,96598,7.56,0.241
46629,96694,7.84,1.467
46631,97131,6.83,1.286
46633,97370,7.12,0.564
46635,97455,7.43,1.013
46637,97639,7.65,0.219
46639,97710,7.85,0.575
46641,97749,5.32,-0.045
46643,98032,4.12,1.063
46645,98305,7.91,0.927
46647,98334,7.61,1.264
46649,98485,6.11,1.634
46651,98208,7.74,1.111
46653,98579,6.31,0.113
46655,98689,7.55,0.308
46657,98739,7.59,0.352
46659,98763,6.91,0.252
46661,99354,8.0,1.535
46663,99886,7.79,0.945
46665,99957,7.03,0.441
46667,100045,6.72,0.518
46669,75056,7.78,0.175
46671,75332,7.99,0.624
46673,75436,6.75,0.076
46675,75509,7.63,0.122
46677,75549,7.62,1.228
46679,75571,6.81,1.121
46681,75647,5.46,-0.15
46683,75727,7.0,1.614
46685,75986,7.95,0.272
46687,76098,7.5,0.022
46689,76705,4.66,0.964
46691,76797,7.58,0.293
46693,76939,5.23,0.987
46695,76945,4.75,-0.151
46697,77150,7.72,0.082
46699,77286,5.61,-0.117
46701,77295,7.95,0.14
46703,77315,6.82,0.024
46705,77317,7.34,0.005
46707,77358,6.01,0.715
46709,77396,7.47,0.375
46711,77685,7.18,1.415
46713,77772,7.74,0.652
46715,78236,6.31,1.006
46717,78384,3.42,-0.206
46719,78655,4.9,-0.146
46721,98099,6.62,1.705
46723,98226,6.55,0.416
46725,98461,5.95,0.989
46727,98556,7.7,0.413
46729,98560,7.72,0.505
46731,98761,4.77,1.417
46733,98766,6.85,1.031
46735,98813,6.91,0.614
46737,98979,7.94,0.427
46739,98990,7.68,0.49
46741,99668,6.9,0.458
46743,99461,5.32,0.868
46745,99920,6.3,1.467
46747,99926,6.55,0.381
46749,100266,6.62,0.592
46751,100332,6.46,1.311
46753,100417,7.49,0.586
46755,100523,7.01,0.374
46757,100575,7.59,0.96
46759,100692,7.95,1.09
46761,100852,6.24,0.961
46763,100990,7.83,1.039
46765,100991,6.74,1.27
46767,101017,6.09,-0.094
46769,73898,7.94,1.443
46771,74389,7.76,0.662
46773,74604,4.91,0.374
46775,74857,4.35,1.1
46777,74929,6.18,1.205
46779,74985,7.76,0.079
46781,75040,7.88,0.408
46783,75207,7.0,1.542
46785,75319,7.76,1.746
46787,75472,7.41,0.337
46789,75711,7.48,0.021
46791,75772,7.15,0.28
46793,75941,7.51,0.996
46795,76001,6.87,0.65
46797,76048,6.49,0.065
46799,76217,6.98,0.011
46801,76395,6.26,-0.07
46803,100358,7.68,0.442
46805,100811,7.4,1.061
46807,100925,6.61,0.724
46809,101368,7.78,0.214
46811,101551,7.86,0.483
46813,101552,6.42,-0.075
46815,101830,7.28,1.604
46817,101918,7.55,1.401
46819,102014,5.47,1.118
46821,102092,5.75,1.551
46823,102336,7.39,1.291
46825,102435,6.78,0.333
46827,102769,7.26,1.5
46829,103011,7.51,1.468
46831,103103,6.35,1.1
46833,73150,6.91,0.015
46835,73566,5.83,0.164
46837,73674,7.66,0.622
46839,73710,7.73,0.47
46841,73754,7.18,0.573
46843,73824,7.06,1.087
46845,73919,7.94,1.442
46847,73957,7.97,1.272
46849,73981,7.86,0.374
46851,74105,7.89,0.505
46853,74131,6.92,1.724
46855,74149,7.67,0.31
46857,74239,5.75,1.045
46859,74539,5.84,1.139
46861,74675,6.79,0.372
46863,74840,7.78,0.448
46865,75077,7.18,0.073
46867,75272,6.5,1.011
46869,101469,7.0,0.262
46871,101738,7.95,1.439
46873,101904,7.95,0.541
46875,102020,7.75,1.066
46877,101976,7.57,0.915
46879,102030,7.73,0.208
46881,102032,6.51,0.594
46883,102050,6.69,1.273
46885,102094,6.29,1.224
46887,102108,7.63,-0.062
46889,102134,7.59,0.408
46891,102264,6.95,0.671
46893,102373,7.24,0.279
46895,102414,6.5,0.946
46897,102507,7.01,0.414
46899,102538,7.88,0.341
46901,102581,7.89,0.505
46903,102584,7.13,0.65
46905,102641,7.57,1.031
46907,102845,7.16,1.047
46909,102954,6.74,0.509
46911,102959,6.84,0.26
46913,102963,7.12,0.489
46915,102978,4.12,1.633
46917,103148,7.74,0.543
46919,103168,6.41,1.634
46921,103207,7.69,1.423
46923,103389,5.7,0.507
46925,103670,7.93,1.147
46927,103777,6.04,0.073
46929,72895,7.06,0.143
46931,72929,5.27,1.336
46933,73110,7.49,1.113
46935,73181,7.95,0.553
46937,73189,6.94,0.205
46939,73287,7.89,0.529
46941,73442,7.66,1.634
46943,73714,3.25,1.674
46945,73820,7.53,0.074
46947,73830,7.99,1.219
46949,73884,7.14,1.311
46951,73896,6.73,1.028
46953,73900,7.2,0.41
46955,73927,6.13,1.04
46957,73865,6.65,-0.02
46959,73992,7.23,1.022
46961,74119,7.92,1.709
46963,74206,6.55,1.577
46965,74219,7.96,0.0
46967,74490,6.47,-0.026
46969,74500,6.47,0.691
46971,74540,7.76,0.929
46973,102316,7.9,1.129
46975,102485,4.13,0.426
46977,102494,7.52,0.103
46979,102516,7.85,0.461
46981,102636,7.85,1.594
46983,102668,7.97,0.247
46985,102675,7.31,0.527
46987,102772,5.86,-0.069
46989,102869,6.84,0.49
46991,102928,7.59,1.25
46993,103192,7.69,1.148
46995,103071,6.32,0.876
46997,103158,7.28,0.949
46999,103429,7.64,0.5
47001,103746,7.81,1.591
47003,103916,7.7,0.253
47005,103957,7.88,0.476
47007,104216,7.51,0.94
47009,104229,7.09,0.423
47011,104317,7.81,0.315
47013,72501,7.19,0.251
47015,72702,6.27,1.094
47017,72692,7.61,1.097
47019,72871,7.49,0.458
47021,72994,7.39,1.132
47023,73096,7.69,0.496
47025,73184,5.72,1.024
47027,73433,7.81,1.019
47029,73514,7.94,1.6
47031,73588,7.85,1.246
47033,73904,7.66,1.172
47035,74111,7.99,1.187
47037,102908,7.14,0.45
47039,103027,7.36,1.046
47041,103114,6.82,1.025
47043,103166,7.46,0.57
47045,103224,6.66,0.297
47047,103398,7.47,1.346
47049,103616,6.26,-0.11
47051,103865,6.96,1.278
47053,104019,4.82,0.169
47055,104204,6.54,1.28
47057,104365,5.3,0.0
47059,104367,7.89,0.511
47061,104276,6.69,0.919
47063,104429,6.73,1.003
47065,104452,6.25,0.385
47067,72186,7.29,1.429
47069,72194,6.33,1.194
47071,72423,6.87,0.621
47073,72603,5.15,0.401
47075,72622,2.75,0.147
47077,72640,7.19,0.578
47079,72677,6.55,0.483
47081,72769,7.71,0.433
47083,73074,8.0,0.624
47085,73097,7.28,0.428
47087,73238,6.64,1.253
47089,73636,6.93,0.998
47091,73751,7.93,1.252
47093,103338,7.53,1.104
47095,103460,5.89,0.18
47097,103601,7.98,0.446
47099,103703,6.07,1.267
47101,103825,7.85,0.221
47103,103920,7.44,1.147
47105,103976,7.47,0.453
47107,103847,7.79,0.908
47109,104121,8.0,0.921
47111,104139,4.08,-0.01
47113,104297,6.18,-0.035
47115,104321,7.72,1.644
47117,104444,6.72,1.533
47119,104505,7.53,0.343
47121,104670,7.64,0.26
47123,104687,7.44,0.654
47125,104914,6.05,0.978
47127,104974,5.31,1.639
47129,71745,6.97,1.629
47131,71808,7.74,1.219
47133,71873,6.82,1.216
47135,72299,8.0,0.285
47137,72373,6.34,1.097
47139,72442,7.66,1.064
47141,72478,7.53,0.528
47143,72489,5.32,0.066
47145,72553,7.98,0.432
47147,72596,7.12,0.472
47149,72650,7.72,1.462
47151,72731,7.8,0.376
47153,72750,7.95,1.118
47155,72804,7.7,0.48
47157,72934,5.78,0.982
47159,73064,7.59,0.325
47161,73133,5.48,1.491
47163,73200,7.81,0.073
47165,73213,7.14,1.41
47167,73291,7.72,1.211
47169,103728,6.55,0.852
47171,103801,7.02,0.454
47173,103834,7.13,1.507
47175,103942,7.99,-0.057
47177,104239,7.12,0.901
47179,104456,7.56,1.534
47181,104459,4.5,0.926
47183,104559,7.96,1.336
47185,104634,6.47,0.316
47187,104817,7.55,1.005
47189,105002,6.62,1.093
47191,105079,6.41,0.035
47193,105189,7.96,0.526
47195,105267,6.88,0.212
47197,105451,7.8,0.424
47199,71553,7.64,1.63
47201,71632,6.73,1.005
47203,71997,6.52,1.023
47205,72047,6.64,0.431
47207,72060,7.65,0.368
47209,72082,6.86,0.427
47211,72218,7.14,1.029
47213,72496,7.1,0.455
47215,72531,7.65,0.518
47217,72808,7.83,0.519
47219,72891,7.34,0.148
47221,72943,7.39,1.317
47223,104272,7.02,0.226
47225,104557,6.27,1.161
47227,104839,6.77,-0.068
47229,104904,7.38,0.432
47231,104985,7.29,1.008
47233,104995,7.84,0.362
47235,105019,6.45,1.612
47237,105035,7.44,0.033
47239,105060,7.04,0.069
47241,105051,7.95,0.415
47243,105389,7.45,1.587
47245,105424,8.0,0.564
47247,105491,6.81,1.194
47249,71367,7.5,1.23
47251,71462,7.79,0.755
47253,71486,7.06,0.851
47255,71535,7.55,0.088
47257,71589,7.11,1.642
47259,71630,7.78,1.043
47261,71957,3.87,0.385
47263,72138,7.99,0.576
47265,72388,7.78,1.125
47267,72491,7.92,1.634
47269,72618,7.86,0.986
47271,72902,7.73,1.011
47273,104294,7.59,0.546
47275,104395,6.58,1.174
47277,104435,7.62,0.625
47279,104657,7.56,1.089
47281,104743,7.95,0.319
47283,104774,7.31,0.953
47285,104783,7.29,1.412
47287,104869,7.93,0.278
47289,104897,7.38,0.496
47291,104910,6.98,1.461
47293,104939,7.8,1.043
47295,105107,7.82,0.913
47297,105120,7.44,0.432
47299,105164,5.83,-0.13
47301,105183,7.76,0.313
47303,105412,5.87,0.912
47305,105460,7.76,1.315
47307,105550,6.93,1.583
47309,105575,7.79,1.561
47311,105641,7.62,0.501
47313,71591,7.94,1.457
47315,71778,7.87,0.961
47317,71820,7.83,0.116
47319,72015,7.21,0.178
47321,72069,7.58,0.408
47323,72122,6.06,1.608
47325,72226,6.91,1.119
47327,72449,6.15,-0.025
47329,72629,6.18,1.397
47331,72631,4.93,0.988
47333,104189,6.92,1.507
47335,104219,7.27,0.387
47337,104265,6.58,1.076
47339,104279,6.61,1.548
47341,104293,6.86,0.21
47343,104338,6.88,0.263
47345,104430,6.65,0.175
47347,104618,7.71,0.262
47349,104622,7.47,1.2
47351,104626,7.89,0.321
47353,104740,7.5,1.545
47355,104878,7.43,0.092
47357,104911,7.08,0.156
47359,105040,7.31,1.039
47361,105046,6.48,0.981
47363,105155,7.47,1.223
47365,105302,7.93,0.906
47367,105534,6.67,0.384
47369,105563,7.91,1.056
47371,105588,7.56,1.348
47373,105729,6.38,0.334
47375,105750,7.95,0.136
47377,71360,7.65,0.455
47379,71394,7.71,0.979
47381,71510,6.45,0.56
47383,71909,7.8,1.025
47385,71973,7.32,0.027
47387,72096,7.92,0.984
47389,72154,5.68,-0.021
47391,72220,3.73,-0.005
47393,72223,7.38,0.562
47395,72298,6.62,0.012
47397,72312,7.76,0.893
47399,72330,6.8,0.098
47401,72521,7.6,1.519
47403,72868,6.82,1.518
47405,104305,6.71,1.503
47407,104389,7.05,-0.058
47409,104481,6.44,0.375
47411,104668,7.74,1.32
47413,104717,6.98,0.182
47415,104735,7.73,0.458
47417,104872,6.38,1.574
47419,105059,7.85,1.062
47421,105366,7.97,1.011
47423,105399,7.75,0.65
47425,105433,7.09,0.966
47427,105438,7.41,1.093
47429,105466,7.53,0.932
47431,105472,7.47,0.462
47433,105478,6.79,0.366
47435,105548,6.53,0.651
47437,105608,7.27,0.213
47439,105636,7.28,1.044
47441,71710,7.85,0.322
47443,71915,7.85,1.109
47445,72447,6.83,0.458
47447,72529,7.36,1.137
47449,72869,6.63,1.17
47451,104101,5.94,0.538
47453,104202,6.48,0.88
47455,104324,6.73,0.127
47457,104357,6.14,1.669
47459,104438,7.89,1.439
47461,104577,7.6,1.239
47463,104772,7.15,0.33
47465,104784,7.97,1.367
47467,104860,7.47,1.588
47469,104987,3.92,0.549
47471,105011,7.46,0.906
47473,105053,7.85,0.01
47475,105077,7.78,1.036
47477,105500,6.69,1.1
47479,105512,7.67,0.168
47481,105536,7.87,1.047
47483,105570,5.16,0.064
47485,71704,7.63,1.488
47487,71754,7.59,1.093
47489,71832,4.86,0.992
47491,71840,7.73,0.956
47493,71946,7.35,0.377
47495,72087,7.37,0.662
47497,72142,6.91,1.059
47499,72162,6.97,1.022
47501,72190,7.52,0.612
47503,72221,7.26,0.624
47505,72268,7.23,1.584
47507,72499,6.64,1.26
47509,72527,6.96,0.71
47511,72534,7.09,0.102
47513,72634,7.4,0.76
47515,72706,7.6,1.031
47517,73025,7.63,1.421
47519,104052,7.66,0.411
47521,104075,7.97,0.654
47523,104164,7.73,0.495
47525,104274,7.49,0.986
47527,104325,7.38,0.413
47529,104401,7.43,0.23
47531,104521,4.7,0.262
47533,104538,6.07,0.022
47535,104570,7.44,-0.3
47537,104726,7.41,0.432
47539,104767,7.24,0.323
47541,104831,7.78,0.169
47543,104858,4.47,0.529
47545,105005,7.33,1.397
47547,105038,7.88,1.02
47549,105170,7.16,1.004
47551,105049,7.42,0.394
47553,105104,6.99,1.321
47555,105202,7.27,0.488
47557,105295,6.99,0.186
47559,105375,7.87,0.246
47561,105413,5.81,1.663
47563,105431,6.72,0.535
47565,105544,7.77,0.959
47567,71759,5.93,0.238
47569,71795,3.78,0.044
47571,71837,5.55,0.941
47573,72146,7.87,0.931
47575,72183,6.57,1.291
47577,72594,7.27,1.412
47579,72637,7.73,1.56
47581,72674,7.85,0.976
47583,73028,6.78,0.042
47585,73087,5.9,-0.031
47587,73253,6.77,1.306
47589,103798,7.94,0.011
47591,103858,7.24,0.177
47593,103979,7.86,0.167
47595,103989,7.93,1.619
47597,104035,7.71,1.011
47599,104057,7.65,0.396
47601,104348,7.92,1.37
47603,104507,7.91,1.552
47605,104640,7.76,1.46
47607,104677,6.96,1.627
47609,104821,7.87,1.39
47611,104873,7.68,0.93
47613,104991,7.4,1.007
47615,105008,7.82,1.616
47617,105057,7.57,-0.096
47619,105200,7.01,0.605
47621,105224,5.97,1.612
47623,105231,7.87,1.05
47625,105326,7.2,1.645
47627,105360,7.58,0.336
47629,71931,6.59,0.366
47631,72125,4.6,0.972
47633,72160,7.96,0.557
47635,72208,5.78,1.335
47637,72229,7.26,1.62
47639,72251,7.67,1.088
47641,72446,7.36,1.029
47643,72748,7.88,1.529
47645,72814,7.03,0.172
47647,72846,6.41,0.569
47649,72976,7.14,0.248
47651,72993,6.92,0.896
47653,72996,7.78,0.903
47655,73214,7.01,1.301
47657,73106,7.78,0.596
47659,73166,5.72,0.951
47661,73321,7.82,0.651
47663,73395,7.2,1.166
47665,73593,7.01,0.599
47667,73646,7.21,1.061
47669,103405,7.15,0.167
47671,103417,7.47,1.415
47673,103496,7.61,1.26
47675,103537,7.53,-0.077
47677,103556,7.96,0.265
47679,103635,6.62,0.376
47681,103690,7.76,0.909
47683,103868,6.88,1.715
47685,103890,7.68,0.939
47687,103891,6.33,1.68
47689,104128,6.64,0.476
47691,104281,6.27,1.008
47693,104320,7.03,-0.133
47695,104659,7.37,0.525
47697,104748,7.31,1.37
47699,104771,6.27,0.238
47701,104884,6.95,0.292
47703,104967,6.96,1.08
47705,105135,7.95,0.252
47707,72286,7.39,1.183
47709,72336,7.46,0.509
47711,72466,7.8,1.043
47713,72475,7.83,1.132
47715,72505,6.91,0.042
47717,72653,7.6,0.994
47719,72659,4.54,0.72
47721,72845,7.8,1.039
47723,72725,6.91,0.1
47725,72848,6.0,0.841
47727,72859,6.94,1.138
47729,73156,6.5,0.015
47731,73211,6.62,0.927
47733,73748,7.62,0.989
47735,74065,7.97,0.913
47737,103028,7.54,0.642
47739,103172,7.22,0.96
47741,103288,7.27,1.326
47743,103335,7.85,0.31
47745,103644,7.12,1.048
47747,103660,7.28,0.422
47749,103675,5.69,1.588
47751,103784,7.64,0.708
47753,103843,7.92,1.076
47755,103870,7.53,-0.048
47757,103970,7.9,0.8
47759,104073,7.39,0.111
47761,104135,6.83,0.047
47763,104327,7.73,0.369
47765,104471,6.96,0.507
47767,104533,7.51,0.493
47769,72762,7.24,1.051
47771,72982,7.45,1.553
47773,73071,6.82,1.171
47775,73178,7.32,0.687
47777,73203,6.95,1.39
47779,73301,7.14,0.38
47781,73303,7.33,1.035
47783,73464,6.29,1.179
47785,73568,4.8,1.506
47787,73770,7.79,0.456
47789,73991,7.8,0.92
47791,73993,7.18,1.095
47793,73996,4.93,0.429
47795,74096,5.82,1.233
47797,74183,7.41,0.471
47799,74678,6.97,-0.078
47801,102271,7.03,0.344
47803,102278,7.14,1.608
47805,102388,4.92,1.183
47807,102537,7.38,0.208
47809,102620,7.62,0.419
47811,102698,7.47,-0.03
47813,102720,7.65,1.275
47815,102728,7.94,0.04
47817,102736,7.86,0.389
47819,102740,7.67,-0.02
47821,102815,7.67,0.602
47823,102874,7.77,0.514
47825,103062,6.63,1.657
47827,102880,7.61,0.187
47829,102980,7.15,1.611
47831,103482,7.7,0.027
47833,103511,5.3,1.419
47835,103516,6.57,0.88
47837,103568,6.78,1.661
47839,103791,7.82,0.687
47841,103823,7.42,0.016
47843,103933,7.16,1.389
47845,104086,7.55,1.335
47847,104141,7.61,0.338
47849,73248,7.53,0.524
47851,73388,7.64,1.006
47853,73635,7.04,0.12
47855,73699,6.8,1.456
47857,73700,7.29,0.559
47859,73726,7.85,0.236
47861,73745,4.52,1.24
47863,73917,7.9,1.339
47865,74052,7.21,0.89
47867,74070,7.9,1.0
47869,74087,5.67,1.24
47871,74286,7.26,0.458
47873,74596,5.28,0.062
47875,74893,6.59,0.566
47877,74944,7.84,0.366
47879,75049,5.51,1.015
47881,75275,7.37,0.984
47883,101431,7.46,1.43
47885,102033,6.02,0.163
47887,101821,7.8,0.579
47889,101941,7.78,1.396
47891,101944,7.14,0.347
47893,102037,6.74,0.059
47895,102335,7.61,0.147
47897,102630,7.07,-0.067
47899,102640,7.03,0.257
47901,102840,7.94,0.162
47903,102847,7.18,-0.048
47905,102946,7.98,0.248
47907,102949,5.66,0.616
47909,103004,4.56,0.835
47911,103066,7.68,-0.042
47913,103074,7.58,0.069
47915,103079,6.36,1.085
47917,103181,7.89,0.376
47919,103191,6.55,-0.147
47921,103200,5.03,1.481
47923,103247,7.8,0.674
47925,103314,7.7,0.428
47927,103330,6.66,1.112
47929,103455,6.93,0.584
47931,103849,7.76,0.571
47933,103861,7.19,1.7
47935,74284,7.86,0.288
47937,74561,5.98,1.552
47939,74666,3.46,0.961
47941,74674,7.8,0.624
47943,74858,6.65,0.912
47945,74868,6.86,1.022
47947,74881,7.82,-0.035
47949,75000,6.33,0.234
47951,75104,6.9,0.532
47953,75178,5.38,-0.051
47955,75312,4.99,0.577
47957,75543,7.02,1.2
47959,75919,6.45,0.205
47961,76127,4.14,-0.127
47963,99974,7.82,-0.07
47965,100051,7.23,1.322
47967,100587,4.43,1.331
47969,100711,7.51,1.048
47971,100949,7.0,-0.026
47973,101076,4.01,0.404
47975,101131,7.75,0.192
47977,101258,7.17,0.912
47979,101278,7.16,1.453
47981,101411,7.79,0.033
47983,101442,7.34,-0.15
47985,101544,6.89,1.137
47987,101561,7.48,1.442
47989,101575,7.6,-0.108
47991,101709,7.15,0.175
47993,101762,7.89,-0.039
47995,101764,7.89,1.543
47997,101765,6.32,-0.089
47999,101768,6.51,0.371
48001,101788,6.97,1.112
48003,101826,7.51,0.016
48005,101834,7.54,1.067
48007,101899,5.68,1.088
48009,101951,7.82,0.147
48011,101953,7.36,1.218
48013,102034,7.92,0.097
48015,102066,5.53,0.871
48017,102083,7.38,1.183
48019,102100,7.71,0.949
48021,102161,7.01,0.019
48023,102261,7.51,-0.033
48025,102275,7.27,-0.107
48027,102319,7.65,-0.002
48029,102363,7.92,0.183
48031,102415,7.71,1.073
48033,102542,7.03,-0.037
48035,102453,4.22,1.051
48037,102568,7.42,0.056
48039,102632,7.85,0.23
48041,102707,7.26,1.447
48043,102799,7.95,1.147
48045,102863,7.94,0.057
48047,102876,6.8,0.265
48049,75245,7.3,1.088
48051,75572,5.46,1.41
48053,75862,7.96,0.503
48055,75928,6.52,1.15
48057,75953,6.81,0.037
48059,76006,6.39,0.529
48061,76366,6.3,1.306
48063,76398,7.49,0.633
48065,76558,7.5,1.165
48067,76563,7.07,1.7
48069,76566,7.4,1.1
48071,76617,6.12,1.039
48073,76669,4.64,-0.103
48075,76744,7.82,1.013
48077,76764,6.91,1.503
48079,76773,7.16,0.012
48081,76844,7.64,1.313
48083,76870,7.7,0.157
48085,77252,7.56,0.495
48087,77624,7.5,1.141
48089,78012,5.43,0.352
48091,78222,7.33,0.399
48093,98068,4.95,-0.086
48095,98213,6.68,0.025
48097,98242,7.29,1.545
48099,98320,6.33,-0.09
48101,98528,7.99,-0.02
48103,98697,6.92,0.259
48105,98773,7.15,1.745
48107,98921,6.18,0.654
48109,99041,7.01,1.15
48111,99088,7.97,0.219
48113,99097,6.96,0.173
48115,99124,7.28,1.779
48117,99194,7.67,0.475
48119,99231,7.43,0.056
48121,99303,4.93,-0.139
48123,99308,7.81,0.197
48125,99359,7.79,0.03
48127,99546,7.5,0.009
48129,99437,7.79,0.084
48131,99596,7.53,1.093
48133,99646,7.09,1.141
48135,99667,7.1,-0.086
48137,99719,6.47,-0.014
48139,99737,7.56,0.536
48141,99768,7.12,0.279
48143,99769,7.92,0.306
48145,99770,4.93,0.151
48147,99777,6.57,1.315
48149,99929,6.47,-0.097
48151,99943,7.12,-0.015
48153,99980,7.64,0.259
48155,99982,7.99,0.294
48157,99986,7.7,-0.032
48159,100009,6.99,0.441
48161,100044,4.77,0.377
48163,100104,7.6,-0.041
48165,100108,5.58,0.056
48167,100122,5.14,0.66
48169,100146,7.26,0.33
48171,100172,7.58,1.04
48173,100239,6.6,-0.004
48175,100240,7.4,0.31
48177,100307,7.98,-0.07
48179,100328,7.64,-0.07
48181,100475,6.86,0.064
48183,100574,5.87,-0.173
48185,100579,6.81,0.124
48187,100777,7.61,0.415
48189,100866,6.39,0.48
48191,100907,5.63,0.072
48193,101052,7.31,1.446
48195,101062,7.74,0.674
48197,101067,5.9,0.407
48199,101118,7.77,0.175
48201,101147,8.0,1.331
48203,101197,7.81,0.396
48205,101214,6.21,0.969
48207,101268,6.47,0.422
48209,101474,4.61,1.593
48211,101493,6.67,-0.12
48213,101784,7.85,1.057
48215,102049,7.23,0.457
48217,76307,5.14,1.65
48219,76791,7.78,1.557
48221,77053,7.55,1.552
48223,77153,7.99,1.061
48225,77180,7.84,0.122
48227,77681,7.9,1.576
48229,77760,4.6,0.563
48231,77791,7.84,1.141
48233,77986,5.73,-0.102
48235,78048,7.85,0.412
48237,78153,6.3,1.11
48239,78448,6.74,0.131
48241,78537,6.86,1.298
48243,78226,7.42,0.177
48245,78775,6.66,0.734
48247,79039,7.55,1.169
48249,79152,6.69,0.53
48251,79234,7.71,0.548
48253,79269,7.64,0.454
48255,79297,7.36,1.074
48257,79357,5.89,1.464
48259,79436,7.78,0.236
48261,79506,7.14,1.263
48263,79542,7.98,1.008
48265,80135,7.89,1.05
48267,80314,8.0,0.282
48269,80457,7.78,0.216
48271,80704,4.83,1.289
48273,80761,7.82,0.203
48275,80929,7.67,1.047
48277,81126,4.2,-0.013
48279,95272,7.01,0.019
48281,95352,5.85,0.924
48283,95497,7.92,0.435
48285,95653,7.57,0.038
48287,95703,7.88,0.724
48289,95943,7.76,1.693
48291,96013,7.18,1.03
48293,96252,6.68,-0.008
48295,96256,7.16,-0.046
48297,96288,5.34,0.06
48299,96442,7.53,0.011
48301,96693,5.41,-0.063
48303,96805,6.17,1.561
48305,97001,6.71,-0.02
48307,97081,5.86,1.598
48309,97151,6.36,1.561
48311,97240,7.56,-0.07
48313,97360,7.89,0.26
48315,97366,7.5,0.218
48317,97395,7.64,1.528
48319,97527,7.53,0.51
48321,97634,5.68,-0.058
48323,97750,7.74,-0.073
48325,97837,7.72,0.572
48327,97846,7.57,0.773
48329,97895,6.99,-0.155
48331,97914,7.63,0.16
48333,97965,7.39,0.924
48335,98001,7.41,0.796
48337,98058,6.59,1.439
48339,98061,7.37,-0.057
48341,98194,5.46,-0.09
48343,98253,6.44,0.095
48345,98269,7.32,0.874
48347,98459,7.12,1.3
48349,98530,7.8,-0.019
48351,98558,7.53,-0.076
48353,98572,7.7,1.632
48355,98378,7.77,0.272
48357,98490,7.21,0.02
48359,98582,7.87,0.02
48361,98607,7.39,0.048
48363,98612,7.87,-0.06
48365,98620,7.34,-0.024
48367,98717,7.59,0.146
48369,98728,7.0,0.35
48371,98802,7.91,-0.011
48373,98923,7.22,0.323
48375,98975,7.6,0.401
48377,99035,6.86,1.546
48379,99170,6.98,0.7
48381,99248,7.22,-0.113
48383,99346,7.12,0.306
48385,99420,6.97,0.222
48387,99486,7.88,1.45
48389,99504,7.52,1.53
48391,99515,7.11,-0.08
48393,99580,7.55,0.309
48395,99614,7.97,0.074
48397,99649,7.08,0.5
48399,99653,7.61,2.86
48401,99704,7.09,0.179
48403,99760,7.53,0.554
48405,99893,6.28,0.006
48407,99905,7.84,-0.027
48409,99954,7.72,-0.06
48411,99968,5.27,1.65
48413,99997,7.14,-0.021
48415,100013,6.57,-0.066
48417,100124,7.73,1.015
48419,100155,6.35,1.871
48421,100173,7.42,0.392
48423,100214,7.93,0.486
48425,100268,6.22,0.06
48427,100351,7.75,0.256
48429,100518,6.74,-0.103
48431,100644,7.99,-0.12
48433,100790,7.98,0.221
48435,78823,7.53,1.219
48437,79101,4.23,-0.045
48439,79248,6.61,0.877
48441,79992,3.91,-0.151
48443,80074,7.51,1.012
48445,80113,7.94,0.355
48447,80231,7.7,0.117
48449,80360,7.91,0.807
48451,80414,7.17,0.478
48453,80451,7.75,0.85
48455,80847,7.65,0.724
48457,80953,5.61,0.125
48459,80963,7.77,0.478
48461,81401,7.28,0.09
48463,81289,5.83,1.044
48465,81482,8.0,0.991
48467,81963,7.71,1.614
48469,82006,7.96,1.159
48471,82075,7.48,1.211
48473,82113,8.0,0.495
48475,82312,7.48,0.224
48477,82321,4.82,0.087
48479,82375,6.9,1.458
48481,82437,7.77,1.342
48483,82611,5.99,1.325
48485,82702,6.86,0.117
48487,82776,7.89,1.416
48489,82864,7.03,0.311
48491,83006,7.93,1.004
48493,83020,7.76,0.98
48495,83222,7.48,0.52
48497,83389,6.76,0.728
48499,83475,8.0,1.143
48501,83497,7.78,1.426
48503,83517,7.84,0.447
48505,83623,7.34,1.114
48507,83743,7.67,1.553
48509,83780,6.66,1.133
48511,84031,7.57,1.101
48513,84835,5.51,1.586
48515,84855,6.36,0.427
48517,84916,7.55,0.918
48519,85118,7.92,0.563
48521,85379,5.83,0.121
48523,85653,7.22,0.737
48525,85824,7.3,1.374
48527,85868,7.82,0.125
48529,86173,7.44,0.549
48531,86182,5.35,1.142
48533,86328,7.7,0.453
48535,86390,7.94,0.296
48537,86398,7.97,0.451
48539,87045,6.47,0.095
48541,87119,6.8,1.042
48543,87280,6.78,-0.109
48545,87434,6.37,1.06
48547,87888,7.68,1.221
48549,87912,7.77,1.276
48551,88113,7.97,0.265
48553,88232,7.07,1.092
48555,88234,6.87,1.008
48557,88302,7.3,0.987
48559,88361,7.97,0.59
48561,88415,6.26,0.037
48563,88555,7.53,0.3
48565,88894,7.97,1.234
48567,89143,6.65,1.074
48569,89205,7.38,1.055
48571,89476,7.48,0.372
48573,89553,7.45,1.595
48575,89570,6.9,1.402
48577,89694,7.0,0.912
48579,89756,7.7,0.531
48581,90079,7.22,0.309
48583,90283,7.81,0.3
48585,90291,7.62,0.967
48587,90370,7.88,0.427
48589,90551,7.21,0.293
48591,90908,6.69,1.298
48593,90999,6.73,-0.053
48595,91008,7.39,1.399
48597,91318,7.4,0.401
48599,91319,7.95,0.144
48601,91775,6.95,0.302
48603,91887,6.68,1.367
48605,91996,7.82,0.059
48607,92095,7.9,0.14
48609,92156,6.52,0.068
48611,92335,7.6,1.209
48613,92513,7.71,1.438
48615,92885,7.01,1.164
48617,92921,7.99,0.039
48619,92978,7.09,0.125
48621,93022,7.39,0.091
48623,93108,7.82,0.605
48625,93137,7.68,0.511
48627,93376,7.04,0.986
48629,93408,5.0,0.186
48631,93473,7.47,0.314
48633,93673,7.16,0.027
48635,93913,7.71,1.564
48637,93946,7.68,1.315
48639,93983,7.89,-0.078
48641,94174,7.33,0.223
48643,94183,7.2,0.085
48645,94351,6.54,1.024
48647,94487,7.34,1.315
48649,94636,7.49,0.034
48651,94728,7.44,0.99
48653,94755,6.02,0.479
48655,94813,7.26,1.075
48657,94998,7.86,1.201
48659,95005,7.19,1.004
48661,95295,7.9,0.133
48663,95368,7.56,-0.06
48665,95362,7.01,0.808
48667,95534,6.68,1.016
48669,95543,7.08,-0.151
48671,95687,7.67,1.021
48673,95725,7.76,1.01
48675,95876,7.81,0.444
48677,95879,6.88,-0.023
48679,95902,6.99,1.391
48681,95980,7.17,-0.03
48683,96129,7.94,1.02
48685,96161,7.58,0.113
48687,96207,7.98,0.12
48689,96292,6.64,-0.034
48691,96296,7.23,1.06
48693,96449,6.6,1.476
48695,96459,5.17,0.928
48697,96661,7.97,-0.07
48699,96679,7.01,1.086
48701,96706,6.25,0.931
48703,96800,7.18,1.105
48705,96816,7.81,0.545
48707,96825,5.06,0.426
48709,97165,2.86,-0.002
48711,97225,7.5,-0.129
48713,97285,7.57,1.035
48715,97321,7.07,0.591
48717,97498,7.16,-0.049
48719,97617,7.15,0.955
48721,83360,7.17,1.107
48723,83575,6.11,1.091
48725,84038,7.49,1.595
48727,84108,6.12,0.185
48729,84530,7.53,1.035
48731,84852,7.68,1.145
48733,85179,7.62,0.414
48735,85196,7.57,0.7
48737,85545,7.08,0.5
48739,85560,7.53,1.56
48741,85769,7.76,1.075
48743,85771,7.73,1.031
48745,85880,7.36,0.022
48747,86148,7.53,0.141
48749,86446,6.6,0.014
48751,86592,7.73,0.949
48753,86869,7.02,0.451
48755,87188,7.37,1.382
48757,87212,5.02,0.043
48759,87328,7.6,1.086
48761,88129,7.78,0.352
48763,88602,7.39,1.039
48765,88669,7.7,0.278
48767,88732,6.31,1.051
48769,88754,6.32,-0.02
48771,88975,7.29,0.19
48773,89229,7.83,0.218
48775,89420,6.83,1.233
48777,89452,7.65,0.542
48779,89521,7.45,-0.017
48781,89588,7.29,1.127
48783,89943,6.39,1.086
48785,89981,5.02,1.619
48787,90275,7.16,1.02
48789,90284,7.21,0.799
48791,90454,7.48,0.271
48793,90835,7.64,0.426
48795,91227,7.97,0.307
48797,91708,7.83,1.23
48799,91815,7.88,1.355
48801,92204,7.19,0.443
48803,92219,6.67,0.057
48805,92269,6.12,0.225
48807,92822,5.84,0.452
48809,92925,7.52,1.357
48811,93198,7.46,0.092
48813,93636,7.69,0.125
48815,93853,7.23,1.395
48817,94538,7.41,0.031
48819,84232,7.19,1.219
48821,84760,7.23,0.156
48823,85520,5.93,1.113
48825,85753,7.87,0.834
48827,85969,7.09,0.667
48829,85993,7.84,1.025
48831,86200,7.69,0.051
48833,86305,5.25,0.195
48835,87167,7.93,1.034
48837,87174,6.09,0.283
48839,87316,7.69,0.583
48841,87821,7.55,-0.011
48843,87892,6.55,0.815
48845,88849,7.25,1.481
48847,89152,6.78,1.674
48849,89496,7.91,0.432
48851,90231,7.7,1.52
48853,90757,7.97,0.456
48855,92432,7.85,1.2
48857,78639,4.65,0.902
48859,79477,6.83,0.15
48861,79571,6.75,1.29
48863,79777,7.63,0.76
48865,79790,4.97,0.788
48867,79940,7.28,0.027
48869,80000,4.01,1.08
48871,80151,6.87,1.248
48873,80208,5.32,-0.047
48875,80430,7.89,0.054
48877,80448,7.33,0.3
48879,80583,7.52,1.513
48881,80820,7.08,0.021
48883,81024,7.73,1.107
48885,81054,7.86,0.987
48887,81137,7.84,1.402
48889,81144,7.39,0.782
48891,81172,7.42,0.443
48893,81281,7.34,0.01
48895,81376,6.84,1.607
48897,81574,7.95,1.7
48899,81585,7.28,1.0
48901,81592,7.61,0.7
48903,81650,6.3,0.321
48905,81651,7.07,0.033
48907,81692,7.62,0.025
48909,81696,6.87,0.13
48911,81702,5.57,0.169
48913,81733,5.62,-0.043
48915,81966,5.96,1.23
48917,82017,7.94,0.343
48919,82335,7.76,0.129
48921,82377,7.99,1.855
48923,82418,6.45,0.325
48925,82292,6.74,0.017
48927,82410,7.87,0.024
48929,82723,6.49,1.466
48931,82774,7.35,1.1
48933,82868,6.3,-0.016
48935,82902,5.94,-0.069
48937,83057,5.53,0.016
48939,83112,7.92,0.175
48941,83121,7.83,1.015
48943,83153,4.06,1.452
48945,83321,6.43,0.279
48947,83352,7.89,0.934
48949,83406,6.89,0.262
48951,83431,5.27,0.498
48953,83453,7.65,0.551
48955,83786,7.85,0.18
48957,84148,7.3,1.599
48959,84434,6.94,0.028
48961,84456,7.44,1.387
48963,84457,7.85,1.438
48965,84661,7.93,1.196
48967,84924,7.79,0.627
48969,84967,7.97,0.026
48971,85010,6.81,0.504
48973,85044,7.93,0.075
48975,85393,6.17,-0.039
48977,85435,7.07,1.681
48979,85470,5.72,1.169
48981,85499,7.5,1.748
48983,85501,7.13,0.212
48985,86064,6.09,0.025
48987,86518,7.61,1.289
48989,86688,7.95,1.702
48991,86784,7.78,0.004
48993,86796,5.12,0.694
48995,87260,7.99,0.459
48997,87314,5.68,-0.099
48999,87379,6.09,0.01
49001,87386,6.61,0.271
49003,87469,7.4,0.486
49005,87602,7.84,1.131
49007,88130,7.41,1.061
49009,88318,7.96,1.36
49011,88373,7.6,0.193
49013,88399,7.01,0.458
49015,88675,6.46,0.172
49017,88736,7.83,0.503
49019,88835,7.12,1.054
49021,89402,7.98,1.246
49023,89698,6.91,1.677
49025,89713,7.78,0.798
49027,90215,7.66,0.202
49029,90227,7.53,1.392
49031,90340,7.76,-0.017
49033,90442,7.97,0.6
49035,90448,7.2,0.973
49037,90470,7.92,1.1
49039,90519,7.33,0.092
49041,90555,7.55,1.387
49043,90769,7.46,0.981
49045,91050,6.72,0.413
49047,91062,6.21,1.254
49049,91093,6.83,1.13
49051,91445,7.65,1.187
49053,91544,7.84,0.747
49055,91575,7.34,0.157
49057,91938,7.21,-0.004
49059,92072,6.24,-0.08
49061,92412,7.1,0.231
49063,92462,7.95,0.358
49065,92482,7.7,1.013
49067,92530,7.42,0.941
49069,92567,7.36,1.18
49071,92646,5.18,0.962
49073,92687,6.3,-0.092
49075,92705,7.65,0.302
49077,92840,7.99,0.924
49079,93148,4.85,-0.051
49081,93390,7.96,1.25
49083,93568,7.19,1.484
49085,93624,5.93,1.236
49087,93815,5.17,0.532
49089,93844,7.19,0.523
49091,93860,6.29,-0.057
49093,94007,7.78,1.192
49095,94365,7.06,1.48
49097,94398,6.12,0.954
49099,94593,6.84,1.271
49101,94611,7.77,0.399
49103,94735,6.76,1.025
49105,94753,7.99,0.394
49107,94804,7.96,1.021
49109,94975,6.57,0.068
49111,95125,7.67,0.716
49113,95239,6.42,0.328
49115,95468,6.88,1.55
49117,95532,6.66,0.953
49119,95871,7.97,0.435
49121,96237,7.78,0.074
49123,96243,7.89,1.163
49125,96319,7.71,-0.062
49127,96746,7.24,1.262
49129,96803,7.85,1.244
49131,96937,7.77,0.336
49133,96956,6.9,1.248
49135,97481,7.78,1.389
49137,97590,7.6,0.284
49139,98449,7.67,0.473
49141,98482,6.18,1.056
49143,75613,7.77,0.387
49145,75967,7.5,0.986
49147,76073,6.82,-0.018
49149,76076,7.67,1.491
49151,76301,7.91,0.342
49153,76371,4.55,-0.175
49155,76397,5.44,1.497
49157,76415,7.28,-0.049
49159,76606,6.97,-0.078
49161,76730,7.42,1.271
49163,76762,6.98,-0.072
49165,76799,6.88,0.183
49167,76829,4.64,0.413
49169,77101,7.89,0.988
49171,77280,7.77,0.917
49173,77418,7.01,0.153
49175,77574,6.11,0.299
49177,77603,8.0,0.683
49179,77575,7.74,1.199
49181,77678,6.0,1.152
49183,77720,7.49,-0.043
49185,77730,6.55,0.887
49187,77968,6.97,-0.005
49189,77976,7.86,0.03
49191,78004,6.83,-0.008
49193,78117,6.31,0.381
49195,78221,6.72,0.169
49197,78357,7.71,0.164
49199,78408,7.52,0.78
49201,78475,7.59,0.505
49203,78855,7.68,0.159
49205,78914,4.73,0.23
49207,78964,7.38,1.419
49209,78991,6.61,0.147
49211,79018,7.07,0.045
49213,79023,7.93,1.75
49215,79628,7.59,0.356
49217,79653,5.13,-0.114
49219,79880,7.48,1.79
49221,80142,6.51,-0.047
49223,80456,7.74,0.488
49225,80557,7.2,-0.035
49227,80582,4.46,-0.07
49229,81100,6.73,0.316
49231,81125,6.92,0.264
49233,81180,7.97,0.042
49235,95643,7.9,1.163
49237,95742,7.78,1.114
49239,95925,7.89,0.483
49241,96341,4.88,1.096
49243,97047,7.87,1.012
49245,97598,5.91,1.678
49247,97539,7.26,1.08
49249,97593,6.96,1.079
49251,97660,7.5,0.418
49253,98023,7.7,1.08
49255,98355,7.47,0.478
49257,98512,5.8,0.295
49259,98516,7.66,0.442
49261,98577,6.96,0.356
49263,98648,7.93,1.564
49265,98682,6.56,1.228
49267,98859,7.83,0.294
49269,98918,6.96,1.478
49271,99022,7.89,1.141
49273,99270,6.46,1.463
49275,99417,6.81,1.17
49277,99305,7.84,1.155
49279,99335,7.93,1.004
49281,99364,6.93,1.016
49283,99426,7.83,0.261
49285,99448,7.69,0.242
49287,99465,6.54,0.86
49289,99671,7.79,-0.015
49291,99701,7.97,1.431
49293,100152,7.54,0.944
49295,100336,7.32,0.519
49297,100487,7.95,0.319
49299,101246,7.94,1.071
49301,101515,6.73,1.271
49303,74224,5.98,0.867
49305,74745,6.88,1.469
49307,74707,5.15,0.564
49309,74807,7.57,1.686
49311,74847,7.34,1.249
49313,74875,6.3,0.176
49315,74890,7.05,1.05
49317,74950,5.59,-0.099
49319,75100,7.82,0.507
49321,75141,3.22,-0.227
49323,75164,6.21,0.068
49325,75439,5.36,-0.093
49327,75501,4.6,0.0
49329,75558,7.38,-0.007
49331,75697,7.01,1.754
49333,75915,6.23,-0.005
49335,76165,6.4,1.016
49337,76207,5.82,1.695
49339,76234,6.36,-0.017
49341,76297,2.8,-0.216
49343,76327,7.44,0.478
49345,76442,7.61,-0.026
49347,76476,7.12,1.427
49349,76552,4.34,1.412
49351,76560,7.74,1.589
49353,77086,5.93,-0.007
49355,77325,7.38,0.66
49357,77964,6.92,0.2
49359,99570,6.2,1.228
49361,99907,6.99,1.426
49363,100123,7.46,0.581
49365,100278,7.76,0.989
49367,100469,5.6,0.002
49369,100591,5.64,0.201
49371,100422,7.04,1.62
49373,100604,7.87,1.159
49375,100764,6.08,1.364
49377,100830,7.88,0.188
49379,100868,7.82,1.541
49381,100904,8.0,0.321
49383,101094,7.53,0.357
49385,101292,7.6,0.709
49387,101432,6.8,0.666
49389,101465,7.4,0.054
49391,101557,7.28,0.161
49393,101758,7.88,0.068
49395,101787,6.62,0.434
49397,102057,6.25,0.934
49399,102096,6.28,1.584
49401,102230,6.3,1.073
49403,102303,8.0,1.029
49405,102497,5.48,-0.078
49407,102672,7.52,1.086
49409,103043,7.88,0.247
49411,103049,6.89,0.974
49413,73108,7.34,0.534
49415,73145,7.88,0.192
49417,73195,6.99,1.246
49419,73250,7.8,-0.067
49421,73379,7.48,1.226
49423,73398,6.94,1.02
49425,73559,6.21,0.242
49427,73672,6.65,0.224
49429,73650,7.77,0.613
49431,73901,6.27,1.658
49433,73974,7.18,0.061
49435,74139,7.33,1.211
49437,74144,7.24,0.253
49439,74196,7.0,1.174
49441,74399,7.66,0.168
49443,74468,7.31,0.273
49445,74479,6.09,-0.081
49447,74570,7.06,0.106
49449,74691,7.91,0.443
49451,74782,6.86,0.433
49453,74797,7.99,0.205
49455,74984,7.87,0.372
49457,75003,6.19,0.959
49459,75151,6.57,-0.081
49461,75177,3.57,1.534
49463,75210,6.65,-0.062
49465,75304,4.54,-0.155
49467,75476,7.04,0.09
49469,75738,7.34,0.988
49471,75818,6.44,0.351
49473,76063,6.23,0.212
49475,101558,6.45,0.264
49477,101707,7.44,1.236
49479,101968,7.22,0.366
49481,102013,7.47,0.34
49483,102381,6.95,0.93
49485,102412,6.8,0.63
49487,102496,6.49,0.433
49489,102818,7.96,1.037
49491,102916,5.52,1.38
49493,103088,7.31,1.045
49495,103124,7.13,1.44
49497,103646,6.1,0.4
49499,103687,6.7,0.981
49501,103705,6.64,1.057
49503,103735,7.68,0.62
49505,103783,7.12,1.387
49507,104173,6.81,1.076
49509,71999,7.73,0.51
49511,72372,7.7,1.583
49513,72772,6.3,0.605
49515,72536,6.85,1.062
49517,72600,7.46,0.507
49519,72905,7.98,0.47
49521,72940,7.04,0.093
49523,72959,5.85,1.429
49525,73049,5.32,0.046
49527,73107,6.06,1.413
49529,73174,7.2,0.101
49531,73357,6.91,0.231
49533,73485,7.4,0.481
49535,73535,7.72,0.249
49537,73624,5.45,-0.127
49539,73666,7.94,0.534
49541,73850,6.48,0.489
49543,73937,5.97,-0.076
49545,73987,7.18,0.062
49547,74357,6.99,0.93
49549,102831,4.89,1.004
49551,102901,6.42,1.513
49553,102989,6.06,0.029
49555,103002,7.85,1.611
49557,103082,7.32,0.919
49559,103297,7.84,1.116
49561,103315,7.95,0.059
49563,103397,7.36,0.49
49565,103597,7.36,0.926
49567,103605,7.35,0.843
49569,103738,4.67,0.89
49571,103748,6.86,0.16
49573,104071,7.72,0.606
49575,104081,7.98,0.216
49577,104174,5.2,1.104
49579,104306,7.96,1.068
49581,104439,7.78,1.129
49583,104523,7.25,0.979
49585,104148,5.69,1.047
49587,104298,7.24,0.464
49589,104511,7.91,1.027
49591,104673,7.17,0.441
49593,104894,7.76,1.09
49595,104906,7.4,1.183
49597,71682,6.99,0.466
49599,71697,7.13,0.943
49601,71733,7.04,0.099
49603,71774,7.45,0.591
49605,71862,7.01,1.389
49607,72035,7.94,1.172
49609,72353,7.55,0.541
49611,72357,5.23,0.938
49613,72378,5.76,-0.007
49615,72551,7.19,1.256
49617,72571,4.42,1.366
49619,72883,7.46,0.988
49621,72930,6.54,1.091
49623,73260,7.66,0.99
49625,73284,5.65,0.262
49627,73171,6.28,-0.011
49629,73269,7.66,0.554
49631,103720,7.09,0.153
49633,103759,7.62,0.884
49635,103880,7.01,0.102
49637,103902,6.25,0.945
49639,104266,7.29,0.2
49641,104398,6.98,0.931
49643,104413,7.84,1.191
49645,104499,6.66,1.578
49647,104532,7.74,1.315
49649,104683,7.92,1.304
49651,104750,5.41,1.425
49653,104809,7.38,0.689
49655,105228,6.4,0.966
49657,105312,6.56,0.737
49659,105318,7.07,0.002
49661,70945,6.92,0.167
49663,71080,7.03,0.377
49665,71152,7.21,0.983
49667,71263,7.41,0.965
49669,71407,7.22,0.368
49671,71544,7.54,1.608
49673,71621,7.37,0.198
49675,71626,7.82,0.937
49677,71652,7.18,1.083
49679,71770,7.13,0.952
49681,71792,7.23,0.393
49683,71901,7.14,1.136
49685,71943,7.79,0.664
49687,72056,6.82,1.42
49689,72172,7.63,0.153
49691,72210,5.8,0.98
49693,72247,7.34,0.434
49695,71974,5.7,0.006
49697,72197,5.15,0.315
49699,72323,5.61,-0.043
49701,72420,7.03,0.491
49703,72488,5.68,1.275
49705,72652,7.5,1.008
49707,72688,7.81,1.036
49709,72779,7.89,0.707
49711,72782,7.57,-0.018
49713,104234,4.49,1.604
49715,104362,7.57,1.371
49717,104423,7.08,1.09
49719,104534,7.42,0.921
49721,104664,7.99,0.047
49723,104751,7.35,1.331
49725,104882,7.91,0.272
49727,104764,7.53,0.433
49729,104810,7.0,0.015
49731,105379,7.85,0.942
49733,105576,5.63,1.641
49735,105646,6.47,1.123
49737,105662,6.38,1.026
49739,105674,7.91,0.229
49741,105683,6.73,0.357
49743,105814,7.59,0.974
49745,105815,6.51,1.019
49747,105831,7.22,1.001
49749,105881,3.77,1.002
49751,105948,7.73,1.441
49753,70765,7.96,0.068
49755,70961,7.07,0.995
49757,71071,7.95,1.085
49759,71242,7.87,1.164
49761,71295,6.49,0.139
49763,71816,7.04,1.038
49765,71934,6.87,1.2
49767,72217,6.43,0.603
49769,72310,6.05,1.649
49771,104708,7.91,1.094
49773,104804,7.98,1.303
49775,104902,7.66,1.059
49777,104908,7.23,1.044
49779,104963,5.17,1.161
49781,105048,7.6,1.221
49783,105083,7.96,0.443
49785,105181,6.62,1.043
49787,105410,7.21,0.391
49789,105465,7.97,0.669
49791,105665,5.38,1.176
49793,105839,7.86,1.416
49795,105853,7.22,1.14
49797,105914,7.78,1.522
49799,105928,5.78,1.44
49801,105953,7.84,1.05
49803,106006,7.99,0.697
49805,106039,4.5,0.889
49807,106143,6.57,0.413
49809,106264,7.15,-0.3
49811,70379,6.69,0.091
49813,70443,7.92,0.304
49815,70677,7.31,0.487
49817,70682,7.78,1.111
49819,70923,7.08,0.446
49821,71006,7.97,0.71
49823,71063,7.56,1.61
49825,71234,7.18,0.136
49827,71713,7.69,1.349
49829,71743,7.24,0.71
49831,105143,5.4,-0.118
49833,105168,7.07,0.339
49835,105256,6.91,0.955
49837,105481,7.45,0.613
49839,105515,4.28,0.888
49841,105861,7.97,1.169
49843,106456,7.18,0.457
49845,70153,7.8,0.211
49847,70281,7.96,1.047
49849,70336,6.22,0.99
49851,70357,7.82,0.2
49853,70365,7.66,0.533
49855,70440,7.31,1.042
49857,70452,6.49,0.417
49859,70501,6.49,1.223
49861,70714,6.65,0.425
49863,71469,6.2,0.464
49865,71559,7.48,0.651
49867,105315,7.03,0.038
49869,105333,7.22,-0.08
49871,105385,7.75,1.202
49873,105603,7.56,0.92
49875,105668,5.48,0.297
49877,105782,6.85,0.043
49879,105856,6.7,1.022
49881,105859,7.95,0.951
49883,105946,7.11,-0.088
49885,105965,7.03,0.457
49887,106007,6.61,0.49
49889,106115,6.86,1.498
49891,106199,6.63,1.202
49893,106351,6.73,1.613
49895,106441,7.61,1.075
49897,106497,7.72,1.039
49899,106739,7.34,1.667
49901,70183,7.58,0.164
49903,70204,7.99,1.12
49905,70226,7.2,1.439
49907,70269,6.82,0.584
49909,70294,7.98,1.427
49911,70784,6.61,1.408
49913,70867,7.85,1.003
49915,71331,7.74,1.547
49917,71379,7.18,0.064
49919,71417,7.52,1.177
49921,105574,5.99,1.516
49923,105734,7.78,0.558
49925,105761,5.71,0.208
49927,105931,7.52,0.285
49929,105970,7.99,1.537
49931,106055,7.16,1.114
49933,106280,7.4,0.86
49935,106444,7.87,-0.067
49937,106539,7.94,0.344
49939,106545,7.7,1.065
49941,106693,8.0,1.175
49943,106709,7.32,0.374
49945,106786,4.68,0.175
49947,106938,6.07,1.034
49949,107001,7.61,0.576
49951,107056,7.65,0.891
49953,69875,7.77,1.45
49955,69933,7.44,0.156
49957,70016,7.58,0.867
49959,70038,6.42,0.915
49961,70162,7.76,1.015
49963,70680,6.18,0.093
49965,70794,5.42,1.49
49967,70802,6.6,1.114
49969,70879,7.95,1.406
49971,70906,7.05,0.408
49973,70937,7.4,0.418
49975,70973,7.68,0.775
49977,71169,7.8,1.53
49979,71199,7.84,0.115
49981,71347,7.73,0.461
49983,105705,7.14,0.342
49985,105717,7.21,1.125
49987,105947,7.53,0.599
49989,106163,7.6,0.214
49991,106278,2.9,0.828
49993,106359,7.93,1.031
49995,106464,7.77,0.298
49997,106488,6.69,0.252
49999,106592,5.79,1.11
50001,106686,6.93,1.27
50003,106870,6.73,1.608
50005,107007,7.94,1.628
50007,107009,7.94,1.007
50009,107015,7.01,1.048
50011,70002,7.79,1.314
50013,70012,5.14,1.023
50015,70220,6.82,0.198
50017,70282,6.74,0.058
50019,70439,7.18,1.616
50021,70747,7.77,0.082
50023,70755,4.81,0.693
50025,70947,7.67,1.044
50027,105767,5.48,1.451
50029,105800,7.6,1.606
50031,106011,7.55,1.287
50033,106015,6.88,1.142
50035,106375,7.63,1.6
50037,106495,6.85,1.171
50039,106758,6.22,0.056
50041,106942,6.66,0.514
50043,107024,7.79,1.306
50045,70022,6.18,0.201
50047,70081,6.79,1.219
50049,70278,7.51,0.408
50051,70319,6.25,0.639
50053,70553,7.08,0.02
50055,70652,7.82,0.144
50057,70782,7.02,0.549
50059,70894,5.96,0.159
50061,105792,7.53,0.01
50063,105819,6.45,0.162
50065,105864,6.12,0.481
50067,105995,7.54,0.524
50069,106162,7.86,0.44
50071,106426,7.91,0.544
50073,106484,7.7,0.997
50075,106544,6.41,1.398
50077,106601,7.27,0.57
50079,106944,5.1,1.034
50081,106958,7.6,1.039
50083,107072,7.93,0.514
50085,107120,7.66,0.491
50087,107144,5.66,1.446
50089,69914,7.01,1.264
50091,70020,7.64,0.407
50093,70299,7.9,1.341
50095,70383,7.19,1.01
50097,70400,5.1,0.124
50099,70486,7.16,0.962
50101,70549,7.72,0.29
50103,70616,7.2,1.039
50105,70651,7.43,1.079
50107,70718,7.48,1.118
50109,70772,7.37,1.653
50111,70816,6.84,1.615
50113,70949,6.01,1.421
50115,71085,7.26,1.59
50117,71141,7.4,0.447
50119,71142,7.43,0.916
50121,71146,6.85,0.911
50123,71177,7.7,0.544
50125,105922,7.28,1.183
50127,105933,6.78,0.336
50129,106103,6.41,1.179
50131,106110,7.5,1.281
50133,106195,7.83,0.2
50135,106258,7.01,0.207
50137,106295,7.86,0.944
50139,106312,7.3,1.289
50141,106362,7.3,0.231
50143,106412,7.22,1.019
50145,106660,7.72,1.275
50147,106707,7.62,0.56
50149,106755,6.54,0.327
50151,106781,7.66,0.368
50153,106783,6.19,0.046
50155,106856,5.66,0.265
50157,107046,6.83,1.509
50159,107063,7.23,0.158
50161,107142,7.36,1.104
50163,107151,5.3,1.653
50165,70327,4.86,0.01
50167,70384,5.94,0.066
50169,70414,6.19,1.208
50171,70621,7.42,0.007
50173,70650,7.22,1.021
50175,70785,7.85,1.182
50177,70810,7.92,1.132
50179,70914,7.41,0.533
50181,71305,7.89,0.563
50183,71395,7.48,0.973
50185,105597,7.73,0.334
50187,105695,6.33,0.474
50189,105747,7.43,0.0
50191,105847,7.51,0.927
50193,105896,7.92,0.998
50195,105902,6.97,0.382
50197,106021,6.39,1.64
50199,106221,7.79,0.92
50201,106471,8.0,1.471
50203,106519,7.91,0.581
50205,106666,7.85,0.897
50207,106677,7.68,1.096
50209,106895,7.86,1.053
50211,106981,6.96,0.12
50213,70159,7.97,0.401
50215,70174,7.93,0.523
50217,70386,6.76,0.575
50219,70828,7.6,1.25
50221,71034,7.56,0.519
50223,71132,7.03,0.485
50225,71316,7.21,0.192
50227,71452,6.98,0.087
50229,71476,7.53,1.301
50231,105623,6.76,-0.109
50233,105710,7.6,1.11
50235,105793,7.64,0.418
50237,105882,7.12,0.158
50239,106053,6.65,0.38
50241,106075,7.31,1.278
50243,106157,7.62,0.503
50245,106232,7.99,1.625
50247,106243,6.1,-0.047
50249,106337,7.24,-0.045
50251,106361,7.72,1.364
50253,106397,7.34,1.444
50255,106526,7.81,1.28
50257,106725,7.24,0.11
50259,106850,7.57,1.636
50261,70287,7.54,0.343
50263,70399,6.9,0.672
50265,70687,7.28,1.274
50267,70760,7.43,0.71
50269,70899,7.52,1.481
50271,71025,7.35,0.461
50273,71762,4.49,-0.002
50275,105141,7.85,0.314
50277,105179,7.46,1.11
50279,105192,7.34,0.44
50281,105254,6.7,0.366
50283,105350,7.55,0.46
50285,105493,7.56,1.48
50287,105571,7.72,0.065
50289,105583,7.62,1.52
50291,105833,6.83,-0.014
50293,105810,6.8,1.549
50295,105918,6.72,0.529
50297,106064,6.42,1.393
50299,106401,7.98,1.66
50301,106480,7.61,1.366
50303,106643,6.5,0.94
50305,70602,5.4,0.231
50307,70818,7.3,1.554
50309,71076,7.81,0.509
50311,71571,5.9,1.099
50313,71729,6.13,0.434
50315,71854,7.53,1.039
50317,71857,6.4,0.928
50319,71899,7.47,0.533
50321,71921,7.94,1.099
50323,72043,7.52,0.636
50325,72139,6.15,0.841
50327,72408,7.89,0.412
50329,104923,7.93,1.633
50331,104990,7.32,0.245
50333,105018,7.98,1.196
50335,105124,7.45,1.027
50337,105128,7.97,0.258
50339,105444,7.88,1.253
50341,105502,4.08,1.108
50343,105753,7.74,0.04
50345,105860,6.08,0.235
50347,105880,7.68,0.12
50349,105978,7.15,0.922
50351,106136,7.7,1.576
50353,106152,7.42,0.278
50355,71115,5.91,0.391
50357,71387,7.97,0.475
50359,71406,6.39,1.063
50361,71415,7.65,1.026
50363,71439,7.63,1.515
50365,71461,7.7,-0.005
50367,71843,7.66,0.493
50369,72348,7.48,1.388
50371,72412,6.15,0.506
50373,72418,7.68,1.587
50375,72480,6.68,1.347
50377,72528,7.12,0.455
50379,72550,6.77,0.027
50381,72567,5.86,0.576
50383,72604,7.5,0.643
50385,104536,7.7,0.17
50387,104539,6.71,0.028
50389,104648,7.33,1.132
50391,105000,6.99,0.887
50393,104866,7.51,1.382
50395,105071,7.99,0.485
50397,105111,7.21,0.481
50399,105161,7.21,0.252
50401,105205,6.61,0.97
50403,105255,7.55,1.358
50405,105344,6.29,-0.106
50407,105411,5.58,1.057
50409,105435,7.34,0.231
50411,105652,5.7,0.314
50413,105660,6.2,0.026
50415,105689,6.35,1.057
50417,105724,7.07,0.049
50419,105765,7.84,0.21
50421,106062,5.84,1.37
50423,71712,7.89,1.558
50425,71813,7.81,0.642
50427,71995,4.8,1.672
50429,72105,2.35,0.966
50431,72200,7.98,0.87
50433,72552,5.8,0.046
50435,72805,7.26,0.105
50437,72830,7.96,0.896
50439,103775,7.98,-0.11
50441,103770,7.76,0.493
50443,103833,7.33,0.614
50445,103874,7.85,0.187
50447,103877,7.73,0.935
50449,103919,7.07,1.802
50451,103930,6.96,0.98
50453,104106,8.0,1.507
50455,104172,6.13,1.026
50457,104406,7.92,0.435
50459,104517,7.61,1.023
50461,104607,7.76,0.037
50463,104643,6.85,-0.143
50465,104734,7.83,1.472
50467,104822,6.18,1.105
50469,104825,7.99,0.366
50471,104867,7.63,1.049
50473,104960,7.62,1.123
50475,105016,7.19,0.457
50477,105376,7.34,1.519
50479,105703,5.67,0.323
50481,72098,7.54,1.241
50483,72953,6.84,0.43
50485,72794,6.89,1.018
50487,72807,6.87,0.432
50489,72927,6.95,1.11
50491,73015,7.22,1.114
50493,73068,6.12,0.109
50495,73438,7.57,0.6
50497,73586,7.17,0.949
50499,73589,6.6,1.4
50501,73868,7.96,1.46
50503,73975,7.79,1.2
50505,74032,7.87,-0.066
50507,74080,6.7,0.979
50509,74130,7.16,1.208
50511,74265,6.91,1.1
50513,102488,2.48,1.021
50515,102563,7.78,0.32
50517,102993,6.42,-0.138
50519,103115,7.93,-0.066
50521,103116,6.85,0.309
50523,103145,5.47,1.522
50525,103232,7.46,0.594
50527,103242,6.93,1.748
50529,103278,7.05,1.272
50531,103305,7.83,1.082
50533,103306,8.0,0.142
50535,103510,6.54,1.032
50537,103548,7.18,-0.044
50539,103645,6.85,1.638
50541,103815,7.98,0.101
50543,103818,7.81,0.486
50545,103876,6.92,1.409
50547,103905,7.99,1.129
50549,104185,5.77,0.554
50551,104210,7.44,0.282
50553,104262,7.96,-0.065
50555,104316,7.78,-0.144
50557,104492,7.24,1.025
50559,104235,7.55,-0.109
50561,104371,5.6,-0.048
50563,104421,7.98,0.541
50565,104653,6.54,0.951
50567,104732,3.21,0.99
50569,104733,7.32,0.666
50571,104819,7.76,-0.07
50573,73160,7.36,0.398
50575,73380,7.75,0.966
50577,73634,5.52,1.023
50579,73675,6.59,1.02
50581,73891,7.89,1.291
50583,73765,7.49,0.503
50585,73941,6.35,0.537
50587,74381,7.27,0.844
50589,74422,7.85,0.406
50591,74514,6.19,1.218
50593,74631,7.11,0.359
50595,74730,7.1,0.601
50597,75390,7.57,0.963
50599,75411,4.31,0.309
50601,75415,6.51,0.6
50603,101518,7.52,1.032
50605,101754,7.09,1.59
50607,101756,6.21,1.011
50609,101875,6.76,0.61
50611,101720,7.5,0.069
50613,101946,7.9,0.25
50615,101974,6.89,0.943
50617,102105,7.47,1.32
50619,102118,7.98,1.276
50621,102195,6.7,-0.159
50623,102276,6.48,1.251
50625,102356,7.73,1.63
50627,102571,4.93,1.294
50629,102589,4.53,-0.083
50631,102755,6.6,1.622
50633,102907,7.96,0.057
50635,102910,6.64,1.024
50637,102953,7.29,0.035
50639,102999,7.31,-0.09
50641,103013,7.77,1.657
50643,103131,7.78,0.747
50645,103216,7.15,0.02
50647,103354,7.82,0.0
50649,103073,7.95,-0.065
50651,103422,6.62,1.48
50653,103594,8.0,0.093
50655,103734,6.01,0.994
50657,104064,7.35,0.254
50659,104102,7.96,0.027
50661,74404,7.72,0.997
50663,74961,7.88,0.93
50665,75039,6.9,0.51
50667,75257,5.56,1.626
50669,75676,7.48,0.676
50671,75752,6.69,0.37
50673,75793,7.89,1.179
50675,75894,7.63,0.554
50677,75896,7.93,0.305
50679,75972,7.97,1.191
50681,75973,5.04,1.589
50683,76035,7.7,0.743
50685,76041,4.98,0.086
50687,76375,7.65,0.946
50689,76382,6.78,0.906
50691,76534,5.25,0.886
50693,76299,6.75,0.953
50695,76684,7.68,1.5
50697,77236,7.35,0.914
50699,77632,7.39,0.486
50701,77706,7.83,0.947
50703,77907,5.35,1.645
50705,99428,7.8,0.0
50707,99685,6.13,1.489
50709,99749,6.67,-0.038
50711,99813,7.87,0.03
50713,99859,7.8,0.568
50715,99976,7.91,1.116
50717,100016,6.32,1.632
50719,100069,5.83,0.073
50721,100191,7.79,0.002
50723,100515,6.2,0.957
50725,100529,8.0,0.146
50727,100736,6.89,0.457
50729,100877,7.66,-0.06
50731,100434,6.38,1.016
50733,100453,2.23,0.673
50735,100501,5.95,1.632
50737,100548,7.03,0.857
50739,100603,7.85,-0.04
50741,100691,6.73,1.263
50743,100724,7.84,0.376
50745,100737,7.11,0.237
50747,100741,7.56,-0.09
50749,100771,7.77,0.23
50751,100784,6.65,-0.1
50753,100804,7.47,0.85
50755,100833,7.73,-0.063
50757,100834,7.09,-0.058
50759,100838,7.75,0.006
50761,100885,7.89,1.188
50763,100910,7.55,0.924
50765,100912,7.31,-0.013
50767,100979,6.98,0.955
50769,100987,7.66,0.124
50771,100993,7.95,0.077
50773,101220,7.64,-0.08
50775,101226,7.44,1.015
50777,101252,7.59,0.058
50779,101382,7.08,0.796
50781,101383,6.61,-0.112
50783,101467,6.5,0.994
50785,101511,7.28,0.392
50787,101528,7.97,0.185
50789,101533,6.67,1.491
50791,101588,6.63,0.93
50793,101668,7.9,0.149
50795,101755,7.28,-0.101
50797,101757,7.79,0.44
50799,101818,7.03,0.495
50801,101841,7.52,1.721
50803,101948,6.81,0.507
50805,101949,6.07,-0.134
50807,102051,7.01,-0.067
50809,102155,5.68,-0.107
50811,102062,6.51,-0.105
50813,102314,7.73,0.981
50815,102648,7.0,0.67
50817,102729,7.52,-0.107
50819,102731,7.52,-0.003
50821,102750,7.92,1.1
50823,103012,7.39,0.094
50825,103051,7.96,1.417
50827,75580,7.49,0.563
50829,76274,7.12,1.122
50831,76579,6.8,0.187
50833,76745,7.54,0.451
50835,76752,7.16,0.325
50837,76936,7.01,0.368
50839,77241,7.81,1.001
50841,77296,7.82,1.475
50843,77345,7.3,1.241
50845,77381,6.76,1.19
50847,77529,7.69,0.111
50849,77301,7.21,0.77
50851,77797,7.25,0.956
50853,78387,6.78,1.165
50855,78502,7.16,1.413
50857,78574,6.52,1.164
50859,78592,4.72,-0.094
50861,78946,6.65,-0.025
50863,79037,7.01,1.017
50865,79116,7.87,0.399
50867,79398,7.8,0.558
50869,79433,7.56,1.018
50871,79254,7.55,0.934
50873,79312,7.9,0.41
50875,79647,7.86,1.075
50877,80270,7.8,0.535
50879,80538,6.51,1.065
50881,80613,7.32,1.311
50883,80818,6.98,0.582
50885,95314,7.55,1.111
50887,95581,7.57,0.138
50889,95989,7.22,-0.108
50891,96011,6.87,0.279
50893,96286,6.79,0.256
50895,96363,7.65,0.065
50897,96457,7.0,1.45
50899,96815,7.89,0.413
50901,96817,7.63,0.938
50903,96872,7.23,1.669
50905,96982,7.25,1.021
50907,97045,7.75,-0.19
50909,97243,6.94,1.413
50911,97282,7.42,1.196
50913,97372,6.14,1.64
50915,97595,7.86,1.405
50917,97700,6.22,0.398
50919,97757,5.6,-0.078
50921,97774,5.91,-0.174
50923,97845,6.3,-0.126
50925,97906,7.68,1.197
50927,97959,7.83,1.623
50929,98013,6.72,1.059
50931,98028,7.63,0.367
50933,98071,6.88,0.164
50935,98156,7.91,-0.042
50937,98345,7.63,1.077
50939,98383,5.92,0.185
50941,98535,8.0,0.768
50943,98610,6.95,1.62
50945,98614,7.52,0.313
50947,98858,6.16,0.037
50949,98867,7.92,1.341
50951,98978,7.44,0.661
50953,99112,7.69,0.515
50955,99136,7.42,0.945
50957,99182,7.95,1.016
50959,99213,7.74,1.103
50961,99490,7.88,0.951
50963,99539,6.92,-0.11
50965,99370,7.79,-0.106
50967,99376,7.41,0.669
50969,99395,7.48,1.398
50971,99639,4.8,0.1
50973,99654,7.76,0.02
50975,99675,3.8,1.27
50977,99676,7.01,-0.133
50979,99785,7.28,-0.089
50981,99827,7.11,-0.085
50983,99840,7.16,0.398
50985,99846,7.22,1.612
50987,99889,5.87,0.447
50989,99936,7.11,1.5
50991,99960,7.95,0.215
50993,100131,7.53,1.025
50995,100142,6.46,-0.123
50997,100163,7.73,1.167
50999,100203,7.7,1.063
51001,100217,7.56,0.451
51003,100241,6.98,0.462
51005,100287,6.78,0.461
51007,100360,7.86,-0.04
51009,100409,7.47,0.729
51011,100437,5.58,1.077
51013,100609,7.45,1.08
51015,101186,7.1,0.847
51017,100989,7.69,-0.004
51019,101179,7.6,0.19
51021,78958,7.62,0.28
51023,79134,6.86,1.028
51025,79236,7.4,0.95
51027,79953,5.93,1.369
51029,80110,7.93,1.267
51031,80264,7.42,0.516
51033,80426,7.79,1.031
51035,80469,7.23,0.356
51037,80809,6.44,0.026
51039,80427,7.35,0.238
51041,80656,7.3,1.02
51043,80709,7.67,0.956
51045,80710,6.31,1.052
51047,81028,6.82,0.912
51049,81113,6.84,1.011
51051,81132,7.91,0.9
51053,81290,5.53,-0.06
51055,81292,5.07,-0.027
51057,81340,7.74,1.013
51059,81483,6.56,1.54
51061,81497,4.86,1.562
51063,81516,7.03,1.039
51065,81800,6.48,0.541
51067,81901,7.83,0.546
51069,81959,7.22,0.301
51071,82332,7.09,1.076
51073,82441,7.96,1.225
51075,82478,7.47,1.08
51077,82867,6.6,1.633
51079,82884,7.09,0.054
51081,82958,7.51,1.341
51083,83047,7.95,0.944
51085,83183,7.42,1.344
51087,83285,6.89,0.091
51089,83354,7.85,0.225
51091,83361,7.64,1.071
51093,83395,7.51,1.155
51095,83501,7.82,0.969
51097,83857,6.46,-0.017
51099,84021,6.3,-0.025
51101,84072,7.13,0.124
51103,84236,6.91,0.307
51105,84453,7.85,1.169
51107,84511,7.49,1.042
51109,84616,7.93,1.019
51111,84629,7.92,1.076
51113,84793,7.84,1.026
51115,84950,5.69,1.463
51117,85244,7.82,0.667
51119,85268,6.46,0.619
51121,85518,7.63,0.511
51123,85554,7.88,1.348
51125,85670,2.79,0.954
51127,85844,7.95,1.025
51129,86561,6.0,1.068
51131,86782,5.75,0.017
51133,86982,7.6,0.158
51135,87210,6.6,0.224
51137,87833,2.24,1.521
51139,87960,7.43,0.27
51141,88155,7.72,0.666
51143,88212,7.9,1.122
51145,88323,7.43,0.338
51147,88606,6.84,1.165
51149,89047,5.97,0.943
51151,89093,7.26,0.976
51153,89175,7.48,0.977
51155,89204,7.71,1.194
51157,89446,6.83,0.951
51159,89515,7.22,0.972
51161,89582,7.96,1.57
51163,89779,7.35,1.212
51165,89835,6.3,1.112
51167,89978,6.65,1.387
51169,89982,7.79,0.003
51171,90031,6.84,0.131
51173,90146,6.35,0.168
51175,90473,7.23,0.873
51177,90499,7.78,0.993
51179,90557,7.73,0.272
51181,90865,6.58,-0.061
51183,91013,5.38,1.091
51185,91049,7.81,-0.181
51187,91061,6.51,1.472
51189,91103,7.95,1.12
51191,91329,7.52,1.247
51193,91436,6.92,0.432
51195,91525,6.0,-0.067
51197,91843,6.18,0.094
51199,92133,5.91,-0.096
51201,92445,7.45,-0.132
51203,92538,7.8,1.571
51205,92549,5.51,0.843
51207,92578,7.78,0.197
51209,92689,4.92,0.903
51211,92697,7.62,1.092
51213,92790,7.54,0.996
51215,92835,7.96,0.6
51217,93029,7.9,0.432
51219,93197,6.32,0.979
51221,93299,5.39,-0.182
51223,93466,6.35,0.983
51225,93610,7.53,0.165
51227,93694,7.92,1.56
51229,93713,5.4,-0.014
51231,93733,6.45,1.348
51233,94013,5.88,1.086
51235,93951,7.38,0.465
51237,94023,6.92,-0.046
51239,94266,7.89,0.169
51241,94336,5.85,0.666
51243,94475,7.97,0.218
51245,94623,6.27,0.93
51247,94667,7.84,0.971
51249,94715,7.23,1.046
51251,94779,3.8,0.95
51253,94798,7.26,0.397
51255,94814,7.49,1.469
51257,94880,7.51,1.6
51259,94890,6.32,1.123
51261,94896,7.88,1.12
51263,95062,7.32,1.482
51265,95074,7.88,1.438
51267,95156,6.94,0.288
51269,95218,7.66,1.535
51271,95306,6.51,-0.071
51273,95524,7.36,1.63
51275,95611,7.38,0.508
51277,95656,5.73,-0.002
51279,95853,3.76,0.148
51281,95981,7.53,0.92
51283,96014,5.55,1.274
51285,96200,7.68,0.923
51287,96198,6.0,1.545
51289,96258,5.71,0.475
51291,96331,7.99,0.898
51293,96396,6.47,1.034
51295,96441,4.49,0.395
51297,96572,6.47,0.99
51299,96595,7.21,1.064
51301,96855,7.7,1.098
51303,96878,7.95,0.976
51305,96895,5.99,0.643
51307,96901,6.25,0.661
51309,97078,7.9,1.612
51311,97094,7.46,1.382
51313,97304,6.68,1.13
51315,97654,7.94,0.383
51317,97665,7.26,1.013
51319,97919,7.83,1.29
51321,83608,4.91,0.471
51323,84590,7.59,1.24
51325,85759,7.22,0.138
51327,85819,4.89,0.251
51329,85829,4.86,0.279
51331,87913,7.37,1.497
51333,88479,7.79,0.456
51335,88591,7.93,0.487
51337,90000,7.42,1.556
51339,90095,7.65,0.218
51341,90423,7.64,1.039
51343,91257,7.86,0.729
51345,91985,6.26,0.839
51347,78469,6.12,0.264
51349,79372,6.53,0.02
51351,79497,5.78,0.365
51353,79509,4.95,1.017
51355,79849,7.67,1.582
51357,79967,7.09,0.642
51359,80054,5.76,0.97
51361,80167,7.0,0.173
51363,80209,7.9,1.2
51365,80246,7.95,0.086
51367,80361,7.82,0.032
51369,80363,7.96,0.583
51371,80531,7.83,-0.017
51373,80913,7.95,0.093
51375,81361,7.2,1.466
51377,81427,7.7,0.015
51379,81749,8.0,0.754
51381,81589,6.73,-0.06
51383,81611,7.7,1.626
51385,81801,7.52,1.677
51387,81807,7.98,-0.031
51389,81997,7.92,0.026
51391,82173,7.68,0.1
51393,82528,7.14,-0.057
51395,82660,7.45,1.29
51397,82663,7.65,0.405
51399,82672,5.91,1.592
51401,82678,6.93,0.009
51403,82778,7.5,1.129
51405,83081,3.12,1.552
51407,83187,5.64,0.194
51409,83205,7.77,0.324
51411,83229,6.99,0.581
51413,83268,7.6,-0.017
51415,83269,6.4,0.1
51417,83380,7.46,0.583
51419,83402,7.09,0.165
51421,83429,7.57,0.626
51423,83535,5.73,-0.097
51425,83749,7.85,0.072
51427,83618,7.98,1.38
51429,84063,6.77,1.288
51431,84069,7.24,0.699
51433,84111,7.25,0.035
51435,84229,6.82,0.394
51437,84288,6.98,0.45
51439,84311,6.08,1.728
51441,84338,7.93,-0.064
51443,84394,7.8,0.017
51445,84844,7.41,1.704
51447,84859,7.04,0.013
51449,85038,6.75,0.248
51451,85049,5.86,1.075
51453,85068,5.76,0.994
51455,85116,6.81,-0.089
51457,85216,7.22,0.04
51459,85258,2.84,1.479
51461,85263,7.94,1.023
51463,85267,3.31,-0.15
51465,85553,7.22,1.674
51467,85751,5.99,-0.045
51469,85897,7.53,0.088
51471,85895,6.99,0.168
51473,85960,7.6,0.6
51475,86154,8.0,0.85
51477,86290,7.0,1.677
51479,86306,7.34,0.335
51481,86728,6.85,2.45
51483,86747,6.64,-0.017
51485,86780,7.65,1.22
51487,86871,5.97,0.912
51489,87021,7.52,0.226
51491,87070,7.36,0.393
51493,87088,7.53,0.403
51495,87522,6.51,1.146
51497,87551,7.38,0.402
51499,87619,7.56,0.134
51501,87673,7.52,-0.038
51503,87695,7.31,0.033
51505,87928,6.26,-0.066
51507,88025,7.5,1.1
51509,88104,7.23,1.673
51511,88220,7.96,1.581
51513,88262,7.7,1.348
51515,88512,7.04,1.585
51517,88531,6.88,0.624
51519,88666,7.77,1.3
51521,88702,6.82,-0.094
51523,88935,7.72,1.582
51525,89006,6.38,1.553
51527,89168,7.8,0.741
51529,89171,7.14,0.093
51531,89173,7.97,1.157
51533,89183,7.56,0.099
51535,89375,7.81,1.092
51537,89430,7.59,0.586
51539,89530,6.91,1.277
51541,89558,7.03,0.465
51543,89605,5.36,-0.05
51545,89658,7.41,0.291
51547,89872,6.94,1.012
51549,89902,6.99,-0.114
51551,89910,7.8,-0.08
51553,90206,7.41,-0.054
51555,90282,6.85,0.441
51557,90446,7.62,0.564
51559,90664,5.74,0.987
51561,90714,7.81,1.696
51563,90816,7.58,0.225
51565,90841,7.74,0.453
51567,90981,6.4,0.688
51569,91116,7.62,1.658
51571,91245,6.94,1.102
51573,91261,7.61,0.955
51575,91464,7.15,1.061
51577,91512,6.75,1.177
51579,91516,7.52,1.576
51581,91565,7.0,0.974
51583,91600,7.36,1.094
51585,91837,7.63,0.556
51587,91888,7.93,0.422
51589,91907,7.71,1.19
51591,92021,6.22,1.385
51593,92375,7.92,0.066
51595,92583,7.89,0.058
51597,92561,7.9,1.009
51599,92902,6.77,1.61
51601,92958,7.89,0.506
51603,92981,7.77,0.054
51605,93055,7.93,0.331
51607,93090,7.86,0.983
51609,93262,7.58,1.007
51611,93308,7.14,1.024
51613,93547,7.07,0.888
51615,93559,7.2,1.054
51617,93629,6.3,0.857
51619,94054,6.44,1.101
51621,94209,7.6,1.212
51623,94278,7.4,1.613
51625,94570,7.23,0.627
51627,94899,6.81,-0.165
51629,95153,7.81,0.922
51631,95261,5.03,0.02
51633,95270,7.04,0.48
51635,95329,7.35,0.471
51637,95404,7.49,-0.047
51639,95448,7.61,0.291
51641,95465,7.9,1.285
51643,95563,7.5,1.397
51645,95592,7.82,1.655
51647,95866,6.14,0.974
51649,95932,6.29,0.45
51651,96231,7.0,1.403
51653,96253,7.99,0.18
51655,96781,6.24,1.001
51657,96884,7.36,1.529
51659,97032,7.69,1.254
51661,97816,5.76,0.915
51663,97819,6.5,0.1
51665,97916,7.61,0.934
51667,75638,7.41,0.188
51669,75819,7.68,0.77
51671,76087,7.8,0.422
51673,76171,7.71,1.152
51675,76377,7.97,1.833
51677,76645,7.83,1.812
51679,76924,6.95,1.622
51681,76935,6.02,1.315
51683,76995,7.87,-0.029
51685,77056,7.23,-0.024
51687,77067,6.83,0.353
51689,77138,6.41,0.163
51691,77278,6.76,-0.018
51693,77289,7.08,-0.031
51695,77403,6.7,0.471
51697,77415,7.91,1.159
51699,77421,7.85,0.537
51701,77454,6.05,1.385
51703,77480,7.3,1.698
51705,77541,5.86,0.068
51707,77562,5.78,-0.076
51709,77577,6.89,1.111
51711,77701,7.65,-0.008
51713,77724,7.92,0.034
51715,77758,7.91,1.155
51717,77771,6.63,1.527
51719,77862,7.8,0.089
51721,77901,7.43,0.012
51723,77934,7.72,0.606
51725,78150,7.87,0.226
51727,77879,7.2,0.409
51729,77932,7.11,0.013
51731,78145,7.9,0.521
51733,78355,6.1,-0.016
51735,78540,6.38,-0.003
51737,78694,7.87,0.119
51739,78731,6.46,0.006
51741,78810,7.96,1.664
51743,79055,6.86,1.989
51745,79060,7.44,1.56
51747,79179,7.61,0.162
51749,79261,7.94,1.943
51751,79490,6.03,1.965
51753,79754,5.45,1.696
51755,79787,6.4,0.793
51757,79812,6.3,0.273
51759,80115,7.65,1.099
51761,80412,7.67,0.891
51763,80529,7.94,1.706
51765,80615,7.7,1.176
51767,81079,6.59,0.883
51769,81216,7.2,-0.067
51771,81636,7.89,-0.034
51773,81793,7.72,1.472
51775,82622,7.91,0.183
51777,94858,6.36,0.505
51779,95171,7.47,1.234
51781,95322,6.62,0.968
51783,95690,5.7,1.406
51785,95881,7.83,-0.032
51787,96065,6.82,1.47
51789,96141,5.76,0.3
51791,96326,7.91,0.383
51793,96399,6.71,1.395
51795,96505,7.85,0.829
51797,96806,6.9,0.142
51799,96934,7.38,0.239
51801,97248,7.52,0.468
51803,97253,7.68,1.242
51805,97491,6.27,1.131
51807,97738,6.89,0.499
51809,97856,6.99,1.042
51811,98048,7.17,1.599
51813,98294,7.64,0.33
51815,98462,7.73,1.442
51817,98415,7.73,1.219
51819,98444,6.67,0.404
51821,98500,6.75,1.386
51823,99032,7.76,0.331
51825,99120,4.93,1.591
51827,99188,6.47,0.682
51829,99517,8.0,1.537
51831,99595,7.9,0.412
51833,99747,5.65,1.497
51835,100035,6.68,0.474
51837,100090,7.56,-0.062
51839,100126,7.68,0.419
51841,100349,7.3,0.129
51843,100411,7.74,1.547
51845,100412,6.26,0.549
51847,100508,7.99,1.531
51849,100580,7.94,1.205
51851,100485,7.72,1.037
51853,100872,7.85,0.408
51855,101301,7.94,0.944
51857,101905,7.33,0.626
51859,73117,7.42,1.557
51861,73383,6.59,0.48
51863,73758,7.92,1.123
51865,74049,7.75,0.73
51867,74117,4.07,-0.162
51869,74268,7.01,0.619
51871,74271,7.6,0.72
51873,74329,7.38,1.084
51875,74336,6.44,1.039
51877,74369,7.78,1.617
51879,74387,7.89,0.04
51881,74449,4.83,-0.177
51883,74454,7.89,0.945
51885,74592,7.24,0.26
51887,74602,7.99,0.552
51889,74657,6.74,-0.068
51891,74696,5.96,0.21
51893,74716,6.05,-0.128
51895,74725,7.05,0.148
51897,74740,6.58,1.431
51899,74748,7.46,1.306
51901,74754,7.95,0.463
51903,74769,6.46,0.927
51905,74775,6.44,0.514
51907,74853,7.43,1.664
51909,74856,7.72,0.617
51911,75161,6.68,0.009
51913,75247,6.74,0.049
51915,75264,3.37,-0.191
51917,75418,8.0,0.063
51919,74876,6.98,0.504
51921,74911,4.27,-0.086
51923,74915,6.87,0.093
51925,75122,6.77,0.44
51927,75181,5.65,0.639
51929,75206,4.99,0.515
51931,75255,7.68,0.657
51933,75324,6.49,0.945
51935,75427,7.51,0.073
51937,75482,6.57,1.52
51939,75594,7.6,1.02
51941,75771,7.75,-0.039
51943,75828,5.26,1.731
51945,75838,7.83,1.616
51947,75957,7.45,0.078
51949,75980,6.84,0.895
51951,76809,6.21,1.621
51953,99666,6.47,1.249
51955,100151,6.28,1.657
51957,100184,6.13,0.469
51959,100787,6.74,0.274
51961,101319,7.99,0.65
51963,101772,3.11,0.998
51965,101477,5.12,0.999
51967,101623,6.36,0.958
51969,101671,7.28,0.297
51971,101855,7.3,0.949
51973,102019,7.47,1.289
51975,102164,7.44,1.634
51977,102181,6.99,0.087
51979,102579,7.36,0.3
51981,102588,6.83,1.282
51983,102670,6.47,1.161
51985,102693,5.11,0.361
51987,102763,7.82,1.21
51989,102790,4.9,1.494
51991,103133,7.52,1.584
51993,103308,7.29,1.62
51995,103458,6.52,0.587
51997,104112,7.2,0.94
51999,72362,6.92,0.013
52001,72454,7.64,1.533
52003,72398,7.66,0.49
52005,72710,7.94,-0.074
52007,72885,7.69,1.593
52009,72950,7.61,0.89
52011,72986,7.15,0.506
52013,73116,6.36,0.061
52015,73168,7.0,1.164
52017,73215,7.41,0.299
52019,73273,2.68,-0.184
52021,73279,6.17,1.216
52023,73334,3.13,-0.208
52025,73354,6.1,0.597
52027,73407,7.36,1.11
52029,73579,7.59,1.444
52031,73653,7.4,-0.151
52033,73764,6.29,1.389
52035,73811,7.45,1.611
52037,73826,5.13,1.011
52039,73935,7.87,0.379
52041,74066,5.75,-0.113
52043,74220,7.5,-0.047
52045,74302,7.66,0.364
52047,74100,5.85,-0.123
52049,74519,7.67,-0.051
52051,74542,7.83,0.963
52053,74622,7.49,0.0
52055,74752,6.76,-0.034
52057,102705,7.09,1.283
52059,103127,5.34,1.318
52061,103522,7.7,0.35
52063,103794,7.99,1.508
52065,103814,6.64,0.663
52067,103819,6.9,0.959
52069,103958,7.9,1.014
52071,104016,7.33,1.361
52073,104177,5.55,1.35
52075,104195,7.86,0.519
52077,104278,7.49,0.408
52079,104555,7.77,1.004
52081,104680,5.83,0.45
52083,104738,5.25,0.46
52085,104824,7.71,0.955
52087,104925,6.2,1.138
52089,105086,7.56,0.549
52091,105090,6.69,1.397
52093,70993,7.77,0.058
52095,71289,7.32,0.491
52097,71362,7.93,0.526
52099,71405,7.57,1.658
52101,71524,7.77,1.133
52103,71585,6.78,0.159
52105,71625,7.43,0.463
52107,71457,7.68,-0.061
52109,71488,7.51,0.65
52111,71783,5.67,-0.081
52113,71865,4.01,-0.157
52115,72010,4.06,1.356
52117,72104,4.92,0.013
52119,72140,7.37,0.104
52121,72296,5.9,1.336
52123,72350,7.84,0.371
52125,72427,6.72,0.992
52127,72432,5.89,1.369
52129,72459,7.63,0.188
52131,72559,7.85,0.495
52133,72800,5.02,-0.155
52135,72823,6.58,0.023
52137,72984,7.23,0.062
52139,73030,7.59,0.412
52141,73266,7.26,-0.026
52143,73341,6.45,-0.08
52145,73493,5.88,1.246
52147,103836,5.93,1.106
52149,103882,5.32,0.424
52151,104077,7.01,1.104
52153,104168,7.67,0.374
52155,104374,6.87,-0.073
52157,104434,6.86,0.961
52159,104441,6.47,0.52
52161,104718,7.48,1.015
52163,104752,5.97,0.967
52165,104980,6.13,1.38
52167,104988,7.92,1.641
52169,105711,7.07,1.144
52171,105764,6.92,0.506
52173,105816,7.76,1.109
52175,105930,8.0,1.469
52177,70484,7.86,1.198
52179,70926,7.71,1.15
52181,71066,7.51,1.387
52183,71154,6.07,1.03
52185,71179,6.94,1.033
52187,71236,7.55,1.179
52189,71495,7.75,1.38
52191,71647,7.68,0.49
52193,71732,7.8,1.246
52195,71853,6.38,-0.083
52197,71890,6.63,0.912
52199,71893,7.52,0.979
52201,104851,7.95,0.578
52203,105106,6.85,1.171
52205,105140,4.71,0.07
52207,105244,6.96,1.441
52209,105395,7.61,0.914
52211,105580,7.82,0.581
52213,105884,7.88,1.118
52215,105954,7.83,1.375
52217,106067,6.52,0.036
52219,106304,7.9,0.442
52221,69838,7.26,0.486
52223,69977,6.35,1.591
52225,70050,7.2,0.059
52227,70225,6.8,0.964
52229,70273,7.86,1.572
52231,70306,4.78,1.3
52233,70330,7.76,0.658
52235,70375,6.93,0.188
52237,70498,7.11,1.382
52239,70514,6.83,1.085
52241,70538,6.48,0.941
52243,70753,4.97,-0.074
52245,70788,7.65,1.478
52247,70839,7.1,0.511
52249,70866,6.88,1.495
52251,70941,7.73,1.44
52253,70948,7.83,0.244
52255,71077,7.51,0.292
52257,71084,7.47,1.098
52259,71734,7.82,0.462
52261,105476,6.53,1.37
52263,105962,7.54,0.937
52265,106012,7.87,1.179
52267,106438,7.65,0.656
52269,106564,6.42,-0.097
52271,106654,5.73,0.234
52273,106719,7.63,0.994
52275,106840,7.81,0.315
52277,106853,7.65,0.449
52279,106913,6.75,0.623
52281,107134,7.64,1.078
52283,69973,7.87,0.075
52285,69965,5.87,0.518
52287,70092,7.71,0.95
52289,70469,5.34,0.962
52291,70768,7.91,0.506
52293,70776,7.82,0.516
52295,70893,7.72,1.232
52297,70972,7.79,0.228
52299,106034,7.81,0.105
52301,106185,7.31,1.54
52303,106206,7.17,1.287
52305,106289,7.88,0.561
52307,106310,7.24,0.223
52309,106363,6.43,0.2
52311,106590,6.39,1.098
52313,106591,7.96,0.486
52315,106826,7.35,0.904
52317,106887,7.51,1.239
52319,107112,6.51,1.185
52321,107135,7.23,1.607
52323,107128,5.24,0.991
52325,107222,7.55,1.28
52327,107248,7.17,0.95
52329,107351,7.32,0.49
52331,107392,7.35,0.397
52333,107484,7.85,0.289
52335,69126,7.08,1.589
52337,69128,7.7,0.908
52339,69356,7.74,1.089
52341,69613,7.47,1.47
52343,69792,6.22,0.985
52345,69828,6.95,0.244
52347,69848,7.34,0.445
52349,69929,5.86,0.013
52351,69998,7.27,0.34
52353,70118,7.72,0.418
52355,70134,7.93,1.727
52357,70261,6.8,1.032
52359,70382,7.32,1.028
52361,70513,6.98,0.137
52363,70518,6.63,0.136
52365,70535,7.86,1.372
52367,70696,7.34,0.939
52369,106559,5.7,0.423
52371,106568,6.74,0.498
52373,106594,7.95,0.432
52375,106673,7.9,0.415
52377,106699,7.93,1.134
52379,106715,6.9,1.436
52381,106723,4.51,-0.18
52383,106741,7.19,0.396
52385,106768,7.45,-0.085
52387,106876,7.25,0.527
52389,106911,7.63,1.169
52391,107032,7.34,1.577
52393,107091,7.66,1.095
52395,107093,7.91,1.459
52397,107111,7.02,1.24
52399,107188,4.72,0.868
52401,107238,6.23,0.269
52403,107599,7.67,0.525
52405,107610,7.4,0.233
52407,107724,7.56,0.285
52409,107839,7.47,0.51
52411,107845,7.75,1.57
52413,107901,6.19,0.374
52415,68807,7.22,0.939
52417,68970,7.28,-0.006
52419,68918,7.68,1.7
52421,69269,4.93,1.684
52423,69658,5.53,0.001
52425,69683,7.98,1.226
52427,70078,7.83,1.164
52429,106805,7.28,1.388
52431,106829,7.2,1.043
52433,106985,3.69,0.32
52435,107088,7.18,0.362
52437,107122,7.18,0.973
52439,107176,7.99,1.176
52441,107302,5.96,0.219
52443,107324,7.52,0.202
52445,107509,7.47,1.223
52447,107556,2.85,0.18
52449,107567,7.68,0.446
52451,107590,7.59,1.256
52453,107594,7.65,0.0
52455,107797,6.38,1.42
52457,107991,7.92,1.158
52459,108176,7.07,1.257
52461,68671,7.64,0.29
52463,68735,7.94,0.403
52465,68937,6.57,1.573
52467,69054,7.61,0.62
52469,69082,7.86,1.341
52471,69092,6.84,0.114
52473,69222,7.59,0.874
52475,69305,7.46,1.208
52477,69357,7.93,0.865
52479,69500,6.98,1.016
52481,69449,6.82,1.578
52483,69512,7.79,1.628
52485,69657,7.99,0.294
52487,69945,7.81,1.494
52489,69974,4.52,0.128
52491,69987,7.44,1.575
52493,70011,7.39,0.6
52495,106922,7.25,1.066
52497,107095,5.16,0.672
52499,107127,7.93,0.25
52501,107232,5.88,0.255
52503,107412,6.69,0.439
52505,107491,7.54,0.993
52507,107517,5.57,-0.002
52509,107527,6.99,0.471
52511,107750,6.31,0.223
52513,108036,5.08,0.378
52515,68679,7.49,1.62
52517,68709,7.26,0.992
52519,68752,6.65,0.029
52521,68806,7.69,1.282
52523,68888,6.54,0.018
52525,68940,5.46,0.347
52527,68967,7.82,0.496
52529,69127,6.45,1.003
52531,69325,7.97,1.466
52533,69403,7.15,0.333
52535,69427,4.18,1.323
52537,69466,7.16,1.061
52539,69675,7.55,1.232
52541,69758,7.87,0.264
52543,69773,6.47,1.212
52545,69823,6.62,1.267
52547,69877,7.01,1.259
52549,69881,6.47,0.723
52551,107379,7.04,1.41
52553,107382,5.1,1.108
52555,107487,6.0,1.629
52557,107539,7.92,1.069
52559,107820,6.54,1.281
52561,107851,7.87,0.511
52563,107857,7.49,0.801
52565,107974,7.2,0.445
52567,108018,6.89,0.993
52569,108058,6.57,-0.12
52571,108298,7.97,1.51
52573,108402,6.8,-0.041
52575,68661,8.0,0.417
52577,68739,6.39,1.321
52579,68789,7.83,0.382
52581,69236,7.89,0.971
52583,69282,7.32,0.506
52585,69352,7.35,0.994
52587,69361,7.63,0.234
52589,69564,6.36,0.593
52591,69572,7.85,1.291
52593,69586,7.72,1.093
52595,69701,4.07,0.511
52597,69727,6.44,0.275
52599,69775,6.88,0.341
52601,69789,7.8,1.614
52603,69798,7.34,1.059
52605,107336,6.66,0.068
52607,107501,7.91,0.438
52609,107585,6.85,0.07
52611,107596,6.17,0.23
52613,107627,7.55,0.137
52615,107668,7.66,0.149
52617,107702,6.66,1.027
52619,107993,6.66,0.911
52621,108102,5.71,1.185
52623,108106,7.44,0.448
52625,108272,7.46,0.978
52627,108280,7.54,-0.02
52629,108289,7.54,1.605
52631,108453,6.33,0.378
52633,108506,6.24,0.971
52635,69009,7.97,0.818
52637,69025,7.27,1.491
52639,69190,7.25,1.549
52641,69289,7.66,1.065
52643,69328,7.82,0.604
52645,69402,7.3,0.408
52647,69414,7.05,0.733
52649,69493,5.89,0.489
52651,69747,6.15,-0.007
52653,107516,6.52,1.47
52655,107564,7.65,0.483
52657,107799,7.73,0.513
52659,107878,7.89,1.129
52661,107962,6.62,-0.055
52663,108144,6.24,0.466
52665,108145,7.34,-0.041
52667,108448,7.42,0.331
52669,68415,7.29,1.349
52671,68520,4.23,0.121
52673,68619,7.54,0.594
52675,68776,6.28,1.022
52677,68952,7.95,1.183
52679,69165,6.8,1.02
52681,69265,6.85,0.13
52683,69340,6.42,0.479
52685,69389,4.99,-0.118
52687,69614,6.41,1.6
52689,69653,7.03,0.57
52691,107270,7.04,0.972
52693,107367,6.98,0.9
52695,107544,7.74,0.411
52697,107575,5.63,0.012
52699,107816,7.56,1.201
52701,107886,6.6,0.912
52703,107951,7.76,0.918
52705,108237,7.06,0.237
52707,108253,7.69,0.056
52709,108428,7.96,0.998
52711,108488,7.63,1.366
52713,68506,7.92,0.455
52715,68514,7.08,1.022
52717,68707,6.24,0.406
52719,68780,7.89,0.341
52721,68901,7.15,1.1
52723,69476,7.74,0.357
52725,69522,7.5,1.149
52727,69723,7.72,0.232
52729,107153,7.58,0.321
52731,107549,7.59,1.574
52733,107568,7.62,0.969
52735,107764,7.33,1.05
52737,108090,6.14,0.786
52739,108321,7.8,1.62
52741,108389,7.06,0.519
52743,108439,7.2,0.0
52745,108441,7.76,0.413
52747,108473,6.95,0.577
52749,108485,7.98,0.059
52751,68583,7.12,1.07
52753,68594,6.18,0.853
52755,68682,6.27,0.733
52757,68687,6.25,0.927
52759,68697,7.56,0.463
52761,69140,7.13,0.99
52763,69160,7.95,0.656
52765,69180,7.93,0.243
52767,69417,7.62,1.159
52769,69540,7.79,1.501
52771,69612,5.29,1.007
52773,69923,7.21,0.318
52775,107028,6.9,1.148
52777,107184,7.47,0.969
52779,107271,6.47,1.114
52781,107315,2.38,1.52
52783,107447,7.23,0.939
52785,107495,7.69,-0.076
52787,107858,7.88,0.448
52789,107925,7.72,0.325
52791,108263,7.05,0.99
52793,108408,7.3,0.513
52795,68706,7.01,1.124
52797,68708,6.7,1.168
52799,68879,7.71,1.613
52801,69194,7.5,0.109
52803,69517,6.59,1.006
52805,69536,5.53,0.537
52807,69585,6.45,1.348
52809,69841,7.6,1.337
52811,69989,5.41,0.385
52813,107173,6.06,-0.115
52815,107246,7.85,0.654
52817,107531,6.67,0.202
52819,107280,7.13,1.606
52821,107780,7.87,0.36
52823,107903,7.61,0.167
52825,107919,6.66,0.29
52827,108002,7.34,1.075
52829,108051,7.81,1.093
52831,108127,6.61,0.004
52833,108228,7.72,0.64
52835,108249,7.68,1.602
52837,108307,7.69,1.445
52839,108339,5.54,0.054
52841,68913,6.54,1.606
52843,69178,6.87,0.442
52845,69030,7.78,1.49
52847,69103,7.69,1.043
52849,69260,6.95,1.427
52851,69549,7.97,0.603
52853,69829,5.84,1.678
52855,69936,7.79,0.96
52857,70027,4.84,1.228
52859,106625,7.89,1.371
52861,106775,7.44,0.945
52863,107105,7.21,1.485
52865,107331,7.89,0.259
52867,107348,4.34,1.161
52869,107350,5.96,0.587
52871,107448,7.7,0.968
52873,107558,6.18,0.35
52875,107726,6.84,0.906
52877,107788,5.34,0.394
52879,107790,7.96,0.425
52881,108023,7.99,1.12
52883,108012,6.89,1.218
52885,108166,7.74,0.3
52887,69171,7.45,0.46
52889,69187,7.75,1.29
52891,69383,7.58,0.246
52893,69592,6.38,0.194
52895,69673,-0.05,1.239
52897,69715,7.62,0.46
52899,69751,6.25,0.504
52901,69899,7.03,1.187
52903,69918,7.78,1.166
52905,69969,6.86,1.082
52907,70132,7.64,0.343
52909,70145,6.9,1.619
52911,70224,7.94,1.043
52913,70468,7.24,1.208
52915,70520,7.27,0.581
52917,106395,7.02,0.529
52919,106425,7.21,1.38
52921,106550,6.47,1.254
52923,106554,6.89,0.991
52925,106563,7.94,0.453
52927,106582,7.17,0.1
52929,106607,7.94,0.468
52931,106720,7.25,0.952
52933,106753,7.91,1.048
52935,106787,5.46,0.321
52937,106897,5.77,0.314
52939,106903,7.99,0.558
52941,107084,6.99,0.121
52943,107100,7.02,0.302
52945,107126,7.26,1.063
52947,107258,7.42,0.323
52949,107528,7.54,0.401
52951,107541,7.13,1.43
52953,107734,6.27,-0.097
52955,107786,7.21,0.236
52957,107887,5.78,-0.1
52959,107896,6.82,0.5
52961,69407,7.94,0.452
52963,69626,6.78,0.335
52965,70310,6.22,0.411
52967,70401,7.98,1.282
52969,70761,7.92,0.8
52971,70800,6.67,1.551
52973,106036,6.56,1.293
52975,106037,7.48,0.24
52977,106140,4.52,1.618
52979,106260,7.58,0.978
52981,106306,6.43,1.064
52983,106309,7.96,0.104
52985,106355,6.69,-0.066
52987,106527,6.45,0.513
52989,106605,6.22,0.141
52991,106611,7.64,0.96
52993,106630,7.28,1.035
52995,106872,6.18,1.026
52997,106932,7.16,1.479
52999,107237,7.68,0.18
53001,107354,4.14,0.425
53003,107064,7.36,1.604
53005,107214,6.98,1.104
53007,107297,6.43,1.295
53009,107311,7.83,0.302
53011,107472,5.29,1.381
53013,107498,7.62,0.314
53015,107512,7.06,0.211
53017,107573,7.49,0.308
53019,107683,7.16,0.207
53021,70089,7.56,0.199
53023,70108,6.79,0.922
53025,70236,6.5,1.44
53027,70372,7.6,1.514
53029,70385,6.39,1.609
53031,70548,7.44,1.31
53033,70738,7.6,0.882
53035,70781,7.62,0.0
53037,70786,7.12,-0.006
53039,71094,6.0,0.23
53041,71428,7.02,0.443
53043,71284,4.47,0.364
53045,71288,7.91,0.581
53047,105240,7.3,-0.033
53049,105373,7.54,0.533
53051,105586,7.81,0.632
53053,105596,7.62,1.086
53055,105770,7.27,0.504
53057,105738,6.99,-0.082
53059,105956,7.49,1.521
53061,105966,5.39,0.049
53063,106033,7.59,1.24
53065,106040,7.8,0.499
53067,106081,6.75,1.086
53069,106446,7.86,1.552
53071,106595,6.25,0.357
53073,107040,7.41,0.6
53075,107070,7.45,0.686
53077,70775,7.94,0.983
53079,70863,7.79,0.347
53081,70892,6.06,-0.013
53083,71053,3.57,1.298
53085,71092,7.79,1.246
53087,71243,6.32,0.45
53089,71485,7.46,1.177
53091,71518,7.66,0.397
53093,71605,7.55,1.114
53095,71726,7.7,0.637
53097,71737,7.98,0.62
53099,71764,7.8,0.488
53101,72124,6.27,1.61
53103,104594,7.48,0.955
53105,104696,7.28,1.499
53107,104747,7.27,-0.092
53109,104961,7.86,1.511
53111,104983,7.88,0.376
53113,105097,7.73,0.85
53115,105234,7.11,1.383
53117,105305,7.94,0.422
53119,105352,6.93,0.027
53121,105390,6.45,0.802
53123,105432,6.05,0.062
53125,105558,6.07,1.079
53127,105613,7.35,1.643
53129,105688,6.73,0.191
53131,105874,7.99,0.401
53133,105971,7.79,1.314
53135,106003,5.75,0.333
53137,106141,7.78,-0.055
53139,106215,6.96,0.296
53141,106303,7.8,0.273
53143,106388,7.41,-0.055
53145,106572,7.44,0.046
53147,106240,7.54,1.283
53149,106622,7.91,1.363
53151,106661,6.36,1.24
53153,71193,7.61,0.752
53155,71277,6.02,1.379
53157,71487,7.13,0.128
53159,71576,7.68,1.463
53161,71698,7.57,1.45
53163,71777,7.42,0.437
53165,71925,7.27,0.173
53167,72123,7.76,1.598
53169,72219,7.71,1.223
53171,72318,7.65,0.091
53173,72369,7.55,0.412
53175,72469,6.15,0.389
53177,72582,5.47,1.03
53179,72694,7.53,1.04
53181,73065,7.66,1.06
53183,103580,8.0,1.622
53185,103894,6.1,1.011
53187,103799,7.99,1.12
53189,103824,7.72,0.748
53191,104190,7.59,0.506
53193,104233,7.95,0.009
53195,104334,7.74,0.377
53197,104541,7.6,0.388
53199,104579,6.53,-0.134
53201,104661,7.63,1.165
53203,104699,7.35,-0.122
53205,104728,6.75,0.16
53207,104745,7.72,-0.059
53209,104763,7.77,1.329
53211,104765,6.07,0.223
53213,104814,7.36,-0.176
53215,104846,7.37,-0.099
53217,104854,7.68,0.347
53219,104887,3.74,0.393
53221,104952,7.76,-0.102
53223,105047,7.37,0.267
53225,105072,7.96,0.254
53227,105138,4.41,-0.103
53229,105269,5.89,0.505
53231,105530,7.64,0.385
53233,105607,6.55,0.51
53235,105637,6.46,1.472
53237,105099,7.06,1.507
53239,105773,7.95,0.449
53241,105846,7.77,1.446
53243,105984,7.12,0.206
53245,72682,7.84,0.456
53247,72835,7.79,0.465
53249,73029,7.52,1.053
53251,73053,8.0,0.414
53253,73070,7.18,0.27
53255,73078,7.91,0.807
53257,73353,6.7,0.403
53259,73369,5.64,0.336
53261,73476,7.09,1.013
53263,73555,3.49,0.956
53265,73567,7.88,1.312
53267,73801,7.56,1.001
53269,74030,7.96,1.469
53271,74553,6.66,0.209
53273,74571,6.12,1.635
53275,74810,7.48,0.36
53277,102154,7.52,0.464
53279,102321,7.01,0.302
53281,102570,7.22,-0.049
53283,102619,7.53,0.055
53285,102746,7.33,-0.014
53287,102714,7.42,0.921
53289,102749,7.73,0.582
53291,102885,7.32,-0.099
53293,103041,7.87,0.051
53295,103108,6.67,-0.017
53297,103126,7.6,-0.094
53299,103189,6.69,-0.081
53301,103272,7.03,-0.071
53303,103277,7.14,0.161
53305,103282,6.73,1.449
53307,103295,7.92,0.14
53309,103341,6.87,-0.108
53311,103348,6.68,1.117
53313,103392,7.21,0.96
53315,103413,3.94,0.027
53317,103442,7.34,0.135
53319,103452,7.48,-0.091
53321,103526,7.74,0.266
53323,103528,7.11,1.516
53325,103532,6.17,-0.079
53327,103535,7.98,0.391
53329,103596,6.47,-0.077
53331,103603,7.0,1.052
53333,103624,6.76,0.793
53335,103641,6.58,0.584
53337,103648,7.73,0.323
53339,103749,7.14,0.503
53341,103782,7.46,0.402
53343,103793,7.88,0.187
53345,103822,6.5,1.51
53347,103963,6.34,0.39
53349,104599,7.41,-0.115
53351,104214,5.2,1.069
53353,104217,6.05,1.309
53355,104417,7.5,1.271
53357,104548,7.53,-0.037
53359,104647,7.96,-0.11
53361,104678,7.64,1.424
53363,104801,7.96,1.336
53365,104852,7.25,1.225
53367,105102,4.22,0.098
53369,105116,6.98,0.355
53371,105117,7.7,0.403
53373,105264,6.99,0.514
53375,73404,6.91,1.011
53377,73637,6.59,0.449
53379,74551,7.47,0.23
53381,74835,7.64,1.082
53383,74885,6.64,1.62
53385,74928,7.81,1.053
53387,75093,6.14,0.369
53389,75107,6.67,1.047
53391,75369,6.07,1.212
53393,75541,7.16,1.399
53395,75479,6.79,0.607
53397,75508,7.27,0.615
53399,75595,7.16,0.516
53401,75770,6.15,0.1
53403,75825,6.84,0.071
53405,75899,7.63,1.29
53407,76568,5.76,0.353
53409,76630,6.75,1.619
53411,76748,7.78,0.493
53413,77619,7.69,1.407
53415,99405,6.61,1.181
53417,99781,7.67,1.036
53419,99848,3.96,1.451
53421,100230,7.87,0.8
53423,100250,6.49,-0.084
53425,100775,7.81,0.177
53427,100861,7.81,1.143
53429,101020,7.4,-0.016
53431,101133,6.43,1.137
53433,101142,7.77,0.512
53435,101271,7.95,-0.07
53437,101350,6.98,-0.075
53439,101375,7.68,-0.077
53441,101423,7.79,1.412
53443,101475,5.78,-0.14
53445,101486,7.67,-0.033
53447,101804,7.93,-0.02
53449,101825,7.97,-0.048
53451,101839,6.61,0.934
53453,101896,7.79,0.5
53455,101963,7.93,-0.06
53457,101452,6.71,0.034
53459,101581,7.31,0.281
53461,101838,6.68,-0.133
53463,101934,6.61,-0.073
53465,101986,5.97,1.186
53467,102098,1.25,0.092
53469,102122,7.86,0.025
53471,102189,7.59,0.613
53473,102306,7.05,1.041
53475,102377,6.57,1.355
53477,102430,6.71,-0.027
53479,102530,6.3,0.064
53481,102551,7.83,0.036
53483,102585,6.41,1.606
53485,102687,7.66,-0.097
53487,102724,4.81,0.571
53489,102827,6.33,-0.066
53491,102843,5.06,0.198
53493,102987,7.53,-0.07
53495,102990,7.91,0.615
53497,103089,4.8,-0.134
53499,103094,5.48,1.088
53501,103144,7.23,0.785
53503,103167,7.36,-0.033
53505,103213,6.67,0.067
53507,103222,7.66,-0.07
53509,103268,7.73,0.49
53511,103322,6.83,-0.047
53513,103371,5.96,0.02
53515,103476,7.36,1.652
53517,103637,6.64,1.002
53519,103356,7.04,1.163
53521,103519,5.55,0.973
53523,103546,7.44,1.238
53525,103559,6.65,1.073
53527,103579,7.13,0.83
53529,103736,7.7,-0.102
53531,103779,6.76,0.315
53533,103973,7.81,1.015
53535,75677,7.93,1.082
53537,76303,6.95,1.092
53539,76306,7.36,1.541
53541,76540,7.72,0.58
53543,76594,5.84,0.847
53545,76957,5.48,-0.042
53547,77062,7.73,1.261
53549,77161,7.9,1.117
53551,77401,7.88,1.34
53553,77652,6.74,0.138
53555,78286,6.04,0.289
53557,78290,7.84,1.176
53559,78376,7.95,0.328
53561,78327,7.86,1.245
53563,78410,7.62,1.14
53565,78542,5.93,1.498
53567,78646,7.94,1.22
53569,79157,7.8,1.321
53571,79255,7.83,1.461
53573,79685,6.95,0.403
53575,80051,6.63,0.085
53577,80379,6.84,0.015
53579,82513,7.25,1.207
53581,95737,7.96,0.085
53583,96316,6.39,1.122
53585,96359,7.38,0.283
53587,96655,7.88,0.544
53589,97037,7.83,0.156
53591,97086,7.66,0.284
53593,97503,7.09,-0.101
53595,97635,5.03,1.286
53597,97636,7.72,0.136
53599,97720,7.84,0.463
53601,97723,7.97,0.944
53603,97777,7.39,0.023
53605,97997,7.81,0.041
53607,98055,4.91,0.124
53609,98121,7.9,1.611
53611,98146,6.46,0.003
53613,98379,6.14,-0.183
53615,98424,7.12,1.408
53617,98733,7.78,0.301
53619,98367,7.12,1.2
53621,98571,5.06,1.122
53623,98731,7.18,1.427
53625,98734,7.53,0.2
53627,98747,7.82,0.915
53629,98836,7.01,1.119
53631,98915,6.14,1.601
53633,98940,7.96,-0.056
53635,99026,5.81,0.445
53637,99102,6.53,0.13
53639,99238,7.92,0.947
53641,99241,7.4,0.568
53643,99252,7.51,0.348
53645,99307,7.99,0.063
53647,99388,7.84,0.483
53649,99403,7.43,1.578
53651,99579,6.01,1.139
53653,99680,7.02,0.504
53655,99691,7.54,0.284
53657,99870,6.36,0.096
53659,99875,7.4,1.57
53661,99909,7.47,-0.028
53663,100022,7.7,1.023
53665,100076,7.99,0.021
53667,100125,7.84,0.14
53669,100162,7.58,0.226
53671,100447,7.01,0.15
53673,100696,7.92,0.269
53675,100824,7.71,0.25
53677,100534,7.88,1.88
53679,100657,7.71,-0.04
53681,100859,5.73,0.339
53683,100988,6.65,1.653
53685,101068,7.6,0.019
53687,101138,4.94,-0.087
53689,101140,7.64,0.054
53691,101164,6.57,1.029
53693,101206,6.65,0.051
53695,101243,5.44,1.566
53697,101284,7.5,0.015
53699,101398,6.63,0.552
53701,101514,7.21,1.516
53703,101537,7.25,0.028
53705,78403,7.83,0.2
53707,79966,7.9,1.488
53709,80091,7.76,0.188
53711,80364,6.93,0.575
53713,80375,5.75,0.001
53715,81437,5.28,1.055
53717,81637,7.47,1.149
53719,81761,7.96,0.912
53721,81840,6.18,0.088
53723,82020,4.84,0.375
53725,82051,6.96,0.377
53727,82141,7.34,1.348
53729,82232,7.06,0.951
53731,82249,7.45,1.329
53733,82255,7.86,1.278
53735,83138,6.04,1.165
53737,83168,6.87,0.122
53739,83305,7.28,0.523
53741,83319,7.97,1.129
53743,83589,7.9,1.201
53745,83642,7.1,1.122
53747,83819,6.87,1.19
53749,83822,7.89,0.435
53751,83765,7.22,1.117
53753,84062,6.98,0.705
53755,84129,7.14,0.464
53757,84264,7.61,0.432
53759,84300,7.79,0.457
53761,84352,7.89,0.413
53763,84818,7.95,0.121
53765,85086,6.53,0.293
53767,85317,6.49,0.139
53769,85634,7.95,1.048
53771,85692,6.22,1.397
53773,85923,6.15,0.602
53775,86224,7.03,1.118
53777,86344,7.47,0.573
53779,86459,7.3,1.071
53781,86493,7.69,1.165
53783,86499,6.79,0.918
53785,87036,7.8,1.086
53787,87243,7.52,1.491
53789,87291,7.67,0.288
53791,87317,7.99,0.004
53793,87405,7.04,0.246
53795,87585,3.73,1.177
53797,87601,8.0,0.777
53799,87744,6.09,0.316
53801,88250,7.44,1.022
53803,88349,6.86,0.147
53805,88381,7.79,0.275
53807,88385,7.62,0.65
53809,88437,7.6,1.352
53811,88654,6.97,1.285
53813,88790,7.67,0.73
53815,88877,7.34,1.421
53817,89017,7.4,1.273
53819,89401,6.66,0.362
53821,89415,7.97,0.098
53823,89473,7.82,0.052
53825,89670,7.64,0.979
53827,89715,7.95,1.04
53829,90156,4.98,0.082
53831,90394,7.05,0.947
53833,90476,6.43,0.979
53835,90498,7.9,-0.021
53837,90527,7.77,0.375
53839,90837,7.73,0.323
53841,90905,4.77,0.611
53843,91052,7.33,0.194
53845,91065,7.68,0.243
53847,91407,7.63,0.464
53849,91755,5.03,-0.07
53851,91773,7.94,0.647
53853,91784,7.45,1.031
53855,91823,7.64,0.581
53857,91941,7.7,0.54
53859,92003,7.66,0.926
53861,92369,7.95,0.202
53863,92731,6.24,1.243
53865,92793,7.7,0.386
53867,92935,7.85,1.54
53869,92997,5.67,1.155
53871,93013,7.11,0.388
53873,93068,6.47,0.072
53875,93340,5.51,0.862
53877,93527,7.99,0.997
53879,93620,7.68,1.397
53881,93968,7.95,1.006
53883,93979,7.95,0.18
53885,94000,7.32,0.173
53887,94125,7.75,0.389
53889,94302,5.13,1.008
53891,94346,7.04,0.804
53893,94490,5.0,1.156
53895,94528,6.74,1.048
53897,95038,5.91,1.626
53899,95143,6.59,1.307
53901,94974,6.23,0.03
53903,95268,7.32,1.116
53905,95271,7.4,0.359
53907,95545,7.51,1.37
53909,95719,7.44,0.978
53911,95899,6.88,0.96
53913,95901,6.92,0.052
53915,95911,7.65,1.587
53917,95931,6.68,0.015
53919,96003,6.37,1.123
53921,96028,6.84,1.113
53923,96214,6.87,0.95
53925,96533,7.29,1.604
53927,96620,5.89,0.482
53929,96755,7.3,1.045
53931,96777,7.35,0.226
53933,96919,6.42,1.453
53935,97170,7.81,1.58
53937,97293,6.75,0.945
53939,97464,7.64,0.441
53941,98100,7.84,0.216
53943,80874,5.19,1.236
53945,81604,7.61,0.111
53947,81814,6.57,0.775
53949,81820,7.04,0.989
53951,82079,6.83,0.1
53953,82262,7.2,1.125
53955,82296,7.59,0.043
53957,82533,7.8,0.481
53959,82879,6.78,0.052
53961,83089,7.26,0.435
53963,83339,7.61,0.293
53965,83984,6.37,-0.049
53967,84317,7.14,-0.031
53969,84622,7.62,1.395
53971,84700,6.5,1.087
53973,84918,6.86,1.293
53975,85147,5.69,-0.147
53977,85363,6.96,1.28
53979,85448,7.35,1.658
53981,85480,6.22,-0.073
53983,85484,7.7,-0.075
53985,85598,6.74,0.374
53987,85858,7.51,0.893
53989,85948,7.45,1.628
53991,86043,7.02,0.21
53993,86145,7.98,1.058
53995,86991,7.51,0.617
53997,87090,7.72,1.118
53999,87100,7.16,0.594
54001,87264,6.41,-0.049
54003,87296,7.38,1.036
54005,87312,6.77,0.529
54007,87392,7.6,1.291
54009,87600,7.72,0.05
54011,87704,7.82,1.04
54013,88441,8.0,0.839
54015,88607,7.82,0.619
54017,88866,4.33,0.228
54019,89042,5.47,0.592
54021,89200,7.48,1.362
54023,89370,6.47,1.414
54025,89487,5.58,0.944
54027,89695,7.2,0.897
54029,89805,6.17,0.584
54031,89950,7.89,0.453
54033,90018,7.33,0.895
54035,90098,4.35,1.462
54037,90155,7.91,1.036
54039,90278,7.88,0.399
54041,90304,6.13,0.202
54043,90387,7.87,0.363
54045,90407,7.89,1.507
54047,90703,7.9,1.35
54049,90758,7.98,0.145
54051,90797,4.63,-0.116
54053,92008,6.04,1.484
54055,92330,7.39,0.183
54057,92545,7.61,0.105
54059,92609,4.22,-0.15
54061,92964,7.06,0.406
54063,93012,6.47,1.535
54065,93372,6.78,1.583
54067,93535,7.4,0.873
54069,93728,7.65,0.975
54071,94782,7.34,0.354
54073,74936,7.01,1.744
54075,75791,7.82,0.311
54077,76416,7.88,0.003
54079,76497,7.79,0.91
54081,76549,6.98,0.13
54083,76687,6.94,1.511
54085,76734,6.63,1.337
54087,77117,7.51,0.351
54089,77452,7.91,-0.017
54091,77029,7.24,0.415
54093,77072,7.06,-0.012
54095,77242,7.07,1.42
54097,77294,6.83,0.202
54099,77580,7.57,1.099
54101,77645,5.74,0.017
54103,78026,7.94,0.629
54105,78197,7.78,0.092
54107,78310,7.07,0.16
54109,78358,7.59,0.195
54111,78361,7.72,0.108
54113,78479,7.88,0.74
54115,78562,6.51,0.526
54117,78611,7.88,0.151
54119,78662,4.63,0.252
54121,78803,7.22,1.89
54123,78807,7.49,0.84
54125,78884,7.91,1.57
54127,78989,6.16,0.565
54129,79133,6.51,1.389
54131,79144,7.85,1.35
54133,79190,7.11,0.856
54135,78710,6.4,1.366
54137,79046,6.74,0.224
54139,79153,5.57,-0.024
54141,79221,7.83,1.59
54143,79298,7.57,0.067
54145,79499,7.9,0.559
54147,79537,7.53,0.815
54149,79564,7.04,1.29
54151,79636,7.8,0.603
54153,79669,7.9,0.725
54155,79689,5.61,0.137
54157,79794,7.78,0.078
54159,79892,7.22,1.243
54161,79932,6.54,0.931
54163,79961,7.67,1.841
54165,80336,7.17,0.277
54167,80415,7.69,1.68
54169,80578,7.25,1.014
54171,80654,7.92,1.208
54173,80675,5.67,0.008
54175,80678,7.72,0.026
54177,80788,6.09,1.459
54179,80860,7.62,0.403
54181,81039,7.9,0.238
54183,81431,7.41,-0.05
54185,81507,6.16,-0.073
54187,81520,7.01,0.616
54189,81657,6.17,0.488
54191,81661,7.35,0.387
54193,81937,7.91,0.521
54195,82034,7.55,-0.082
54197,82110,5.74,-0.101
54199,82171,5.55,-0.096
54201,82187,7.4,0.009
54203,82363,3.77,1.562
54205,82827,7.22,1.284
54207,82837,7.4,0.455
54209,82882,7.97,-0.008
54211,82985,6.52,-0.06
54213,83174,7.18,0.47
54215,83323,6.26,-0.124
54217,83338,7.61,-0.047
54219,83686,7.43,1.182
54221,83794,7.44,1.14
54223,83990,7.38,0.889
54225,84519,7.43,-0.031
54227,84731,5.93,1.389
54229,85169,5.76,-0.067
54231,85180,7.87,0.475
54233,85568,7.89,0.046
54235,85727,3.6,-0.104
54237,86088,6.26,-0.081
54239,86378,7.12,0.302
54241,87043,6.51,0.321
54243,87393,5.78,1.008
54245,87447,7.46,0.338
54247,87872,7.76,1.07
54249,88009,7.88,0.156
54251,88328,6.94,1.047
54253,88697,7.81,1.297
54255,89285,7.08,0.43
54257,90089,6.8,0.245
54259,90280,7.91,1.409
54261,91170,7.94,0.127
54263,92196,7.48,0.01
54265,92547,7.45,0.333
54267,92786,7.84,1.614
54269,93163,5.14,1.355
54271,93295,6.88,0.646
54273,93638,7.88,0.645
54275,94047,7.79,0.249
54277,94198,7.41,-0.06
54279,94400,7.8,0.915
54281,94868,7.91,0.233
54283,95940,7.99,-0.058
54285,96090,7.07,0.139
54287,96607,6.19,0.973
54289,96701,7.13,0.363
54291,96732,7.32,0.876
54293,96831,7.08,1.269
54295,96955,7.48,0.711
54297,97252,7.98,0.491
54299,97441,7.44,0.175
54301,97581,7.04,0.195
54303,97646,5.41,0.082
54305,98031,7.94,1.234
54307,98240,7.92,0.965
54309,97421,5.33,0.196
54311,97771,7.22,1.102
54313,97993,7.97,1.1
54315,98163,6.55,1.535
54317,98174,5.24,0.014
54319,98389,7.85,0.443
54321,98536,7.49,1.096
54323,98608,4.95,1.356
54325,98629,7.77,0.961
54327,99137,6.26,0.53
54329,99173,7.75,1.319
54331,99453,6.36,0.057
54333,99583,7.65,1.035
54335,99803,7.24,0.494
54337,100300,6.27,1.617
54339,100617,7.6,0.162
54341,100751,1.94,-0.118
54343,100980,7.88,1.112
54345,72643,7.61,1.194
54347,73131,7.66,0.073
54349,73204,7.78,0.203
54351,73241,6.34,0.708
54353,73336,7.21,0.555
54355,73345,6.78,-0.051
54357,73789,7.85,1.404
54359,73881,6.48,-0.137
54361,74006,5.77,0.92
54363,74242,7.98,0.986
54365,74376,3.88,-0.029
54367,74380,5.7,0.144
54369,73557,7.39,0.98
54371,73718,7.96,0.051
54373,73966,6.4,-0.109
54375,73978,7.88,1.55
54377,74157,7.97,0.869
54379,74297,7.02,1.043
54381,74395,3.41,0.918
54383,74447,7.36,0.2
54385,74461,7.26,1.552
54387,74636,7.7,1.118
54389,74766,7.93,1.599
54391,74831,7.97,0.588
54393,75220,7.25,0.444
54395,75221,7.6,1.12
54397,75306,6.68,1.145
54399,75395,7.48,1.58
54401,75430,7.69,1.163
54403,75742,6.1,1.067
54405,75837,7.65,1.14
54407,75134,7.37,0.491
54409,75522,6.66,0.27
54411,75534,7.51,1.013
54413,75639,7.63,1.346
54415,75699,7.21,0.691
54417,75778,7.66,0.559
54419,75884,6.7,-0.023
54421,75956,6.78,1.243
54423,76455,7.81,0.368
54425,76581,7.78,-0.035
54427,76618,5.43,0.005
54429,76849,6.92,-0.024
54431,77073,7.66,0.362
54433,77182,7.9,0.9
54435,77765,7.32,1.647
54437,100488,7.96,0.985
54439,101201,7.84,1.433
54441,101048,7.68,0.5
54443,101833,7.74,1.482
54445,102160,7.52,1.482
54447,102236,7.92,0.387
54449,102293,7.93,0.401
54451,102333,4.51,0.278
54453,102396,7.27,-0.013
54455,102405,7.42,1.075
54457,102506,6.54,1.162
54459,102586,7.59,0.929
54461,102950,5.06,1.125
54463,103206,6.23,-0.098
54465,103260,7.02,0.607
54467,102697,7.79,0.189
54469,102751,7.99,0.5
54471,103395,7.95,0.293
54473,103673,5.76,0.48
54475,103743,7.7,0.51
54477,103998,6.59,1.387
54479,104313,6.7,-0.015
54481,70918,6.91,0.126
54483,71321,7.84,0.26
54485,71369,7.95,0.576
54487,71500,5.39,0.927
54489,71570,6.83,1.167
54491,71639,6.06,0.508
54493,71727,6.61,-0.112
54495,71860,2.3,-0.154
54497,71874,7.36,-0.015
54499,71975,6.91,-0.051
54501,72106,7.52,0.929
54503,72192,6.91,0.053
54505,72250,5.74,0.066
54507,72338,6.3,1.068
54509,72683,4.32,-0.154
54511,72738,7.2,0.546
54513,72756,6.85,1.669
54515,72843,7.11,-0.104
54517,73024,7.99,0.234
54519,73057,7.95,1.572
54521,73090,7.89,0.158
54523,73102,6.76,0.041
54525,72654,7.35,1.212
54527,72672,8.0,0.447
54529,72763,6.96,0.957
54531,73016,7.3,0.958
54533,73111,5.62,-0.035
54535,73115,7.06,0.605
54537,73324,7.54,0.204
54539,73329,7.3,1.022
54541,73393,7.16,-0.017
54543,73547,7.74,0.721
54545,73556,7.55,0.972
54547,73622,6.86,1.526
54549,73807,3.91,-0.144
54551,74418,6.32,1.115
54553,102759,6.96,1.037
54555,102859,7.76,1.635
54557,103081,7.59,0.184
54559,103230,7.41,0.524
54561,103988,6.98,1.18
54563,104026,7.06,0.582
54565,104163,7.26,0.616
54567,104125,6.94,1.094
54569,104286,7.68,1.591
54571,104296,6.45,0.245
54573,104326,7.06,-0.031
54575,104469,6.53,1.145
54577,104773,6.87,1.631
54579,104834,7.76,1.112
54581,104838,6.89,1.011
54583,105176,7.74,1.314
54585,105180,7.43,0.177
54587,105185,6.96,1.391
54589,105266,6.66,1.067
54591,105334,6.15,2.387
54593,105391,7.46,0.614
54595,105779,6.83,0.111
54597,105878,7.87,0.457
54599,105911,7.49,0.876
54601,105818,7.93,0.416
54603,106128,6.96,1.045
54605,69889,7.79,1.553
54607,70289,6.83,1.42
54609,70300,4.41,-0.185
54611,70392,7.82,0.254
54613,70455,6.97,-0.053
54615,70580,6.33,1.215
54617,70612,6.87,0.913
54619,70626,6.36,-0.088
54621,70933,7.32,1.655
54623,70966,6.39,1.441
54625,70987,5.99,1.06
54627,70988,6.75,0.963
54629,70998,7.48,0.151
54631,71036,7.86,0.501
54633,71140,7.78,0.281
54635,71239,6.59,0.078
54637,71352,2.33,-0.157
54639,71353,5.88,-0.085
54641,71429,6.13,1.048
54643,71453,5.74,-0.112
54645,71520,6.51,0.958
54647,71581,6.04,1.422
54649,71617,7.61,0.972
54651,71672,7.47,1.071
54653,71724,6.65,-0.069
54655,71742,7.35,0.082
54657,71758,7.51,1.631
54659,71986,8.0,0.453
54661,72627,6.84,0.129
54663,104508,6.56,-0.079
54665,104794,7.14,1.324
54667,104868,7.9,1.491
54669,105184,6.75,0.637
54671,105470,8.0,1.624
54673,105260,7.49,1.541
54675,105283,7.81,0.343
54677,105354,7.87,0.445
54679,105382,4.8,0.029
54681,105384,7.84,0.687
54683,105606,7.61,0.741
54685,105619,7.66,0.315
54687,105631,7.47,0.41
54689,105656,7.36,0.412
54691,105696,5.76,-0.036
54693,105788,7.57,1.567
54695,105913,5.5,0.392
54697,106327,5.29,1.109
54699,106675,7.16,1.637
54701,106900,7.63,1.616
54703,69157,7.77,0.52
54705,69508,7.28,0.372
54707,69995,5.93,0.082
54709,70026,7.24,1.182
54711,70090,4.05,-0.03
54713,70097,7.7,-0.022
54715,70243,5.57,-0.088
54717,70483,6.7,0.114
54719,70693,6.89,0.571
54721,70868,7.84,0.626
54723,71308,7.16,1.205
54725,105854,5.64,1.185
54727,106098,7.44,0.587
54729,106203,7.49,0.508
54731,105865,7.8,1.214
54733,106056,7.7,1.165
54735,106123,7.26,0.44
54737,106224,7.63,0.38
54739,106541,6.88,1.159
54741,106586,6.86,0.492
54743,106671,7.92,1.701
54745,106714,7.36,0.424
54747,107019,6.71,1.085
54749,107054,7.91,1.52
54751,107079,6.92,1.277
54753,107170,7.57,0.282
54755,68965,7.7,0.392
54757,69078,7.26,1.02
54759,69213,6.77,0.111
54761,69225,7.14,0.167
54763,69271,6.64,1.189
54765,69337,7.4,0.398
54767,69441,7.89,0.529
54769,69475,7.83,0.321
54771,69599,7.25,0.38
54773,69722,6.57,0.294
54775,69904,6.54,0.284
54777,70257,7.97,0.44
54779,70405,6.8,0.953
54781,70521,7.58,1.14
54783,70603,7.14,0.645
54785,106340,5.97,0.051
54787,106703,6.1,0.226
54789,106907,6.28,0.949
54791,106929,7.46,1.51
54793,107103,6.87,1.042
54795,107149,7.09,1.227
54797,107261,7.48,1.058
54799,107380,4.35,-0.053
54801,107504,6.76,1.341
54803,107608,5.02,0.042
54805,107927,7.88,0.364
54807,108259,6.41,0.927
54809,108264,7.99,0.471
54811,68224,6.42,1.274
54813,68434,6.73,0.473
54815,68581,5.47,1.331
54817,68608,7.47,0.944
54819,68802,7.99,0.405
54821,68891,7.36,0.293
54823,68895,3.25,1.091
54825,68961,7.47,1.05
54827,69329,7.91,1.616
54829,68757,7.92,1.61
54831,68760,7.23,0.884
54833,69288,7.37,0.924
54835,69326,7.58,1.195
54837,69415,5.07,1.13
54839,69458,6.23,1.071
54841,69596,7.73,0.519
54843,69623,6.1,0.04
54845,107384,7.52,1.567
54847,107425,7.38,1.51
54849,107431,7.64,0.454
54851,107601,7.33,1.22
54853,107766,7.12,0.046
54855,107834,7.55,-0.067
54857,108065,7.82,0.733
54859,107884,7.98,1.34
54861,107972,7.83,1.065
54863,108328,7.91,1.004
54865,108346,7.64,0.48
54867,108565,7.07,1.042
54869,108571,7.23,0.38
54871,108585,7.4,0.477
54873,67868,7.83,1.067
54875,67908,6.61,1.05
54877,67971,7.91,0.956
54879,68136,7.6,-0.028
54881,68143,7.85,0.118
54883,68177,6.14,1.426
54885,68269,5.2,-0.086
54887,68390,5.77,0.48
54889,68705,6.3,0.452
54891,68803,7.21,0.988
54893,68873,7.59,1.63
54895,69143,7.77,0.516
54897,69211,7.42,0.495
54899,69279,7.85,1.438
54901,69398,6.35,1.351
54903,69433,7.21,0.986
54905,107640,7.58,1.011
54907,107877,6.85,0.487
54909,108243,7.89,1.567
54911,108306,7.68,1.06
54913,108540,7.41,0.437
54915,108542,7.03,0.026
54917,108656,7.77,0.909
54919,108785,7.48,1.059
54921,67744,6.95,0.613
54923,67958,6.97,0.964
54925,68023,7.87,1.741
54927,68095,7.94,1.282
54929,68314,7.07,1.251
54931,68597,7.18,0.582
54933,107989,7.72,1.534
54935,108072,7.91,0.5
54937,108236,7.09,1.481
54939,108352,7.5,0.931
54941,108494,6.06,1.621
54943,108935,7.85,0.235
54945,109077,7.64,0.24
54947,109204,7.47,1.033
54949,109223,7.41,1.169
54951,109332,5.8,-0.154
54953,67494,4.96,1.059
54955,67708,7.36,0.408
54957,67784,7.96,0.484
54959,67850,7.42,0.369
54961,67896,6.59,1.387
54963,68007,7.77,1.499
54965,68643,6.32,1.38
54967,68763,6.35,1.081
54969,68808,6.56,0.104
54971,108327,6.76,0.07
54973,108414,7.38,0.101
54975,108622,7.87,0.283
54977,108711,7.74,1.098
54979,108732,7.02,0.894
54981,108784,6.28,1.002
54983,108797,6.39,0.447
54985,108882,7.91,1.178
54987,109122,7.12,0.445
54989,109220,6.7,0.14
54991,109271,7.84,0.564
54993,109290,7.3,0.874
54995,67482,7.9,1.701
54997,67541,7.5,1.65
54999,67574,7.73,1.668
55001,67600,7.14,0.423
55003,67646,7.03,0.999
55005,67876,7.36,1.415
55007,67999,7.96,1.033
55009,68263,7.03,0.98
55011,68267,6.84,0.971
55013,68400,7.68,1.122
55015,108274,7.79,1.65
55017,108468,7.16,0.64
55019,108477,7.47,1.093
55021,108516,7.79,1.15
55023,108647,7.53,0.312
55025,108649,7.72,0.523
55027,108692,7.35,0.443
55029,108722,7.6,1.072
55031,108931,7.49,0.139
55033,108958,7.36,1.52
55035,109139,4.29,-0.075
55037,109298,7.33,1.125
55039,109316,6.91,0.469
55041,109357,7.87,1.232
55043,109460,6.64,1.113
55045,109472,5.43,-0.117
55047,109613,7.25,1.604
55049,109624,6.04,0.386
55051,109720,6.93,0.762
55053,67082,7.1,1.26
55055,67271,6.04,1.418
55057,67333,7.71,0.545
55059,67402,7.82,1.453
55061,67553,7.3,1.393
55063,67578,6.92,1.28
55065,67763,7.68,1.057
55067,67855,7.7,0.861
55069,67953,6.19,0.53
55071,68001,7.76,0.394
55073,68024,6.69,1.55
55075,68038,6.85,0.477
55077,68107,7.68,0.541
55079,68398,6.56,1.05
55081,108582,7.91,0.466
55083,108848,7.35,1.27
55085,108964,7.26,0.335
55087,109201,6.87,1.62
55089,109236,7.47,1.09
55091,109369,6.99,0.97
55093,109378,6.54,0.773
55095,109637,7.12,0.403
55097,67083,7.23,1.085
55099,67289,6.99,0.254
55101,67355,6.57,0.931
55103,67658,7.67,0.972
55105,67825,7.69,0.55
55107,67949,7.85,1.365
55109,68050,6.78,1.375
55111,68309,6.95,0.975
55113,68348,7.39,0.493
55115,108574,7.94,1.2
55117,108868,5.55,0.959
55119,108895,7.62,1.016
55121,108898,7.85,0.483
55123,108972,7.75,0.327
55125,109008,7.77,-0.042
55127,109167,8.0,0.156
55129,109110,7.57,0.674
55131,109229,7.68,1.329
55133,109442,6.28,-0.006
55135,109466,5.98,0.981
55137,109646,7.44,0.535
55139,109647,6.39,0.498
55141,109750,7.09,1.506
55143,109783,7.9,0.475
55145,109828,7.54,0.112
55147,109836,7.82,0.756
55149,109849,7.63,-0.1
55151,109874,7.63,1.118
55153,67279,7.87,-0.183
55155,67385,6.71,1.446
55157,67785,7.6,0.483
55159,67929,5.16,1.093
55161,68380,6.36,0.486
55163,108748,7.95,0.531
55165,108810,7.8,1.249
55167,108874,4.74,-0.1
55169,108991,5.29,0.231
55171,109074,2.95,0.969
55173,109103,7.97,1.341
55175,109265,7.68,0.164
55177,109717,7.07,1.407
55179,109860,7.89,1.035
55181,67050,7.6,1.187
55183,67978,7.85,1.289
55185,68027,7.99,0.136
55187,68092,5.9,0.217
55189,68096,7.71,1.071
55191,68110,7.06,0.236
55193,68236,7.62,1.296
55195,68373,7.91,0.945
55197,108691,5.6,1.279
55199,108855,7.91,1.37
55201,109044,7.57,0.291
55203,109052,6.99,0.999
55205,109144,7.24,0.537
55207,109155,6.51,-0.062
55209,109186,7.44,0.564
55211,109302,7.71,1.138
55213,109349,6.64,0.076
55215,109614,7.15,0.357
55217,109709,7.58,1.372
55219,109748,7.86,0.528
55221,109799,7.78,1.636
55223,67186,7.21,0.563
55225,67246,6.33,0.63
55227,67461,6.76,0.083
55229,67545,6.0,0.899
55231,68081,7.98,0.5
55233,68215,7.1,0.91
55235,108612,6.0,-0.112
55237,108761,8.0,0.687
55239,108886,7.31,1.631
55241,108920,7.96,0.16
55243,109068,4.86,1.443
55245,109069,7.54,1.012
55247,109078,7.85,1.2
55249,109145,7.33,0.154
55251,109322,7.39,0.546
55253,109413,7.63,0.524
55255,109427,3.52,0.086
55257,109576,7.84,0.291
55259,109582,7.17,0.177
55261,109837,6.97,0.987
55263,109910,7.36,0.338
55265,67115,7.44,0.3
55267,67379,6.81,0.34
55269,67404,7.33,1.502
55271,67481,6.6,0.131
55273,67674,6.57,1.512
55275,67860,7.79,0.353
55277,67898,7.84,0.621
55279,68228,7.32,1.521
55281,68251,7.97,0.475
55283,68498,5.98,0.089
55285,68508,6.91,1.392
55287,108566,6.99,1.597
55289,108663,8.0,0.074
55291,108699,5.65,1.44
55293,108963,6.93,0.936
55295,109117,7.12,0.198
55297,109218,7.06,-0.083
55299,109226,7.1,0.888
55301,109341,7.92,0.091
55303,109765,7.97,0.957
55305,109810,6.65,-0.039
55307,67336,7.61,1.107
55309,67470,6.66,0.491
55311,67495,6.65,0.218
55313,67673,6.9,0.432
55315,67714,6.1,0.042
55317,67865,7.86,0.371
55319,68030,6.16,0.518
55321,68200,7.73,0.223
55323,68470,7.7,0.963
55325,68495,7.15,0.873
55327,108396,7.5,0.023
55329,108471,6.53,1.378
55331,108693,5.61,0.336
55333,108766,6.36,-0.104
55335,108843,7.51,1.518
55337,108875,5.83,-0.05
55339,108949,7.04,0.47
55341,109024,7.54,-0.015
55343,109147,7.22,0.285
55345,109181,6.83,1.64
55347,109251,7.8,0.299
55349,109471,5.78,1.617
55351,67459,4.05,1.52
55353,67735,6.65,1.52
55355,67787,5.71,0.845
55357,67935,7.91,0.97
55359,68108,6.82,0.948
55361,68209,7.59,0.062
55363,68234,7.42,0.184
55365,68279,6.01,1.43
55367,68294,7.37,1.111
55369,68516,6.36,1.215
55371,68517,7.38,0.529
55373,68634,7.12,0.74
55375,68919,7.7,1.06
55377,108331,7.98,0.944
55379,108345,7.15,1.52
55381,108483,7.79,1.0
55383,108498,7.94,1.064
55385,108549,7.91,1.054
55387,108814,6.71,-0.047
55389,108842,7.26,0.396
55391,108939,7.66,0.896
55393,108961,7.88,0.591
55395,109009,6.38,1.523
55397,109030,7.45,1.26
55399,109055,7.56,0.33
55401,109160,7.79,0.353
55403,109212,6.31,1.605
55405,109261,7.13,0.061
55407,109445,6.36,1.08
55409,109452,7.73,0.018
55411,67521,6.84,0.335
55413,67904,7.89,0.687
55415,67927,2.68,0.58
55417,67979,7.89,1.487
55419,67988,7.88,1.42
55421,68146,6.68,1.569
55423,68189,7.66,1.008
55425,68276,5.76,-0.002
55427,68467,7.11,0.91
55429,68547,7.93,0.614
55431,68578,7.69,0.962
55433,68770,7.65,0.42
55435,69066,7.78,0.53
55437,107815,7.24,1.103
55439,107956,6.27,1.601
55441,108060,5.69,0.011
55443,108061,7.52,1.664
55445,108063,7.13,1.271
55447,108119,6.36,0.938
55449,108212,6.68,1.042
55451,108296,6.39,1.698
55453,108316,6.87,1.054
55455,108401,7.28,0.011
55457,108415,7.47,0.3
55459,108679,7.68,1.039
55461,108513,6.5,1.013
55463,108859,7.65,0.594
55465,109099,7.58,0.248
55467,109209,5.74,0.331
55469,68026,7.62,1.49
55471,68180,7.89,1.11
55473,68302,7.26,1.184
55475,68316,7.09,0.206
55477,68660,7.96,1.33
55479,68665,6.88,0.322
55481,68785,6.95,0.484
55483,68835,7.69,1.16
55485,68880,7.42,1.05
55487,69067,6.57,1.499
55489,69183,7.93,1.49
55491,69226,4.82,0.541
55493,69490,7.98,0.048
55495,107462,6.57,-0.081
55497,107489,7.8,1.541
55499,107502,6.28,1.212
55501,107566,7.52,1.0
55503,107642,7.14,1.47
55505,107694,7.96,0.361
55507,107751,7.72,1.596
55509,107796,7.26,0.476
55511,107869,7.85,1.05
55513,107960,7.6,0.322
55515,108022,5.09,-0.155
55517,108099,7.83,0.974
55519,108270,7.85,0.097
55521,108381,7.7,1.178
55523,108588,7.97,0.4
55525,108805,7.47,0.073
55527,109004,7.5,0.266
55529,68478,6.23,0.193
55531,68672,7.18,1.047
55533,68765,7.89,1.527
55535,68955,6.89,0.998
55537,69399,7.81,0.385
55539,69401,7.78,0.505
55541,69523,6.82,0.349
55543,69661,7.31,0.282
55545,69922,7.66,0.473
55547,107288,7.46,0.45
55549,107310,4.49,0.512
55551,107326,6.89,0.411
55553,107335,7.13,1.093
55555,107343,7.25,0.006
55557,107411,7.3,-0.039
55559,107821,7.97,0.737
55561,107975,5.52,0.426
55563,108490,6.95,0.501
55565,108084,6.78,0.27
55567,108385,7.19,1.217
55569,108608,7.74,-0.046
55571,108700,7.33,-0.037
55573,108746,7.48,0.2
55575,68904,7.58,1.029
55577,69185,7.28,0.835
55579,69283,7.42,0.448
55581,69316,6.14,1.258
55583,69509,7.5,-0.075
55585,69753,6.73,0.938
55587,69857,7.56,0.424
55589,70051,6.45,0.156
55591,70268,7.07,0.958
55593,106323,7.49,0.363
55595,106422,7.57,1.307
55597,106465,7.95,0.016
55599,106688,7.44,1.158
55601,106690,7.99,1.859
55603,106692,7.84,1.606
55605,106802,7.37,1.056
55607,106821,7.51,1.026
55609,107059,7.16,1.435
55611,107341,7.76,1.596
55613,107410,7.64,0.276
55615,107657,6.82,-0.01
55617,107744,7.13,0.913
55619,107763,5.07,0.01
55621,107781,7.3,0.9
55623,107813,6.79,1.137
55625,107904,7.57,1.342
55627,107944,7.91,-0.053
55629,108156,7.73,0.911
55631,108167,7.09,1.57
55633,108218,7.69,0.978
55635,108251,7.77,1.591
55637,69546,6.91,1.6
55639,69733,7.86,0.781
55641,69879,4.8,1.057
55643,70121,7.35,0.214
55645,70338,7.36,0.397
55647,70517,6.28,1.225
55649,70735,7.44,0.944
55651,70762,6.22,1.174
55653,70912,7.94,0.467
55655,71168,6.39,0.521
55657,71075,3.04,0.191
55659,105561,6.63,0.028
55661,105676,7.8,0.675
55663,105894,7.76,1.447
55665,105811,5.93,0.033
55667,105921,7.67,1.225
55669,105942,5.3,-0.14
55671,106133,7.69,0.984
55673,106151,7.29,0.015
55675,106216,7.77,0.218
55677,106252,7.55,0.95
55679,106551,4.87,1.085
55681,106742,7.08,1.048
55683,106745,7.76,0.536
55685,107066,6.93,1.466
55687,107129,5.98,2.5
55689,107132,7.89,1.278
55691,107216,7.44,0.253
55693,107242,7.67,2.45
55695,107253,5.69,-0.01
55697,107268,6.99,0.107
55699,107445,6.44,0.997
55701,107760,7.89,0.108
55703,69955,6.86,1.06
55705,70029,6.33,0.053
55707,70135,7.92,0.421
55709,70344,7.21,0.587
55711,70356,6.72,0.593
55713,70390,7.74,0.487
55715,70685,6.64,0.369
55717,70813,7.49,1.227
55719,70873,6.36,0.702
55721,71008,6.73,0.095
55723,71206,6.75,0.16
55725,71411,8.0,1.311
55727,71466,6.59,0.505
55729,71801,7.99,1.578
55731,72012,5.72,1.398
55733,72153,7.32,0.465
55735,104463,7.82,0.022
55737,104941,6.6,0.903
55739,105034,6.23,1.251
55741,105101,6.17,-0.094
55743,104844,7.08,0.796
55745,105229,6.15,0.257
55747,105237,6.68,-0.028
55749,105397,7.65,0.713
55751,105398,7.81,1.527
55753,105406,6.39,0.533
55755,105419,7.93,0.122
55757,105562,7.12,1.191
55759,105565,7.53,0.045
55761,105573,7.29,1.048
55763,105595,7.34,-0.024
55765,105624,7.2,0.146
55767,105775,7.55,0.515
55769,105909,7.62,0.072
55771,106069,7.83,0.219
55773,106144,7.34,0.218
55775,106263,7.44,0.488
55777,106284,7.22,-0.036
55779,106302,7.9,0.363
55781,106373,6.92,1.134
55783,106390,7.27,0.922
55785,106407,7.78,0.81
55787,106535,7.61,0.17
55789,106711,5.04,0.198
55791,106815,7.16,1.513
55793,106657,7.93,1.218
55795,106790,6.76,-0.035
55797,106969,6.98,0.275
55799,71568,5.74,1.481
55801,71618,5.39,0.03
55803,71791,7.74,0.94
55805,72066,6.73,0.292
55807,72487,5.76,0.482
55809,72513,7.53,0.532
55811,72666,7.7,0.634
55813,72718,6.76,1.219
55815,72887,7.97,1.395
55817,72939,7.91,0.44
55819,73206,7.39,0.14
55821,72325,7.88,0.602
55823,72952,7.33,1.006
55825,73163,7.67,0.72
55827,73454,6.35,-0.099
55829,73695,4.83,0.647
55831,73841,5.59,-0.005
55833,74433,7.16,1.161
55835,102635,5.6,1.466
55837,102716,7.85,0.11
55839,102912,6.98,1.473
55841,102951,7.36,1.109
55843,103104,7.38,0.24
55845,103159,7.7,-0.035
55847,103263,7.0,1.002
55849,103312,5.68,0.408
55851,103403,7.68,0.031
55853,103509,7.5,-0.102
55855,103523,7.45,0.474
55857,103557,7.05,0.193
55859,103632,4.74,-0.084
55861,103700,7.24,-0.109
55863,103732,5.38,-0.206
55865,103767,7.93,0.529
55867,103796,7.79,0.063
55869,103850,6.86,1.683
55871,103859,7.69,0.97
55873,103871,6.5,-0.124
55875,103949,6.32,0.259
55877,103968,7.79,0.016
55879,104115,7.57,1.786
55881,104127,7.43,-0.05
55883,104136,7.58,0.05
55885,104194,4.56,1.569
55887,104207,7.62,0.048
55889,104245,7.33,0.047
55891,104268,7.27,-0.05
55893,104361,7.91,-0.05
55895,104396,6.97,0.395
55897,104537,6.46,0.007
55899,103828,6.18,1.687
55901,103945,7.87,-0.06
55903,104060,3.72,1.609
55905,104220,7.23,0.587
55907,104250,7.38,-0.05
55909,104303,7.53,0.056
55911,104344,7.87,0.539
55913,104454,7.66,-0.026
55915,104468,7.6,0.513
55917,104479,7.45,1.082
55919,104483,6.6,-0.144
55921,104587,7.83,0.78
55923,104592,6.69,0.353
55925,104671,7.83,-0.102
55927,104695,7.74,0.209
55929,104697,7.81,1.0
55931,104711,7.89,1.096
55933,104737,7.97,0.011
55935,104742,7.71,0.155
55937,104781,7.33,0.887
55939,104787,7.52,-0.112
55941,104958,7.46,-0.07
55943,104962,6.45,-0.129
55945,105001,7.83,-0.02
55947,105017,6.36,0.979
55949,105153,7.04,-0.087
55951,105186,5.04,-0.061
55953,105430,6.73,0.176
55955,105602,7.17,0.184
55957,105826,7.87,0.213
55959,105893,7.47,0.012
55961,72524,5.68,0.501
55963,72749,7.63,0.669
55965,73100,5.63,0.533
55967,73256,7.79,1.524
55969,73450,7.85,0.137
55971,73506,7.25,1.308
55973,73590,7.21,1.418
55975,74019,7.76,1.064
55977,74083,6.33,1.05
55979,74094,7.45,0.31
55981,74337,7.64,1.587
55983,74411,7.61,1.15
55985,74465,7.26,1.186
55987,74690,6.47,0.854
55989,74987,7.6,0.1
55991,75043,5.65,0.122
55993,75121,7.64,0.237
55995,75147,7.67,0.38
55997,75510,7.66,1.6
55999,75581,7.09,1.611
56001,75641,7.86,-0.125
56003,75425,6.68,1.098
56005,75587,6.44,0.079
56007,76311,5.97,1.184
56009,76384,6.7,0.329
56011,77084,7.36,0.624
56013,99573,7.99,1.027
56015,99672,7.33,0.011
56017,99822,7.26,1.575
56019,100046,6.73,0.451
56021,100295,6.23,1.547
56023,100361,7.61,1.059
56025,100507,7.92,0.032
56027,100651,6.49,-0.025
56029,101124,7.91,0.96
56031,101174,7.46,0.106
56033,101332,7.44,-0.093
56035,101372,7.76,-0.012
56037,101245,6.2,1.018
56039,101438,7.64,1.16
56041,101462,7.37,-0.046
56043,101488,7.41,1.089
56045,101556,6.19,0.318
56047,101611,7.51,0.454
56049,101691,7.94,0.12
56051,101702,7.09,1.028
56053,101728,6.64,1.098
56055,101851,7.9,0.065
56057,102097,7.99,0.116
56059,102177,5.41,-0.107
56061,102233,7.31,0.345
56063,102240,7.75,0.552
56065,102255,7.86,0.931
56067,102459,7.19,0.54
56069,102499,6.34,1.131
56071,102572,7.7,1.068
56073,102576,7.99,0.342
56075,102642,6.29,0.883
56077,102657,7.92,0.144
56079,102712,6.26,-0.071
56081,102796,7.22,1.622
56083,102801,6.65,0.372
56085,102804,6.5,1.624
56087,102920,7.08,0.852
56089,102921,6.91,0.303
56091,103343,6.61,-0.097
56093,102956,6.99,1.205
56095,103143,7.03,0.415
56097,103196,7.95,0.253
56099,103359,5.83,0.337
56101,103360,5.92,1.054
56103,103530,5.59,-0.144
56105,103658,7.3,0.01
56107,103829,7.92,0.033
56109,103929,6.37,0.986
56111,104029,7.99,0.43
56113,104258,7.54,0.27
56115,104290,7.74,0.96
56117,75470,7.76,1.14
56119,75788,6.45,0.079
56121,76376,5.77,0.051
56123,76509,5.85,1.098
56125,76598,7.28,0.07
56127,77178,7.52,1.591
56129,76609,7.89,0.946
56131,76627,7.28,1.469
56133,77192,7.79,0.471
56135,77272,5.94,1.404
56137,77275,7.78,1.055
56139,77370,5.85,0.249
56141,77484,7.28,1.312
56143,77674,7.37,1.376
56145,77738,5.81,0.972
56147,78017,6.31,-0.028
56149,78180,4.96,0.269
56151,78492,7.99,1.581
56153,78527,4.01,0.528
56155,79164,6.43,1.076
56157,78524,7.85,0.667
56159,78632,6.19,1.576
56161,78676,6.81,0.99
56163,78762,7.41,1.167
56165,79125,6.33,0.032
56167,79204,6.76,0.069
56169,79629,7.67,0.659
56171,79799,7.95,0.356
56173,79804,5.37,1.551
56175,80045,7.55,1.044
56177,80150,7.58,1.664
56179,80906,7.73,1.4
56181,81248,7.43,0.208
56183,80966,7.95,1.053
56185,80991,5.92,0.039
56187,81091,7.71,1.047
56189,81188,7.23,1.5
56191,81284,7.95,0.947
56193,81940,7.88,0.145
56195,82291,7.65,1.014
56197,82508,8.0,0.849
56199,82677,7.04,1.31
56201,83236,7.92,1.381
56203,83289,6.16,1.006
56205,83622,7.96,0.952
56207,83696,7.89,1.131
56209,84465,6.91,0.385
56211,84496,6.32,1.09
56213,85108,7.15,1.244
56215,85290,5.65,0.024
56217,85964,7.28,0.517
56219,87478,6.86,0.199
56221,87594,7.88,0.599
56223,89104,6.5,-0.002
56225,89138,7.69,0.522
56227,91397,6.65,0.393
56229,91469,6.92,1.432
56231,91936,7.12,1.513
56233,92064,7.52,1.456
56235,92080,7.19,0.953
56237,92153,7.94,0.52
56239,92436,6.69,1.227
56241,92512,4.63,1.185
56243,92594,6.96,-0.048
56245,92729,7.05,-0.128
56247,92873,7.54,1.423
56249,93161,6.91,-0.038
56251,93462,6.87,1.577
56253,93775,7.68,0.133
56255,93781,7.4,1.078
56257,94132,7.16,1.519
56259,94501,7.97,0.606
56261,94522,7.68,0.16
56263,94835,7.63,0.05
56265,94860,7.14,-0.078
56267,95375,7.66,1.07
56269,95830,7.61,1.18
56271,95520,6.6,-0.139
56273,95762,8.0,1.216
56275,95995,6.6,0.859
56277,96163,7.81,-0.018
56279,96164,6.3,1.58
56281,96395,6.73,0.636
56283,96742,7.75,0.403
56285,96771,6.49,0.212
56287,97033,6.29,0.59
56289,97070,6.28,0.887
56291,97277,7.91,0.586
56293,97375,7.77,0.11
56295,97382,7.04,1.01
56297,97438,6.64,0.592
56299,97517,7.76,0.613
56301,97653,8.0,0.172
56303,97892,6.06,0.033
56305,97462,7.47,1.206
56307,97862,7.4,1.572
56309,97870,5.14,-0.125
56311,98044,6.1,1.021
56313,98073,4.98,1.584
56315,98111,6.16,0.09
56317,98360,7.32,-0.158
56319,98611,7.71,-0.08
56321,98712,7.77,0.053
56323,98946,6.19,0.437
56325,99152,7.18,0.015
56327,99207,7.89,1.035
56329,99294,6.49,0.938
56331,99414,7.51,0.453
56333,99561,7.98,0.19
56335,99655,4.28,0.114
56337,99662,6.66,0.964
56339,99818,6.56,1.041
56341,99858,7.67,0.841
56343,99955,6.65,1.199
56345,100097,5.76,0.118
56347,100149,7.86,0.423
56349,100473,7.47,0.097
56351,100526,6.67,0.23
56353,100667,7.3,0.076
56355,100684,7.5,1.107
56357,100744,7.27,-0.016
56359,100808,6.38,0.018
56361,101084,5.89,-0.052
56363,101163,7.45,0.534
56365,101222,7.83,0.333
56367,101412,6.82,1.755
56369,101433,7.01,0.365
56371,81060,7.71,0.056
56373,81451,6.91,1.549
56375,82750,7.07,0.676
56377,82891,6.9,0.127
56379,82927,7.32,1.086
56381,83521,7.91,1.061
56383,83847,6.72,0.528
56385,84130,7.98,0.077
56387,84183,5.54,0.216
56389,84342,7.11,1.567
56391,84699,7.53,1.394
56393,84727,7.67,1.461
56395,85657,7.33,1.251
56397,85772,7.57,1.101
56399,86036,5.23,0.602
56401,86053,7.05,1.31
56403,86164,7.96,0.188
56405,86275,7.89,0.08
56407,86482,6.79,0.559
56409,87049,7.94,0.08
56411,87211,6.7,0.373
56413,87766,7.36,0.193
56415,87815,7.72,0.71
56417,87827,7.61,0.1
56419,88053,7.63,1.405
56421,88150,7.03,1.089
56423,88518,7.31,1.32
56425,88696,7.98,1.05
56427,88998,7.24,0.569
56429,90118,8.0,0.243
56431,90789,7.19,0.9
56433,91315,5.74,-0.045
56435,91396,6.85,1.14
56437,91606,6.1,0.978
56439,91673,7.25,1.465
56441,91915,6.02,0.967
56443,91921,7.44,0.455
56445,92135,7.26,0.889
56447,92881,7.95,0.903
56449,93053,6.5,0.927
56451,93499,6.86,1.009
56453,93571,7.05,0.657
56455,94143,7.6,1.603
56457,94649,7.85,1.046
56459,95373,7.68,1.04
56461,76170,6.7,0.149
56463,76199,7.8,0.104
56465,76807,7.89,1.827
56467,77149,7.09,0.401
56469,77310,7.1,0.497
56471,77346,7.69,1.524
56473,77817,6.22,1.467
56475,77952,2.83,0.315
56477,78326,7.05,1.606
56479,78425,7.95,0.622
56481,78476,6.42,0.567
56483,78526,7.81,-0.073
56485,78603,6.25,-0.015
56487,78653,7.84,0.533
56489,78674,7.54,0.48
56491,78675,7.44,1.148
56493,78909,7.54,0.09
56495,78928,7.11,1.305
56497,78951,7.7,-0.028
56499,79079,6.88,-0.062
56501,79112,7.29,1.64
56503,79208,6.5,0.231
56505,79251,7.45,-0.004
56507,79411,7.02,0.023
56509,79507,7.46,-0.052
56511,79598,7.7,0.008
56513,79664,3.86,1.105
56515,80233,7.29,0.944
56517,80017,6.7,0.0
56519,80023,7.66,1.217
56521,80455,6.14,0.029
56523,80642,7.68,1.334
56525,80645,5.28,0.383
56527,80948,6.61,-0.042
56529,80957,7.24,-0.023
56531,81041,7.37,0.573
56533,81077,6.94,1.043
56535,81168,7.34,-0.09
56537,81252,5.5,0.949
56539,81278,7.98,0.969
56541,81345,7.95,0.325
56543,81353,7.68,0.576
56545,81422,7.6,0.97
56547,81654,7.89,0.11
56549,81823,6.23,1.524
56551,82009,8.0,0.1
56553,82633,7.81,0.191
56555,82726,7.44,1.626
56557,82806,5.99,0.059
56559,82517,6.12,-0.028
56561,82908,7.93,0.121
56563,83053,6.53,0.359
56565,83256,7.78,1.375
56567,83787,6.85,0.401
56569,83817,7.71,0.132
56571,83820,7.38,0.082
56573,84176,7.59,1.576
56575,84188,6.92,0.009
56577,84248,5.87,1.07
56579,84302,7.12,1.055
56581,84327,7.47,1.1
56583,84349,7.86,1.15
56585,84586,6.87,0.798
56587,85008,7.41,1.492
56589,85138,6.64,-0.074
56591,85274,7.31,1.103
56593,85477,7.37,1.517
56595,85668,6.99,-0.091
56597,85791,7.92,0.982
56599,86105,7.49,1.198
56601,86128,7.05,1.053
56603,86147,7.49,-0.028
56605,86242,7.55,1.212
56607,86510,6.48,0.999
56609,86770,7.59,1.684
56611,86929,3.61,1.161
56613,86935,6.93,0.234
56615,87127,7.82,-0.089
56617,87138,7.9,-0.056
56619,87142,7.84,0.393
56621,87286,6.57,0.334
56623,87403,7.89,1.424
56625,87564,6.48,1.086
56627,87795,7.76,0.99
56629,87822,6.36,0.451
56631,87878,7.3,1.213
56633,88383,7.74,0.495
56635,88454,6.89,1.138
56637,88815,6.4,1.266
56639,89394,7.92,0.372
56641,89416,7.49,-0.057
56643,89663,7.72,0.428
56645,89817,7.29,1.256
56647,90582,7.7,0.596
56649,90704,7.56,0.02
56651,90927,7.83,-0.036
56653,91035,6.76,0.894
56655,91230,7.71,1.226
56657,91456,7.54,1.286
56659,91534,7.59,0.188
56661,91733,6.35,0.153
56663,91854,5.76,0.967
56665,92024,4.78,0.199
56667,92121,7.96,1.171
56669,92148,7.03,1.72
56671,92294,5.71,0.268
56673,92411,7.72,1.218
56675,92990,7.43,1.234
56677,93015,4.4,0.53
56679,93052,7.61,0.329
56681,93151,6.94,1.297
56683,93287,5.98,0.977
56685,93507,7.6,0.601
56687,93637,6.96,-0.036
56689,94063,7.55,0.378
56691,93784,7.48,0.005
56693,94219,7.95,0.222
56695,94283,7.23,0.087
56697,94432,7.99,0.215
56699,94460,6.59,1.281
56701,94770,6.42,-0.046
56703,94995,7.91,0.711
56705,95304,7.27,-0.035
56707,95385,6.58,0.455
56709,95517,7.6,0.467
56711,95567,7.99,0.0
56713,95571,7.91,0.534
56715,96209,7.41,0.176
56717,96272,7.92,1.047
56719,96590,7.45,1.661
56721,96711,7.18,1.078
56723,96381,7.62,0.5
56725,97345,6.71,1.607
56727,97508,7.28,0.512
56729,97564,7.47,0.548
56731,97575,7.79,0.466
56733,97611,6.21,-0.135
56735,97799,7.91,1.497
56737,97900,7.56,0.29
56739,97971,6.21,0.163
56741,98155,7.97,1.509
56743,98312,7.88,-0.038
56745,98919,7.28,0.0
56747,99683,7.08,-0.068
56749,99723,7.13,1.109
56751,99758,6.74,1.738
56753,100128,6.6,0.015
56755,71910,7.52,0.19
56757,71994,7.53,0.235
56759,72610,7.12,1.584
56761,72897,7.67,0.998
56763,73021,7.91,0.649
56765,73159,7.44,0.403
56767,73409,7.68,0.218
56769,73522,6.89,-0.086
56771,73740,7.4,-0.027
56773,74305,5.45,1.118
56775,73749,7.37,0.017
56777,73989,7.2,1.274
56779,74122,6.87,1.246
56781,74177,8.0,1.168
56783,74250,7.71,1.267
56785,74501,7.47,0.78
56787,74598,7.17,1.661
56789,74609,7.45,1.426
56791,74698,8.0,0.35
56793,74795,7.41,1.139
56795,74816,7.69,1.64
56797,74824,4.07,0.088
56799,74941,5.43,-0.089
56801,74967,7.39,-0.013
56803,74983,7.83,0.021
56805,75032,7.95,-0.035
56807,75054,7.05,1.621
56809,75079,7.33,-0.112
56811,75095,6.8,0.161
56813,75197,7.15,1.551
56815,75224,7.8,0.906
56817,75252,7.52,0.319
56819,75323,4.48,0.169
56821,75349,6.78,1.189
56823,75523,7.47,0.074
56825,75842,6.7,0.65
56827,76113,7.28,0.359
56829,76236,7.11,1.107
56831,76324,7.93,0.072
56833,75308,5.65,0.489
56835,76223,7.18,0.053
56837,76341,7.99,0.03
56839,76716,5.95,0.505
56841,76968,7.49,1.234
56843,77042,6.46,1.02
56845,77140,7.57,0.188
56847,77160,7.7,0.871
56849,77463,6.65,0.423
56851,77779,7.06,0.526
56853,77927,6.14,0.121
56855,77990,5.78,0.355
56857,78036,7.92,0.049
56859,78045,5.76,0.087
56861,78111,7.79,1.23
56863,78169,7.33,0.621
56865,78258,7.4,1.599
56867,78682,7.12,-0.046
56869,98426,7.52,1.473
56871,98576,7.6,-0.02
56873,99970,7.72,1.299
56875,100305,7.21,0.177
56877,100333,7.88,0.018
56879,100589,7.98,1.147
56881,101612,4.75,0.291
56883,101806,7.5,0.667
56885,101115,7.86,0.097
56887,101422,7.86,0.612
56889,101638,7.57,1.173
56891,101812,7.82,0.448
56893,101983,5.11,0.544
56895,102069,7.5,1.016
56897,102145,7.97,1.67
56899,102573,7.92,1.156
56901,102696,7.76,0.927
56903,102719,7.53,0.043
56905,103227,3.67,1.25
56907,103339,7.67,0.979
56909,103075,7.67,1.322
56911,103340,7.34,1.139
56913,104085,5.17,1.201
56915,104187,7.41,0.393
56917,104526,7.07,0.687
56919,104776,7.21,1.406
56921,105028,7.76,0.807
56923,70124,7.53,0.199
56925,70672,7.63,1.461
56927,70859,7.29,1.623
56929,70931,5.38,0.056
56931,71068,7.87,0.958
56933,71121,4.44,-0.177
56935,71536,4.05,-0.152
56937,71658,6.37,0.44
56939,71089,7.54,1.6
56941,71105,7.27,0.021
56943,71182,5.86,1.085
56945,71365,7.8,1.623
56947,71494,6.49,1.447
56949,71521,7.21,1.071
56951,71577,6.51,0.031
56953,71660,7.97,1.053
56955,71701,7.54,1.2
56957,72072,7.99,0.5
56959,72100,7.93,1.317
56961,72135,6.44,1.591
56963,72290,5.22,0.984
56965,72308,6.07,0.084
56967,72354,7.97,1.059
56969,72533,7.17,0.079
56971,72572,7.78,0.008
56973,72617,6.56,0.052
56975,73154,6.6,1.707
56977,73095,5.38,0.142
56979,73738,7.84,1.306
56981,103048,7.68,0.481
56983,103693,6.26,1.563
56985,103898,7.88,0.894
56987,103934,7.46,1.582
56989,104308,6.69,0.247
56991,104036,7.25,1.129
56993,104467,7.72,0.624
56995,104604,6.98,0.575
56997,104721,7.41,0.443
56999,104907,6.84,1.3
57001,104978,5.73,0.191
57003,105098,7.43,1.075
57005,105272,7.76,0.91
57007,105319,4.39,0.191
57009,105425,6.4,1.327
57011,105439,6.75,0.654
57013,105494,7.51,0.921
57015,105501,7.17,0.185
57017,105577,7.66,0.642
57019,106004,6.79,1.233
57021,105133,6.54,1.171
57023,106078,7.33,0.663
57025,107039,7.64,0.555
57027,69113,6.19,-0.056
57029,69489,7.43,0.221
57031,69671,6.31,0.596
57033,69802,7.14,1.587
57035,69996,3.55,-0.184
57037,70104,4.78,0.31
57039,70229,7.76,1.22
57041,70451,6.43,1.047
57043,70465,7.9,0.028
57045,70519,7.66,0.791
57047,70574,4.56,-0.147
57049,70576,4.33,0.434
57051,70716,6.99,0.122
57053,70115,7.94,1.584
57055,70270,6.1,-0.13
57057,70320,6.41,1.257
57059,70441,7.45,0.079
57061,70663,5.83,0.311
57063,70690,7.66,-0.031
57065,70691,7.83,1.255
57067,70697,7.22,0.009
57069,70703,7.68,-0.022
57071,70809,6.4,-0.112
57073,70915,5.51,-0.087
57075,71003,7.28,-0.016
57077,71018,7.18,0.947
57079,71046,7.16,1.48
57081,71219,7.2,0.928
57083,71271,7.61,0.053
57085,71327,6.89,-0.01
57087,71382,6.78,0.933
57089,71419,5.55,1.489
57091,71538,6.65,-0.01
57093,105560,6.95,1.22
57095,105685,6.3,0.235
57097,105879,7.21,0.54
57099,106483,6.91,1.086
57101,106159,7.34,1.0
57103,106429,5.57,1.044
57105,106685,7.98,0.917
57107,106782,7.2,0.473
57109,107225,6.67,0.559
57111,107542,7.54,1.15
57113,68329,7.92,0.403
57115,68489,7.94,0.131
57117,68493,6.12,1.265
57119,68499,7.64,1.568
57121,68532,7.54,0.172
57123,68653,8.0,-0.016
57125,68673,6.08,-0.112
57127,68736,7.0,0.49
57129,68862,4.36,-0.198
57131,68996,7.83,1.357
57133,69258,7.95,0.956
57135,69429,6.75,-0.012
57137,69472,7.86,0.173
57139,69625,6.96,1.383
57141,69646,7.53,0.378
57143,68872,6.18,0.986
57145,69598,5.61,0.929
57147,69734,7.86,-0.018
57149,69845,7.87,-0.012
57151,69871,7.03,-0.038
57153,70013,7.78,1.441
57155,70054,5.55,0.907
57157,70120,7.19,0.136
57159,106500,6.32,1.093
57161,106955,6.64,0.273
57163,106968,6.73,1.024
57165,107021,7.03,1.022
57167,107942,7.75,1.41
57169,107617,7.51,0.158
57171,107963,6.84,1.3
57173,108128,7.94,1.54
57175,108199,7.6,0.319
57177,108267,7.75,0.498
57179,108455,7.95,1.004
57181,108479,6.77,1.58
57183,108824,7.84,1.322
57185,108950,7.23,0.718
57187,67457,4.19,1.52
57189,67648,6.34,0.484
57191,67730,7.84,1.523
57193,67819,5.53,0.444
57195,67851,6.17,1.009
57197,67918,6.83,0.415
57199,68151,7.42,1.503
57201,68319,7.69,1.366
57203,68631,7.93,0.524
57205,68646,7.66,0.387
57207,68775,7.23,0.379
57209,68915,6.84,1.538
57211,68966,7.18,0.948
57213,69021,7.35,0.035
57215,68073,7.61,0.451
57217,68114,6.97,1.254
57219,68128,7.68,1.563
57221,68474,6.88,1.276
57223,68500,7.45,1.558
57225,68715,7.91,1.079
57227,68720,7.98,1.658
57229,68726,7.11,0.724
57231,68853,7.71,0.018
57233,68933,2.06,1.011
57235,69162,7.89,0.155
57237,69200,7.87,0.345
57239,107344,6.28,1.129
57241,107593,6.78,0.978
57243,107779,7.45,0.573
57245,107992,8.0,0.355
57247,108035,6.96,1.058
57249,108085,3.0,-0.084
57251,108290,7.99,0.563
57253,108294,5.45,0.084
57255,108347,6.18,0.321
57257,108349,7.13,1.338
57259,108375,7.47,0.568
57261,108543,5.5,0.996
57263,108123,6.74,1.401
57265,108336,7.42,-0.01
57267,108681,6.71,1.096
57269,108771,7.62,1.46
57271,108773,7.37,1.419
57273,108982,7.79,1.367
57275,109282,6.98,1.486
57277,109334,7.44,1.121
57279,109561,6.68,0.568
57281,66932,7.14,0.294
57283,67652,7.17,0.518
57285,67696,6.11,0.478
57287,67846,7.91,1.5
57289,67852,7.98,0.171
57291,68043,6.96,0.409
57293,67448,7.69,0.135
57295,67508,7.33,1.243
57297,67669,4.32,-0.146
57299,67786,4.75,-0.111
57301,67892,6.97,0.345
57303,67980,6.98,0.898
57305,68021,6.53,0.894
57307,68212,7.58,1.07
57309,68231,7.87,0.934
57311,68507,7.57,0.485
57313,68641,6.18,0.48
57315,108487,7.95,-0.04
57317,108597,7.06,-0.108
57319,108723,7.25,1.13
57321,108809,6.63,0.504
57323,108869,7.09,1.396
57325,109285,4.5,0.054
57327,109289,4.99,1.499
57329,109306,6.37,0.205
57331,109404,5.37,0.241
57333,109422,4.94,0.489
57335,109462,7.53,0.636
57337,109999,7.93,0.965
57339,66679,6.8,1.433
57341,66742,8.0,0.451
57343,66796,7.15,1.631
57345,66797,7.83,1.025
57347,67143,5.81,0.023
57349,67419,7.46,1.404
57351,67458,7.92,0.709
57353,67496,7.78,0.445
57355,67523,6.19,-0.009
57357,67834,7.63,1.211
57359,67888,6.77,1.188
57361,67890,6.05,1.129
57363,67984,7.79,1.321
57365,68099,6.83,0.962
57367,68133,7.9,0.498
57369,68161,7.2,1.42
57371,68239,7.23,1.357
57373,108661,5.43,-0.095
57375,108817,6.91,1.358
57377,108856,7.76,0.177
57379,108871,7.14,0.33
57381,108908,7.39,-0.081
57383,108952,6.45,1.603
57385,108975,5.97,-0.167
57387,108978,6.99,0.955
57389,109125,7.59,-0.035
57391,109128,7.44,1.29
57393,109172,7.86,0.539
57395,109230,7.16,0.351
57397,109412,6.44,0.147
57399,109551,6.87,1.115
57401,109640,7.41,0.994
57403,109667,6.19,0.169
57405,109789,5.45,-0.121
57407,109870,7.91,0.506
57409,110039,7.05,1.164
57411,110238,7.77,0.996
57413,66322,7.11,0.483
57415,66433,7.14,0.27
57417,66592,7.52,1.089
57419,66800,6.6,0.057
57421,67368,7.94,0.739
57423,67418,7.98,1.054
57425,67071,6.21,1.374
57427,67569,7.46,1.453
57429,67620,6.43,0.703
57431,108960,6.73,0.963
57433,109222,7.81,1.035
57435,109269,7.84,1.01
57437,109312,7.11,0.175
57439,109375,6.36,0.921
57441,109737,5.58,0.497
57443,109868,7.74,1.626
57445,109990,6.14,1.11
57447,109199,6.83,0.883
57449,109838,6.89,0.376
57451,109952,7.43,0.244
57453,110018,6.17,1.051
57455,110060,7.63,0.971
57457,110101,7.65,0.25
57459,110126,7.3,0.478
57461,110413,7.54,1.209
57463,66819,7.76,1.126
57465,66837,7.55,0.363
57467,67270,6.73,0.323
57469,67320,7.46,1.665
57471,67411,7.03,1.09
57473,67533,7.11,1.499
57475,67555,6.54,0.51
57477,67588,7.79,0.377
57479,109241,7.92,0.453
57481,109509,6.1,0.503
57483,109652,7.55,0.503
57485,109775,7.41,0.029
57487,109786,5.33,0.812
57489,109794,7.1,0.473
57491,110012,7.35,0.161
57493,110135,7.16,1.491
57495,110255,7.72,1.011
57497,110391,5.12,1.057
57499,110424,7.86,0.642
57501,110590,7.0,1.62
57503,66091,5.52,1.228
57505,66512,7.87,1.467
57507,66619,7.57,0.981
57509,66319,7.97,0.569
57511,66423,7.66,0.433
57513,66636,7.92,0.551
57515,66663,6.71,1.488
57517,66749,7.89,0.45
57519,67043,7.46,1.577
57521,67057,5.55,0.805
57523,67060,7.5,-0.049
57525,67097,7.65,1.682
57527,67139,6.18,0.046
57529,67288,5.41,1.623
57531,67328,7.99,1.431
57533,109820,7.23,0.436
57535,109822,6.55,0.89
57537,109832,7.94,1.572
57539,110014,7.16,0.476
57541,110054,7.07,1.002
57543,110219,7.28,0.526
57545,110615,7.79,1.541
57547,110518,7.02,0.462
57549,110701,7.89,0.918
57551,110778,5.55,0.618
57553,110813,7.6,0.882
57555,65949,6.93,0.337
57557,66045,7.57,0.364
57559,66216,7.1,0.458
57561,66235,7.66,0.274
57563,66247,5.92,0.02
57565,66343,7.91,0.843
57567,66617,7.74,0.961
57569,66758,7.25,1.164
57571,66901,7.45,0.44
57573,67034,7.76,1.288
57575,67169,7.67,0.51
57577,67069,6.9,0.542
57579,67172,5.5,0.898
57581,109683,7.62,1.086
57583,109943,7.87,1.25
57585,109998,7.25,1.009
57587,110000,5.34,1.132
57589,110169,7.93,1.011
57591,110179,5.96,1.075
57593,110278,7.81,1.02
57595,110388,7.79,1.673
57597,110439,7.76,1.452
57599,110602,5.76,0.97
57601,110611,7.7,1.509
57603,110637,7.76,1.36
57605,110786,6.98,0.269
57607,66098,5.21,0.964
57609,66115,7.35,0.624
57611,66131,7.02,0.309
57613,66137,7.65,1.017
57615,66465,7.05,0.987
57617,66638,7.97,1.188
57619,66803,5.03,1.623
57621,110003,4.17,0.979
57623,110009,5.8,1.158
57625,110273,5.35,-0.048
57627,110338,7.2,1.244
57629,110532,5.92,0.998
57631,110580,7.15,1.379
57633,110780,6.85,0.32
57635,110979,7.71,0.652
57637,111113,7.37,0.349
57639,65772,7.09,0.929
57641,65892,6.1,0.341
57643,66000,7.86,1.194
57645,66006,4.68,1.606
57647,66320,5.7,0.95
57649,66966,7.06,1.285
57651,67004,6.51,0.053
57653,110023,5.75,0.878
57655,110240,7.75,0.233
57657,110378,7.49,0.205
57659,110406,7.66,1.603
57661,110578,5.79,-0.033
57663,110739,7.29,0.292
57665,110883,7.88,1.022
57667,65708,7.44,0.651
57669,65796,6.42,1.122
57671,65879,7.86,0.071
57673,65920,6.91,1.03
57675,65982,7.32,0.781
57677,66097,7.25,1.008
57679,66212,7.37,1.521
57681,66249,3.38,0.114
57683,66367,7.05,0.531
57685,66482,6.68,1.231
57687,66581,7.73,1.535
57689,66922,7.85,1.067
57691,66927,7.6,0.988
57693,109984,6.16,0.194
57695,110091,6.39,0.441
57697,110128,7.41,1.027
57699,110302,7.63,0.466
57701,110395,3.86,-0.057
57703,110536,7.36,0.46
57705,110582,7.35,0.21
57707,110619,6.74,1.005
57709,110753,6.94,0.461
57711,110821,6.77,0.652
57713,110960,3.65,0.406
57715,111025,7.74,0.544
57717,111171,6.15,1.083
57719,65704,7.31,0.4
57721,65789,7.79,0.553
57723,65839,6.59,0.284
57725,66476,6.66,1.185
57727,66637,7.97,0.561
57729,66936,5.35,1.091
57731,110358,7.68,0.546
57733,110522,6.94,0.184
57735,110672,4.8,-0.171
57737,111079,7.32,-0.014
57739,111090,7.91,0.531
57741,65791,7.22,1.499
57743,65855,6.51,0.956
57745,65862,6.18,1.471
57747,66033,7.9,0.824
57749,66113,6.64,0.935
57751,66200,4.92,0.029
57753,66256,7.93,1.236
57755,66823,7.98,0.88
57757,110058,7.34,1.73
57759,110298,5.37,-0.037
57761,110349,7.88,0.582
57763,110465,7.28,0.232
57765,110513,7.61,0.7
57767,110531,7.56,1.223
57769,110785,5.76,0.519
57771,110882,4.78,1.039
57773,111062,5.51,0.385
57775,111124,7.29,0.998
57777,65887,7.63,0.9
57779,65911,6.88,1.036
57781,66147,7.98,1.026
57783,66326,6.48,1.043
57785,66345,6.93,1.475
57787,66567,7.83,1.018
57789,66610,6.64,1.463
57791,66640,5.57,0.348
57793,66860,6.16,0.418
57795,67104,6.42,1.226
57797,109939,6.21,0.019
57799,110024,7.66,0.1
57801,110141,7.73,1.34
57803,110149,7.64,1.131
57805,110341,6.18,0.451
57807,110372,7.78,0.376
57809,110377,7.08,1.097
57811,110464,7.98,0.363
57813,110508,7.91,0.682
57815,110636,7.03,1.622
57817,110645,7.28,0.947
57819,110760,7.48,0.418
57821,110826,7.86,0.342
57823,110986,5.6,1.578
57825,66066,7.13,0.356
57827,66221,7.24,1.114
57829,66275,6.56,1.047
57831,66522,6.49,0.274
57833,66740,7.97,0.528
57835,66974,6.92,0.631
57837,109942,7.3,-0.049
57839,109991,7.47,0.99
57841,110035,7.04,0.606
57843,110089,6.83,0.986
57845,110203,7.97,0.232
57847,110205,7.98,0.666
57849,110250,7.62,0.383
57851,110286,7.49,1.304
57853,110323,6.55,0.934
57855,110383,6.94,0.242
57857,110386,4.82,-0.132
57859,110900,7.1,0.894
57861,66305,7.5,0.371
57863,66895,7.23,1.3
57865,66996,7.88,1.01
57867,67275,4.5,0.508
57869,109532,7.94,0.377
57871,109577,5.93,0.951
57873,109788,6.5,1.288
57875,110038,7.07,0.986
57877,110092,7.83,0.506
57879,110166,6.89,0.132
57881,110189,7.69,1.56
57883,110204,6.91,1.66
57885,110225,7.89,0.273
57887,110363,7.36,0.372
57889,110523,7.33,1.293
57891,110382,7.64,1.119
57893,110434,6.68,-0.019
57895,110573,6.79,-0.075
57897,110600,6.94,0.402
57899,66286,7.82,1.08
57901,66594,6.46,1.217
57903,66727,5.73,0.017
57905,66729,7.36,0.252
57907,66730,7.65,0.533
57909,67325,7.57,1.66
57911,67480,4.92,1.432
57913,67492,7.64,1.314
57915,67540,7.29,0.903
57917,67543,6.82,0.94
57919,109240,5.79,-0.077
57921,109439,6.18,0.688
57923,109450,7.57,0.618
57925,109458,6.45,0.099
57927,109691,6.5,1.374
57929,109891,7.74,0.351
57931,110040,7.93,1.453
57933,110086,7.63,1.078
57935,110157,7.99,1.115
57937,110159,6.86,1.264
57939,110221,7.59,1.167
57941,110381,7.68,0.093
57943,110548,6.2,0.518
57945,110638,7.9,0.103
57947,110696,6.26,1.201
57949,66511,6.99,0.958
57951,66585,7.78,0.383
57953,66667,7.82,0.92
57955,66699,7.68,1.45
57957,66763,5.63,1.009
57959,66899,7.26,1.538
57961,66992,6.12,1.447
57963,67364,7.97,1.196
57965,67239,5.97,0.523
57967,67615,7.6,1.166
57969,67802,7.93,1.47
57971,68064,6.78,0.402
57973,108966,7.22,0.061
57975,109137,7.29,-0.073
57977,109176,3.77,0.435
57979,109276,6.08,0.311
57981,109281,6.57,0.842
57983,109602,5.97,1.5
57985,109696,6.59,1.025
57987,109319,7.2,0.861
57989,109387,7.47,0.997
57991,109414,7.31,0.391
57993,109627,7.46,1.349
57995,109719,7.89,0.327
57997,109842,7.0,0.48
57999,109843,6.62,0.919
58001,109992,6.92,0.159
58003,110032,7.58,0.111
58005,110152,7.72,0.22
58007,110247,7.29,1.59
58009,66627,7.14,1.03
58011,66725,6.22,1.311
58013,67028,7.12,0.286
58015,67168,7.97,1.24
58017,67212,8.0,0.48
58019,67372,7.7,1.025
58021,67397,7.16,1.063
58023,67422,7.05,1.11
58025,67782,5.91,0.202
58027,67878,7.74,1.01
58029,67902,7.47,0.315
58031,68055,6.99,0.049
58033,68103,5.02,1.441
58035,108559,7.89,1.482
58037,108928,7.31,1.338
58039,109023,5.75,1.249
58041,109056,5.69,-0.048
58043,109090,7.78,0.536
58045,109175,7.24,1.085
58047,109531,7.26,0.141
58049,109546,7.53,0.141
58051,109700,7.24,0.48
58053,109730,5.87,1.169
58055,109815,7.1,0.571
58057,109977,6.38,0.982
58059,109993,6.67,0.947
58061,110049,7.13,1.102
58063,110073,6.63,1.604
58065,110185,7.49,0.278
58067,67195,6.51,0.491
58069,67357,7.51,0.301
58071,67384,5.61,1.032
58073,67463,7.97,0.95
58075,67391,7.67,0.631
58077,67504,7.5,1.336
58079,67803,6.98,1.485
58081,67871,7.99,0.571
58083,68065,6.31,0.401
58085,68082,7.84,0.24
58087,68216,7.16,0.963
58089,68466,7.72,0.242
58091,68501,6.87,1.419
58093,68593,7.16,0.563
58095,68654,7.22,1.519
58097,108160,7.88,0.105
58099,108278,6.99,1.354
58101,108338,7.67,1.422
58103,108552,7.89,0.335
58105,108632,6.46,0.463
58107,108660,7.26,0.347
58109,108672,7.77,0.058
58111,108812,6.99,0.264
58113,108969,6.36,1.121
58115,109352,5.58,0.985
58117,109410,4.28,0.471
58119,108864,7.02,-0.042
58121,108885,7.48,-0.056
58123,109187,7.34,1.139
58125,109437,7.21,1.547
58127,109454,7.95,0.411
58129,109493,6.3,0.227
58131,109552,7.36,0.342
58133,109710,7.88,1.293
58135,109959,7.81,0.501
58137,110001,7.63,-0.093
58139,67596,6.66,0.116
58141,67605,5.89,1.635
58143,67665,4.76,1.611
58145,67889,7.66,1.02
58147,67921,7.45,0.454
58149,68513,7.53,0.84
58151,68576,7.23,0.466
58153,68935,7.02,1.015
58155,68905,7.97,0.89
58157,69184,7.59,0.357
58159,69507,7.99,1.509
58161,107532,7.26,1.762
58163,107637,6.25,1.545
58165,107664,6.1,-0.072
58167,107722,7.65,1.572
58169,107812,7.95,1.004
58171,107926,7.9,0.891
58173,107964,7.42,0.997
58175,108042,7.24,1.539
58177,108172,7.22,0.13
58179,108213,6.72,1.158
58181,108234,7.15,0.257
58183,108621,6.87,1.358
58185,108789,6.95,1.621
58187,108796,7.42,1.564
58189,109057,7.99,0.004
58191,109180,7.8,0.23
58193,109182,7.22,0.455
58195,109361,7.45,0.561
58197,109418,6.98,0.168
58199,68418,6.63,1.297
58201,68536,6.81,1.183
58203,68982,7.2,1.032
58205,69158,7.98,0.947
58207,69198,7.15,1.21
58209,69227,7.97,0.983
58211,69513,7.99,1.0
58213,69580,7.38,1.08
58215,69666,7.47,0.963
58217,69735,6.38,0.376
58219,69876,7.49,0.393
58221,69350,6.88,0.979
58223,69569,6.23,1.071
58225,69959,7.08,1.039
58227,106646,7.81,0.853
58229,106847,7.46,0.5
58231,106999,5.09,1.601
58233,107097,6.07,0.068
58235,107125,7.96,0.538
58237,107162,5.73,0.055
58239,107177,7.55,0.365
58241,107180,7.46,0.152
58243,107235,5.51,1.615
58245,107361,7.52,1.715
58247,107488,6.52,0.278
58249,107707,7.98,1.232
58251,107791,7.69,0.939
58253,108202,7.94,1.672
58255,107150,7.36,1.26
58257,107653,7.22,0.686
58259,107749,6.48,0.381
58261,107808,7.78,0.218
58263,107856,6.2,-0.068
58265,107920,7.85,0.798
58267,107934,7.53,1.019
58269,107997,7.08,0.916
58271,108024,7.5,0.156
58273,108238,7.91,1.425
58275,108356,7.95,0.024
58277,108447,7.67,-0.097
58279,108507,7.59,-0.06
58281,108667,7.65,1.034
58283,108695,7.11,-0.017
58285,69038,5.13,1.493
58287,69131,7.7,1.151
58289,69388,7.74,0.376
58291,69518,7.17,0.53
58293,69527,7.3,0.979
58295,69704,6.5,1.041
58297,69732,4.18,0.087
58299,69805,7.96,1.376
58301,70347,7.6,1.163
58303,70844,6.52,1.017
58305,69862,6.32,0.466
58307,70066,7.4,0.549
58309,70393,7.93,0.559
58311,70447,7.64,0.397
58313,70841,7.76,1.068
58315,71235,6.51,0.062
58317,71467,7.73,0.467
58319,105447,7.18,1.52
58321,105584,7.78,0.441
58323,105640,7.08,0.422
58325,105659,7.53,-0.065
58327,105769,5.59,0.335
58329,105771,7.64,1.002
58331,105955,7.49,0.05
58333,105959,7.63,1.079
58335,105986,6.86,-0.079
58337,106071,6.94,0.25
58339,106093,5.22,0.965
58341,106108,6.72,0.147
58343,106113,7.7,0.399
58345,106122,7.93,0.759
58347,106145,6.95,-0.04
58349,106170,7.36,-0.028
58351,106262,7.79,0.024
58353,106270,7.98,0.065
58355,106293,6.84,-0.023
58357,106297,7.65,0.011
58359,106341,7.38,-0.042
58361,106346,6.58,-0.001
58363,106409,6.83,-0.015
58365,106420,6.27,1.805
58367,106481,3.98,0.885
58369,106507,7.99,-0.06
58371,106571,7.83,-0.05
58373,106812,7.57,0.07
58375,107075,7.28,1.0
58377,106079,7.62,-0.02
58379,106184,6.77,0.33
58381,106578,6.81,-0.104
58383,106642,5.96,1.341
58385,106752,6.19,0.218
58387,106921,7.61,0.084
58389,106970,6.77,-0.053
58391,107140,6.11,1.415
58393,107339,6.61,0.413
58395,107604,7.83,0.111
58397,107634,7.53,1.008
58399,107636,7.66,1.2
58401,107792,7.14,1.208
58403,107866,7.53,0.958
58405,107953,7.9,1.477
58407,69951,7.1,0.294
58409,70349,7.18,1.455
58411,70387,7.22,0.39
58413,70710,7.34,1.102
58415,70791,5.58,0.864
58417,70881,7.84,0.95
58419,71109,7.96,0.538
58421,71280,5.74,1.56
58423,71436,7.62,1.56
58425,71723,7.86,0.0
58427,71054,7.46,0.392
58429,71548,6.95,0.468
58431,71656,7.13,0.97
58433,71784,7.17,1.16
58435,71828,7.26,0.445
58437,71872,7.55,0.4
58439,71985,7.29,1.022
58441,72253,7.78,0.533
58443,72404,7.99,1.397
58445,72508,6.49,0.401
58447,72563,7.14,0.542
58449,72612,7.94,1.476
58451,72722,7.7,0.311
58453,73039,7.82,0.974
58455,72468,7.03,1.469
58457,73005,7.77,0.785
58459,73366,6.84,0.312
58461,73368,7.64,0.3
58463,73956,7.91,0.43
58465,102747,7.16,1.082
58467,103188,7.9,1.799
58469,103731,7.77,1.096
58471,103956,5.93,1.001
58473,104032,7.59,-0.042
58475,104203,7.79,0.034
58477,104283,7.37,-0.013
58479,104345,7.48,0.1
58481,104516,5.75,-0.111
58483,104611,7.76,1.053
58485,104630,7.09,0.019
58487,104681,7.74,1.061
58489,104715,7.72,0.14
58491,104805,7.08,1.176
58493,104919,6.99,0.978
58495,105030,7.5,0.14
58497,105064,6.12,0.049
58499,105130,7.64,0.344
58501,105182,7.46,1.373
58503,105208,7.74,0.936
58505,105219,6.96,1.809
58507,105273,7.32,-0.018
58509,105282,5.75,-0.119
58511,105290,7.7,0.61
58513,105298,6.82,1.022
58515,105343,7.97,0.116
58517,105650,7.1,-0.086
58519,105669,7.46,1.458
58521,105777,7.8,0.17
58523,105812,7.68,1.542
58525,105867,7.6,-0.023
58527,105321,7.89,0.927
58529,105497,5.68,1.1
58531,105540,6.85,0.029
58533,105666,7.41,0.125
58535,105733,6.57,0.003
58537,105866,7.97,-0.116
58539,105898,5.29,0.108
58541,106028,7.37,0.006
58543,106049,6.79,0.287
58545,106393,5.77,-0.042
58547,106536,7.84,0.19
58549,106849,7.48,1.541
58551,106974,7.14,1.218
58553,71900,7.43,1.435
58555,72768,7.15,0.255
58557,72874,7.9,0.406
58559,73436,7.15,0.357
58561,73654,6.86,1.123
58563,73837,7.69,0.523
58565,73909,5.24,0.958
58567,73882,7.73,1.125
58569,74074,7.72,1.483
58571,74176,7.44,0.545
58573,74316,7.59,1.409
58575,74377,7.93,0.125
58577,74458,7.5,0.1
58579,74756,7.62,1.501
58581,74886,7.3,1.076
58583,74935,6.87,1.234
58585,75037,7.74,0.395
58587,75042,7.62,0.314
58589,75205,7.82,1.437
58591,75458,3.29,1.166
58593,75783,6.91,0.49
58595,75389,7.33,0.794
58597,75696,5.9,1.441
58599,76040,7.92,0.516
58601,76317,7.79,1.319
58603,76651,6.45,1.102
58605,77110,7.36,0.381
58607,77200,7.82,0.45
58609,77353,7.84,0.73
58611,77362,6.53,1.394
58613,77482,7.92,0.526
58615,97978,7.2,1.643
58617,97989,6.94,1.64
58619,98256,7.26,1.036
58621,99530,7.09,0.448
58623,99538,7.89,-0.004
58625,99663,5.81,1.476
58627,99778,7.11,1.356
58629,100081,7.62,0.097
58631,100150,8.0,-0.03
58633,100714,6.44,0.094
58635,100727,7.47,0.183
58637,100759,7.48,0.4
58639,100944,7.98,-0.021
58641,101065,7.69,0.04
58643,101096,7.84,0.513
58645,101294,7.77,0.132
58647,101307,7.17,0.323
58649,101794,7.08,0.838
58651,101184,7.63,0.944
58653,101234,7.95,0.616
58655,101266,7.68,-0.134
58657,101285,6.14,1.431
58659,101646,7.59,0.147
58661,101770,7.95,1.468
58663,101900,6.45,0.403
58665,102011,6.02,0.443
58667,102027,7.34,-0.008
58669,102183,6.99,0.3
58671,102258,6.34,0.282
58673,102284,6.96,-0.065
58675,102358,5.91,1.643
58677,102431,4.52,0.535
58679,102502,7.57,0.409
58681,102558,6.68,1.26
58683,102741,7.8,0.91
58685,102775,6.88,-0.046
58687,102858,7.12,-0.069
58689,103035,7.39,0.919
58691,102897,7.65,0.197
58693,103024,6.77,0.079
58695,103050,7.5,-0.118
58697,103092,7.15,0.96
58699,103141,7.52,0.11
58701,103346,6.23,-0.172
58703,103380,7.96,0.424
58705,103471,7.26,0.34
58707,103485,7.95,0.446
58709,103606,6.66,1.285
58711,103633,6.8,1.367
58713,103792,6.7,-0.112
58715,103810,5.83,-0.058
58717,103955,7.74,0.407
58719,103966,7.14,0.554
58721,104355,8.0,0.169
58723,104356,7.95,0.39
58725,104573,7.73,0.064
58727,104829,7.84,0.974
58729,104850,7.51,0.41
58731,77277,5.19,0.062
58733,78876,7.08,1.234
58735,79161,6.86,0.117
58737,79861,7.33,1.08
58739,80235,7.88,1.579
58741,80309,5.67,0.956
58743,80331,2.73,0.91
58745,79638,7.98,1.106
58747,80738,7.68,0.585
58749,81016,7.36,0.332
58751,81162,7.61,1.256
58753,81167,7.59,0.962
58755,81358,6.17,1.527
58757,81660,4.84,1.212
58759,81679,7.16,0.121
58761,81934,7.86,1.219
58763,82137,7.88,0.158
58765,82145,7.62,1.577
58767,82166,6.8,1.556
58769,82681,7.89,0.897
58771,82860,4.88,0.481
58773,82898,6.4,0.383
58775,83359,6.11,0.96
58777,83799,7.87,0.518
58779,83895,3.17,-0.12
58781,84047,7.62,0.161
58783,84393,7.34,1.429
58785,84602,7.39,0.35
58787,84705,7.34,0.043
58789,84738,7.74,1.604
58791,84864,7.71,0.44
58793,84890,6.94,1.139
58795,85235,6.44,0.759
58797,85620,7.66,0.581
58799,85777,7.83,1.224
58801,85906,7.65,0.456
58803,86216,7.93,0.24
58805,86564,6.64,1.473
58807,87179,7.61,0.064
58809,87530,7.68,0.908
58811,88062,7.68,0.456
58813,88071,7.31,0.435
58815,88257,7.72,0.498
58817,88451,7.66,1.214
58819,88583,6.86,0.709
58821,88587,7.09,0.037
58823,88610,7.55,0.765
58825,88716,6.67,0.93
58827,88744,7.99,0.037
58829,88813,7.74,0.872
58831,89048,7.72,1.042
58833,89169,7.43,0.947
58835,89348,4.99,0.44
58837,89367,7.34,1.183
58839,89807,6.92,1.654
58841,89865,7.97,0.506
58843,89867,7.32,0.853
58845,90274,6.84,0.995
58847,90344,4.82,1.179
58849,90780,6.6,0.341
58851,91011,7.41,0.08
58853,91210,7.58,0.618
58855,91196,6.07,0.279
58857,91395,7.7,0.635
58859,91950,7.28,1.019
58861,92745,7.53,0.048
58863,92969,5.62,0.938
58865,93570,7.22,0.939
58867,93653,7.9,1.082
58869,94140,6.26,0.008
58871,94271,7.92,0.446
58873,94562,7.47,0.015
58875,94760,6.93,0.505
58877,94993,6.52,-0.098
58879,95081,4.6,0.033
58881,95091,7.79,0.369
58883,95576,6.38,1.413
58885,96015,7.97,1.218
58887,96206,7.55,1.026
58889,96222,7.91,0.136
58891,96297,6.47,1.326
58893,96337,7.84,1.036
58895,96796,7.36,0.508
58897,97399,7.86,0.602
58899,97432,7.07,1.541
58901,97536,6.69,1.449
58903,97612,6.7,0.514
58905,97831,6.76,1.096
58907,98198,7.5,0.356
58909,98308,6.15,0.035
58911,98419,7.89,1.002
58913,98557,7.54,1.662
58915,98602,7.74,0.998
58917,98872,6.24,0.1
58919,98962,5.4,1.191
58921,99069,7.65,0.009
58923,99257,6.74,0.034
58925,99381,7.59,1.659
58927,99500,5.7,0.53
58929,100007,7.78,1.206
58931,100221,5.71,-0.043
58933,100705,7.95,0.262
58935,80638,7.22,-0.026
58937,80686,4.9,0.555
58939,81817,7.4,-0.004
58941,82658,7.23,-0.103
58943,84158,6.21,1.062
58945,84265,7.87,1.673
58947,84827,6.53,0.598
58949,84979,5.39,-0.042
58951,85013,7.17,1.022
58953,85540,7.22,1.054
58955,86381,7.44,0.244
58957,87175,7.68,-0.04
58959,87217,7.49,0.127
58961,87898,7.18,1.263
58963,88888,8.0,1.086
58965,89002,7.57,0.43
58967,89382,6.7,-0.025
58969,91107,7.72,1.191
58971,91425,7.49,1.594
58973,91454,7.13,1.25
58975,91744,7.25,-0.024
58977,91792,4.01,1.134
58979,91813,7.73,1.584
58981,92887,7.87,0.975
58983,93238,6.49,0.305
58985,95390,7.8,0.546
58987,95946,7.93,1.694
58989,96334,7.89,0.648
58991,72103,6.97,2.01
58993,72264,7.52,0.649
58995,72556,7.4,-0.018
58997,72989,7.45,1.74
58999,72995,6.97,0.017
59001,73091,7.71,0.409
59003,73118,6.39,-0.055
59005,73129,5.08,-0.023
59007,73950,7.83,1.612
59009,74044,6.49,0.432
59011,74110,6.82,-0.079
59013,74147,6.97,-0.009
59015,74195,7.98,1.855
59017,74273,6.29,0.623
59019,74470,6.27,1.901
59021,74552,6.36,-0.041
59023,73520,7.38,0.229
59025,73776,5.16,0.935
59027,73785,7.2,0.219
59029,74181,6.25,0.059
59031,74398,7.7,0.129
59033,74415,6.86,1.41
59035,74601,7.72,1.066
59037,74729,7.55,0.015
59039,74837,4.85,1.26
59041,74898,7.99,0.452
59043,75611,7.74,0.044
59045,75665,5.71,1.646
59047,75689,7.44,1.052
59049,75961,7.81,0.808
59051,75998,8.0,-0.014
59053,76513,7.65,0.101
59055,76770,7.98,0.052
59057,76805,7.49,-0.037
59059,77142,7.72,0.192
59061,75658,6.92,-0.024
59063,75815,6.86,1.628
59065,76000,7.25,-0.046
59067,76396,7.18,0.1
59069,76407,6.51,0.334
59071,76422,6.83,1.484
59073,76440,4.11,1.161
59075,76843,6.98,0.351
59077,76894,6.53,1.524
59079,76934,7.8,0.992
59081,77173,6.87,1.343
59083,77390,5.54,0.231
59085,77675,7.75,0.453
59087,77755,7.0,0.237
59089,77785,6.54,0.186
59091,77800,7.8,0.004
59093,77921,7.55,0.621
59095,78173,7.79,-0.038
59097,78279,5.74,-0.066
59099,78346,6.89,1.767
59101,78491,7.36,1.444
59103,78654,7.67,0.171
59105,78772,7.67,-0.064
59107,78848,7.71,-0.113
59109,79549,7.83,1.072
59111,79795,7.87,0.054
59113,79797,5.95,0.159
59115,80071,7.2,-0.048
59117,80127,7.9,1.136
59119,80244,6.75,-0.073
59121,80606,6.68,-0.019
59123,81320,7.12,0.092
59125,81338,7.42,1.079
59127,81493,7.23,-0.048
59129,81779,7.99,1.587
59131,81873,6.02,0.037
59133,81710,5.89,-0.078
59135,82078,6.88,0.181
59137,82129,5.1,-0.08
59139,82147,6.53,0.182
59141,82273,1.91,1.447
59143,82280,6.9,1.56
59145,82394,7.99,0.156
59147,82539,6.33,1.289
59149,82649,7.57,1.664
59151,82804,7.25,-0.059
59153,82923,7.57,0.997
59155,83030,7.78,1.576
59157,83066,8.0,0.034
59159,83150,5.79,-0.103
59161,83327,7.89,1.159
59163,83446,7.98,0.031
59165,83556,6.47,1.57
59167,83925,6.59,-0.05
59169,84867,7.92,1.216
59171,84969,4.76,1.194
59173,86334,7.72,1.503
59175,86641,7.7,0.164
59177,86930,7.32,0.424
59179,87131,7.93,1.212
59181,87667,7.51,0.937
59183,89674,6.32,-0.026
59185,90374,7.85,0.934
59187,90429,8.0,0.003
59189,90815,8.0,-0.093
59191,91221,7.92,0.398
59193,91760,7.85,0.997
59195,93574,5.89,0.553
59197,93953,7.13,0.118
59199,94150,5.31,0.901
59201,94154,7.53,0.6
59203,94515,7.19,0.125
59205,94724,6.25,0.193
59207,94767,6.9,0.961
59209,94789,5.52,0.17
59211,95315,7.85,0.559
59213,95369,6.33,1.238
59215,95383,7.82,0.004
59217,95391,7.53,1.047
59219,95718,6.72,0.51
59221,95857,7.7,0.927
59223,95999,5.98,1.638
59225,96026,7.7,1.267
59227,96226,7.94,0.725
59229,96610,6.79,0.062
59231,96686,6.95,1.326
59233,96708,6.95,0.95
59235,96734,6.37,0.037
59237,96882,6.08,1.556
59239,97064,7.69,0.385
59241,97099,7.55,0.641
59243,97540,7.39,1.491
59245,97569,6.44,1.482
59247,97580,7.26,1.214
59249,98346,6.38,0.164
59251,97674,6.04,0.317
59253,98478,5.75,1.033
59255,98533,6.83,0.412
59257,98624,5.32,1.218
59259,98959,6.07,0.648
59261,99200,6.45,1.587
59263,99240,3.55,0.751
59265,99358,7.81,1.711
59267,99371,7.01,0.158
59269,99521,7.95,0.65
59271,99762,6.09,0.308
59273,99772,6.92,0.158
59275,99831,7.43,0.944
59277,99994,6.72,0.23
59279,100379,6.49,0.505
59281,100396,6.91,0.558
59283,100597,7.99,0.613
59285,100091,7.56,0.188
59287,100165,6.27,1.045
59289,101182,7.12,0.471
59291,101304,7.47,0.518
59293,101543,7.34,0.103
59295,101669,7.96,1.22
59297,101684,6.34,0.413
59299,101725,6.69,-0.068
59301,101747,7.85,0.513
59303,101773,4.86,0.447
59305,101931,7.17,-0.037
59307,101965,6.22,1.099
59309,102039,7.78,0.87
59311,102443,7.61,0.103
59313,102540,6.7,1.075
59315,103046,7.95,0.44
59317,103105,7.26,0.222
59319,102962,5.67,0.203
59321,103184,7.24,1.135
59323,103621,6.88,1.433
59325,69491,6.09,0.051
59327,69825,6.62,0.201
59329,69978,7.3,0.071
59331,70058,7.07,0.944
59333,70069,4.3,0.082
59335,70277,7.21,0.092
59337,70290,7.84,1.833
59339,70508,6.84,0.934
59341,70543,7.89,1.626
59343,70796,7.79,0.239
59345,70824,6.9,0.514
59347,70904,6.97,0.233
59349,71112,7.38,0.291
59351,71184,5.86,0.482
59353,71202,7.83,1.739
59355,70648,7.86,0.488
59357,71116,6.71,0.694
59359,71163,7.74,1.408
59361,71194,7.75,-0.023
59363,71282,7.84,0.634
59365,71326,7.05,1.862
59367,71333,6.39,1.256
59369,71629,6.53,0.512
59371,71735,7.39,0.672
59373,71746,6.3,1.173
59375,71861,6.21,0.454
59377,71877,7.68,0.156
59379,71937,7.76,0.456
59381,71942,7.36,0.093
59383,71968,7.11,1.423
59385,72097,6.1,1.013
59387,72118,7.57,1.04
59389,72121,6.1,-0.066
59391,72133,7.52,1.389
59393,72397,7.86,1.502
59395,72402,7.9,0.126
59397,72455,7.13,0.521
59399,72471,6.21,1.107
59401,72482,6.59,1.495
59403,72492,7.76,0.617
59405,72544,7.77,0.117
59407,72569,6.85,1.108
59409,72842,7.64,1.544
59411,71681,1.35,0.9
59413,71683,-0.01,0.71
59415,72655,7.26,1.843
59417,72673,7.16,0.452
59419,72713,7.89,0.094
59421,73036,5.18,1.161
59423,73067,6.69,0.968
59425,73420,7.61,1.801
59427,73458,7.32,0.496
59429,74429,7.62,1.127
59431,74438,7.55,0.475
59433,74681,7.88,1.51
59435,74750,5.74,-0.057
59437,74778,5.04,-0.077
59439,103135,7.54,0.004
59441,103361,7.96,0.646
59443,103438,7.95,0.658
59445,103607,7.9,1.011
59447,104030,7.35,0.193
59449,104269,6.77,0.642
59451,104705,7.58,0.331
59453,104150,8.0,1.138
59455,104431,7.47,0.364
59457,104525,6.96,0.21
59459,104620,6.93,1.112
59461,104832,7.99,0.9
59463,104857,7.56,1.293
59465,104901,7.75,0.918
59467,104929,6.93,0.954
59469,104965,6.54,0.308
59471,105378,7.8,0.283
59473,105527,7.57,1.19
59475,105547,7.45,0.456
59477,105567,7.63,0.389
59479,105719,7.18,0.238
59481,105976,7.86,0.356
59483,105629,7.47,0.546
59485,105841,6.1,0.366
59487,107030,6.33,1.06
59489,107289,7.1,1.616
59491,107303,7.68,1.461
59493,107323,6.88,1.607
59495,67893,7.17,0.188
59497,68131,7.99,0.789
59499,68207,7.0,1.057
59501,68333,5.92,0.957
59503,68375,7.58,1.199
59505,68677,7.38,-0.085
59507,68781,7.64,0.125
59509,69011,6.43,0.001
59511,69012,6.45,0.66
59513,69018,7.74,0.679
59515,69174,5.96,-0.053
59517,69191,4.74,0.938
59519,69299,6.61,0.917
59521,69336,7.84,0.986
59523,69545,7.11,0.983
59525,70325,6.03,1.36
59527,69462,5.53,1.438
59529,69539,7.23,3.028
59531,69655,6.4,1.576
59533,69730,7.82,1.659
59535,69916,7.57,1.079
59537,70103,7.33,0.437
59539,70363,5.99,1.099
59541,70530,7.97,0.037
59543,70695,7.85,0.682
59545,106065,6.39,1.14
59547,106150,7.73,0.167
59549,106419,6.43,1.481
59551,106496,7.97,1.075
59553,106566,6.72,0.885
59555,107281,7.94,0.506
59557,106696,7.14,0.879
59559,106954,7.7,0.319
59561,106965,7.85,0.28
59563,106978,6.2,0.584
59565,107160,7.62,0.727
59567,107409,6.46,1.148
59569,107620,7.59,0.66
59571,107697,7.51,0.244
59573,107973,7.9,0.41
59575,108268,6.5,0.925
59577,108300,7.09,1.098
59579,108361,7.63,0.64
59581,67024,7.09,-0.007
59583,68351,7.94,0.925
59585,67663,5.77,-0.153
59587,67700,6.94,0.777
59589,67861,5.83,-0.053
59591,67928,7.17,0.363
59593,67975,7.43,0.099
59595,68002,2.55,-0.176
59597,68079,5.82,1.14
59599,68124,6.95,-0.126
59601,68265,7.14,0.481
59603,68282,3.87,-0.208
59605,68298,7.42,1.692
59607,68323,7.38,0.508
59609,68414,6.57,0.24
59611,68475,6.7,0.166
59613,68523,4.34,0.598
59615,68717,7.75,0.2
59617,68867,7.24,0.023
59619,68958,6.99,0.049
59621,69006,7.98,0.0
59623,69209,7.64,0.087
59625,69256,7.54,0.594
59627,69287,7.6,0.375
59629,69542,7.76,1.237
59631,107485,7.66,1.494
59633,107649,5.57,0.601
59635,107669,6.79,0.341
59637,107757,6.98,1.215
59639,107775,6.54,1.007
59641,108248,7.56,1.1
59643,108258,6.55,0.481
59645,108329,7.46,0.386
59647,108484,6.54,0.897
59649,108486,7.71,0.146
59651,108547,7.6,1.24
59653,108899,7.5,1.373
59655,108994,7.7,1.45
59657,109268,1.73,-0.07
59659,109106,7.83,0.352
59661,109108,6.94,1.018
59663,109550,6.62,0.993
59665,109565,7.9,0.493
59667,109896,7.01,1.036
59669,109902,6.1,0.988
59671,109982,7.91,1.419
59673,66495,7.45,0.634
59675,66645,6.29,1.597
59677,66656,5.61,1.301
59679,66755,7.74,1.345
59681,67135,7.76,0.455
59683,66850,7.14,-0.056
59685,66908,7.28,0.18
59687,66924,5.96,1.019
59689,66962,7.9,1.089
59691,66984,5.96,-0.075
59693,66997,6.91,0.352
59695,67009,7.88,0.584
59697,67347,7.99,0.024
59699,67438,6.95,0.383
59701,67464,3.41,-0.225
59703,67472,3.47,-0.17
59705,67537,6.43,0.992
59707,67751,7.18,1.158
59709,67809,7.61,-0.109
59711,67817,7.85,0.353
59713,68019,6.64,1.551
59715,68047,7.19,0.393
59717,68245,3.83,-0.224
59719,68441,7.32,1.612
59721,108556,7.71,1.506
59723,108639,7.25,0.688
59725,109022,8.0,1.543
59727,109111,4.47,1.349
59729,109177,7.97,0.948
59731,109300,7.03,1.194
59733,109381,7.83,0.66
59735,109508,7.98,0.646
59737,109510,7.83,1.068
59739,109631,6.59,0.955
59741,109821,6.23,0.648
59743,109908,4.79,0.79
59745,109932,7.51,1.42
59747,109973,5.11,0.93
59749,110202,7.83,1.573
59751,110264,7.84,1.086
59753,110624,6.85,0.143
59755,66211,7.55,1.067
59757,66405,6.48,1.026
59759,66088,7.07,1.258
59761,66419,7.64,0.045
59763,66463,7.25,0.105
59765,66478,7.96,1.057
59767,66486,7.19,0.689
59769,66629,7.49,0.065
59771,66714,7.34,0.777
59773,66765,6.92,0.855
59775,66942,7.85,0.031
59777,67130,7.56,1.234
59779,67244,5.15,-0.007
59781,67353,7.76,1.553
59783,67389,6.73,0.434
59785,67408,6.56,0.561
59787,67575,7.94,0.466
59789,67629,7.59,1.077
59791,109318,7.94,1.236
59793,109470,7.08,0.451
59795,109595,6.9,0.387
59797,109755,7.68,0.341
59799,110031,6.83,1.241
59801,110325,6.92,1.16
59803,110419,7.43,0.437
59805,110433,7.45,0.336
59807,65972,7.43,0.392
59809,65990,7.47,1.097
59811,66046,7.71,1.492
59813,66254,6.46,1.25
59815,66292,6.77,0.368
59817,66394,7.61,0.417
59819,66577,7.0,-0.042
59821,66825,6.58,1.584
59823,67153,4.23,0.39
59825,66874,6.66,0.424
59827,110022,7.93,1.047
59829,110262,7.98,0.506
59831,110628,7.88,0.544
59833,110853,7.68,0.81
59835,110945,7.72,0.354
59837,110996,7.65,1.08
59839,111023,7.54,1.175
59841,111188,4.29,0.011
59843,65682,6.49,1.608
59845,65737,7.2,0.583
59847,65918,7.87,1.236
59849,65969,6.48,0.09
59851,65998,7.53,0.433
59853,66094,7.05,0.307
59855,66398,6.72,0.24
59857,66400,5.73,0.22
59859,66060,6.45,0.438
59861,66065,5.69,0.037
59863,66428,7.91,0.485
59865,66445,7.78,1.165
59867,66539,7.15,0.397
59869,66563,5.81,0.431
59871,66761,7.87,0.997
59873,110198,6.85,1.545
59875,110743,7.92,0.408
59877,110745,7.35,1.371
59879,111015,7.19,1.155
59881,111350,7.5,0.363
59883,110577,8.0,0.408
59885,110641,7.04,1.519
59887,110861,7.2,0.222
59889,110908,7.98,1.262
59891,111045,5.95,0.362
59893,111138,6.43,1.083
59895,65124,7.11,1.574
59897,65149,7.25,0.915
59899,65151,6.89,1.653
59901,65175,7.14,0.469
59903,65257,7.1,0.434
59905,65312,7.81,0.531
59907,65324,7.75,1.406
59909,65400,7.54,1.296
59911,65700,7.43,1.24
59913,65726,7.33,0.461
59915,65835,6.4,1.317
59917,65896,7.89,0.008
59919,65942,7.43,0.245
59921,66313,7.34,1.65
59923,110512,7.87,0.61
59925,110529,5.53,0.979
59927,110616,7.51,-0.114
59929,110746,6.29,-0.021
59931,110958,7.36,0.408
59933,111054,7.93,0.491
59935,111133,7.89,1.117
59937,111515,5.97,0.984
59939,111749,7.82,0.318
59941,111767,7.88,1.422
59943,64924,4.74,0.709
59945,64981,7.61,0.106
59947,65101,7.59,0.423
59949,65183,6.21,0.098
59951,65203,7.03,0.302
59953,65813,6.88,1.403
59955,65286,8.0,0.953
59957,65381,6.44,1.101
59959,65866,7.54,1.106
59961,65929,7.16,0.912
59963,66015,6.01,0.196
59965,66114,7.13,0.996
59967,110707,6.73,0.664
59969,111449,5.21,0.446
59971,111551,7.54,1.437
59973,111622,7.43,0.114
59975,111603,7.89,1.125
59977,111684,7.57,0.21
59979,111903,7.28,0.488
59981,64843,6.68,1.051
59983,64944,7.46,0.611
59985,65301,5.36,0.987
59987,65319,7.85,0.521
59989,65463,7.73,0.285
59991,65532,6.56,1.16
59993,65614,7.2,1.062
59995,65639,4.76,1.096
59997,111086,6.36,-0.047
59999,111100,7.24,1.107
60001,111141,7.75,1.282
60003,111312,7.57,0.827
60005,111522,7.59,1.423
60007,111539,6.39,1.42
60009,111563,6.84,-0.145
60011,111892,7.8,0.578
60013,111953,7.58,1.097
60015,112260,7.59,1.316
60017,112267,7.09,1.572
60019,64638,7.02,0.683
60021,64718,7.28,1.253
60023,64808,7.78,1.064
60025,64828,6.61,0.264
60027,64953,7.57,0.077
60029,64971,7.34,0.4
60031,65014,7.96,1.471
60033,65023,7.27,0.1
60035,65074,6.73,1.0
60037,65191,7.75,1.352
60039,65235,6.84,1.507
60041,65239,6.88,1.61
60043,65283,7.77,0.15
60045,65474,0.98,-0.235
60047,65581,5.27,1.477
60049,65623,7.76,1.057
60051,111066,6.41,0.356
60053,111200,6.39,0.29
60055,111234,7.74,0.565
60057,111651,7.52,1.469
60059,111652,7.25,1.278
60061,111790,7.49,0.296
60063,111870,7.74,0.764
60065,111930,7.94,1.585
60067,112021,6.78,1.367
60069,112111,7.44,-0.042
60071,64625,6.95,1.542
60073,64834,6.89,0.338
60075,64865,7.25,0.516
60077,65163,7.2,0.872
60079,111123,4.82,-0.053
60081,111398,6.54,1.195
60083,111577,7.03,0.409
60085,111647,7.48,0.294
60087,111761,6.23,0.783
60089,111843,6.93,0.619
60091,111863,7.73,1.278
60093,111910,6.89,0.513
60095,112161,7.04,0.979
60097,112168,6.45,0.166
60099,112178,7.66,0.954
60101,112346,7.43,0.2
60103,64732,7.66,0.647
60105,64783,7.84,0.588
60107,64932,7.6,0.994
60109,65243,7.79,0.7
60111,65265,6.63,0.692
60113,65323,5.88,1.431
60115,65392,7.73,0.914
60117,65414,6.82,1.08
60119,65420,5.76,0.415
60121,65447,7.96,1.499
60123,65540,7.06,0.979
60125,65590,7.89,0.176
60127,111170,6.15,0.565
60129,111274,6.94,0.668
60131,111381,7.93,0.973
60133,111668,7.62,1.456
60135,111710,5.04,1.14
60137,111915,7.17,0.719
60139,112179,6.4,-0.039
60141,112078,6.28,1.569
60143,64498,7.56,0.539
60145,64512,7.34,1.48
60147,64569,7.06,1.293
60149,64769,6.69,0.314
60151,64838,6.36,0.26
60153,65238,7.96,1.079
60155,65545,5.97,0.183
60157,111394,5.88,0.977
60159,111446,7.6,0.377
60161,111474,7.86,0.566
60163,111497,4.04,-0.083
60165,111583,7.77,0.156
60167,111965,6.32,0.52
60169,112079,7.18,0.042
60171,112319,7.59,0.534
60173,64556,6.55,1.383
60175,64693,7.28,1.122
60177,64799,7.44,0.374
60179,64930,7.51,0.943
60181,64984,7.69,0.671
60183,65067,6.96,1.148
60185,65119,6.26,0.102
60187,65192,7.79,1.544
60189,65198,5.69,0.045
60191,65225,7.59,1.487
60193,65352,7.06,0.78
60195,65355,7.35,0.869
60197,65405,7.24,0.241
60199,65483,7.26,1.035
60201,111254,7.07,1.499
60203,111271,7.8,0.397
60205,111287,7.37,1.109
60207,111295,7.3,1.36
60209,111374,7.86,0.422
60211,111441,6.72,1.534
60213,111613,7.96,0.358
60215,112125,7.19,0.376
60217,112131,6.97,0.313
60219,112151,7.73,0.865
60221,112153,6.93,0.248
60223,112350,7.45,0.924
60225,64645,7.3,1.369
60227,64768,7.07,1.588
60229,64800,7.7,1.2
60231,64852,4.78,1.638
60233,64917,7.86,1.494
60235,64954,6.62,0.056
60237,64983,6.91,1.114
60239,65106,7.03,0.187
60241,65241,5.89,0.109
60243,65442,7.66,1.467
60245,65555,7.33,1.075
60247,111433,7.55,0.024
60249,111593,7.13,1.177
60251,111807,6.82,0.2
60253,111938,6.81,1.05
60255,112099,7.37,0.219
60257,112138,6.78,1.583
60259,112229,7.41,0.515
60261,112240,7.66,0.453
60263,112347,7.56,1.103
60265,112376,7.89,-0.042
60267,112444,7.83,0.256
60269,64711,6.75,1.163
60271,64792,5.19,0.585
60273,65044,7.08,1.13
60275,65105,7.59,1.211
60277,65696,7.76,0.434
60279,65697,7.6,1.17
60281,111097,7.6,1.165
60283,111140,7.55,1.097
60285,111205,7.86,0.43
60287,111518,7.58,1.236
60289,111634,7.64,0.432
60291,111758,7.89,0.368
60293,111759,7.92,1.039
60295,111770,7.47,1.426
60297,112087,7.7,0.923
60299,112433,6.91,0.458
60301,64607,5.64,1.514
60303,64823,5.33,1.304
60305,64858,7.21,0.953
60307,65172,7.28,1.49
60309,65417,6.44,1.062
60311,65599,7.99,-0.032
60313,65721,4.97,0.714
60315,65790,5.65,1.052
60317,111282,6.56,0.344
60319,111422,7.62,1.131
60321,111601,6.42,0.027
60323,111615,7.06,1.57
60325,111649,6.3,1.431
60327,112029,3.41,-0.086
60329,112050,7.89,1.673
60331,112082,7.54,0.448
60333,112121,7.88,0.531
60335,112222,6.51,0.502
60337,112275,7.36,1.125
60339,112332,7.56,0.344
60341,64775,7.7,0.734
60343,64797,6.49,0.926
60345,64845,7.48,1.0
60347,65061,7.25,1.08
60349,65069,7.17,0.569
60351,65085,7.3,0.416
60353,65197,7.2,1.38
60355,65205,7.82,0.403
60357,65300,7.57,1.254
60359,65334,7.47,1.16
60361,65350,7.9,0.475
60363,65509,6.83,1.242
60365,65725,7.37,0.54
60367,65836,7.43,0.447
60369,110909,7.45,0.887
60371,111233,7.75,1.528
60373,111296,6.35,1.19
60375,111324,7.78,0.568
60377,111410,7.56,1.015
60379,111435,7.64,1.03
60381,111480,7.48,1.218
60383,111658,7.51,0.473
60385,111723,7.86,0.576
60387,111823,7.76,0.558
60389,111974,5.72,0.723
60391,111995,7.66,1.07
60393,112067,5.92,1.114
60395,112187,7.92,0.326
60397,64849,7.93,1.44
60399,65255,7.29,1.382
60401,65304,7.9,0.188
60403,65363,7.86,0.576
60405,65867,7.23,1.022
60407,65984,7.87,1.12
60409,110791,7.85,1.169
60411,110983,7.77,0.379
60413,111263,7.1,1.505
60415,111278,6.43,0.35
60417,111774,7.65,1.279
60419,111535,7.07,0.946
60421,111541,6.61,1.11
60423,111810,5.84,0.922
60425,111884,6.33,0.035
60427,111943,7.37,0.415
60429,65117,7.88,1.009
60431,65224,7.08,0.243
60433,65366,7.39,1.024
60435,65466,5.75,0.09
60437,65921,7.61,0.43
60439,66086,6.11,0.969
60441,66290,6.91,0.466
60443,66417,5.72,1.593
60445,110687,7.65,0.208
60447,110733,7.05,0.06
60449,110789,7.97,0.211
60451,110910,7.55,1.304
60453,110913,6.78,-0.033
60455,111082,7.99,0.364
60457,111159,7.63,1.543
60459,111462,7.84,0.938
60461,111659,7.15,0.331
60463,111694,7.02,0.181
60465,111893,7.48,1.036
60467,65217,7.6,0.99
60469,65268,7.64,0.485
60471,65933,7.38,0.31
60473,65994,7.65,1.55
60475,110184,7.17,0.556
60477,110346,6.46,1.526
60479,110371,4.78,-0.01
60481,110740,7.12,1.037
60483,110975,7.88,1.055
60485,110985,7.16,1.158
60487,111024,7.95,0.192
60489,111191,6.33,0.209
60491,111455,7.15,1.293
60493,110658,7.39,0.226
60495,110907,6.48,0.986
60497,110946,7.98,0.611
60499,110992,5.79,1.252
60501,111002,7.72,0.303
60503,111098,7.78,0.546
60505,111443,6.88,1.478
60507,111586,7.41,0.34
60509,111608,7.17,1.01
60511,111713,7.65,1.205
60513,65533,7.94,0.432
60515,65709,6.94,1.386
60517,66083,7.5,1.06
60519,66128,6.68,1.186
60521,66175,7.81,0.693
60523,66467,7.22,1.357
60525,66690,6.21,0.963
60527,66712,7.73,0.564
60529,66909,7.86,1.21
60531,67183,7.87,0.401
60533,109677,7.39,0.559
60535,109961,7.38,0.539
60537,109979,7.52,1.33
60539,110011,7.72,0.975
60541,110191,7.11,0.983
60543,110353,7.51,0.993
60545,110462,7.51,0.7
60547,110486,7.6,0.498
60549,110569,6.96,1.523
60551,110657,7.06,0.196
60553,110809,7.39,1.363
60555,110840,7.56,0.385
60557,110873,6.0,1.442
60559,111033,7.49,1.54
60561,111068,5.64,-0.031
60563,111074,7.69,1.194
60565,111075,6.59,0.063
60567,111352,7.97,0.659
60569,65853,7.69,0.238
60571,65898,7.85,0.509
60573,66089,6.78,0.236
60575,66042,6.82,0.76
60577,66051,7.96,0.59
60579,66257,4.91,0.404
60581,66303,7.94,1.103
60583,66314,7.9,0.998
60585,66458,4.82,0.239
60587,66907,5.98,0.857
60589,66979,7.95,0.98
60591,67138,7.47,0.96
60593,67177,7.59,0.558
60595,67210,5.92,0.948
60597,67250,5.51,1.036
60599,67300,6.99,1.116
60601,67483,6.43,0.256
60603,109184,7.58,1.016
60605,109527,7.23,0.812
60607,109569,7.22,1.673
60609,109587,8.0,0.548
60611,109654,5.34,1.134
60613,109797,7.65,0.086
60615,109834,7.78,1.361
60617,109937,4.14,1.447
60619,109983,7.86,0.306
60621,110171,6.19,0.27
60623,110194,7.05,1.14
60625,110300,6.9,1.272
60627,110305,7.48,0.358
60629,110487,6.45,1.052
60631,110566,6.18,0.485
60633,110603,7.3,1.57
60635,110790,6.46,-0.132
60637,66514,7.77,0.698
60639,66892,6.3,0.879
60641,67178,7.56,0.98
60643,67194,5.88,0.211
60645,67338,6.59,1.094
60647,67375,7.76,1.547
60649,67392,7.08,1.096
60651,67529,7.0,0.373
60653,67581,7.65,0.16
60655,67662,7.4,1.404
60657,67778,6.48,1.55
60659,67800,6.86,0.053
60661,68037,7.38,1.241
60663,68369,7.8,0.916
60665,108400,7.89,0.53
60667,108440,7.79,0.119
60669,108450,7.43,-0.05
60671,108614,7.56,0.117
60673,108745,6.99,1.213
60675,108819,7.22,-0.046
60677,108861,7.41,1.186
60679,109014,7.67,0.385
60681,109031,7.73,1.647
60683,109071,7.69,-0.026
60685,109238,7.89,0.006
60687,109296,7.97,0.043
60689,109397,7.14,1.463
60691,109481,7.82,0.25
60693,109511,6.76,1.109
60695,109543,7.26,1.597
60697,109831,5.72,0.014
60699,110155,7.88,1.475
60701,110352,7.97,1.016
60703,109754,4.5,1.385
60705,109881,7.59,0.588
60707,109928,7.68,1.12
60709,110076,7.4,1.22
60711,110412,6.54,1.3
60713,67857,7.53,0.44
60715,68134,7.65,0.612
60717,68290,6.98,1.659
60719,68356,7.85,1.198
60721,68560,7.68,0.9
60723,68567,6.28,1.353
60725,68811,7.7,0.355
60727,69040,6.8,0.372
60729,107923,6.88,1.61
60731,108147,7.47,0.352
60733,108150,7.45,0.301
60735,108164,7.89,0.047
60737,108197,7.66,-0.001
60739,108198,7.49,1.066
60741,108224,7.72,-0.038
60743,108353,6.78,1.149
60745,108424,7.56,-0.04
60747,108465,7.74,1.49
60749,108645,7.38,1.366
60751,108774,7.96,0.693
60753,108845,5.57,-0.029
60755,108922,7.78,0.069
60757,109002,6.92,1.052
60759,109033,6.16,1.611
60761,109079,6.5,-0.025
60763,109082,6.26,-0.088
60765,109102,5.09,1.568
60767,109121,6.19,0.078
60769,109303,6.11,0.763
60771,109304,6.86,-0.033
60773,109372,7.93,0.524
60775,109463,7.9,1.587
60777,108675,7.65,0.312
60779,108933,6.56,0.078
60781,109092,7.76,1.44
60783,109247,7.39,1.526
60785,109342,6.74,-0.03
60787,109354,6.73,-0.036
60789,109522,7.38,1.179
60791,109660,7.99,0.624
60793,109745,5.53,0.021
60795,109862,6.82,1.084
60797,109893,7.62,0.046
60799,109919,7.48,0.06
60801,68087,7.33,0.99
60803,68288,7.94,1.418
60805,68637,6.16,0.026
60807,68766,7.81,1.267
60809,68893,7.45,1.398
60811,68932,7.13,0.999
60813,69068,5.26,1.637
60815,69199,7.88,0.96
60817,69432,7.81,0.12
60819,69481,6.62,0.394
60821,69483,4.53,0.233
60823,69650,6.56,0.096
60825,69663,7.62,0.461
60827,69674,7.93,1.125
60829,69709,7.78,0.615
60831,69713,4.75,0.236
60833,69818,6.19,0.07
60835,69856,7.0,1.054
60837,69917,6.91,0.157
60839,70075,7.95,0.553
60841,70222,7.82,0.396
60843,70489,7.91,1.363
60845,69772,7.85,0.291
60847,69928,7.83,1.517
60849,70221,7.55,-0.125
60851,70497,4.04,0.497
60853,70499,7.11,0.526
60855,70674,7.97,0.587
60857,71181,7.24,0.997
60859,71573,5.83,0.007
60861,105559,7.88,0.024
60863,105891,6.01,-0.109
60865,105990,7.18,-0.002
60867,106132,7.25,0.117
60869,106171,6.02,0.08
60871,106256,6.69,0.962
60873,106267,6.17,0.9
60875,106416,7.77,1.01
60877,106462,7.56,0.14
60879,106518,6.17,-0.015
60881,106726,7.82,-0.009
60883,106771,6.16,0.991
60885,106863,7.1,0.295
60887,106926,7.53,0.027
60889,106980,7.59,0.078
60891,107189,7.96,0.08
60893,107211,7.89,1.046
60895,106651,7.16,0.02
60897,106658,7.27,-0.086
60899,106735,7.22,1.837
60901,106848,7.03,0.822
60903,106973,6.74,1.324
60905,107000,7.16,-0.064
60907,107110,7.75,1.113
60909,107136,4.69,-0.119
60911,107138,7.04,0.95
60913,107159,7.24,-0.05
60915,107186,6.1,0.993
60917,107198,7.57,1.074
60919,107244,7.56,1.419
60921,107321,7.54,-0.09
60923,107398,6.4,1.901
60925,107469,7.03,-0.059
60927,107521,7.59,0.289
60929,107533,4.23,-0.12
60931,107623,7.86,0.1
60933,107643,7.62,0.002
60935,107704,7.03,1.165
60937,107718,7.74,0.062
60939,107777,6.58,0.34
60941,107804,7.76,1.53
60943,107814,7.92,0.35
60945,107822,7.81,0.777
60947,108230,7.76,0.422
60949,108374,7.29,1.433
60951,108348,6.51,-0.074
60953,108577,7.62,0.066
60955,108627,7.73,1.432
60957,108891,7.57,-0.06
60959,108914,7.32,1.129
60961,69322,7.88,0.652
60963,69535,7.63,0.502
60965,69748,6.9,1.153
60967,69793,7.0,0.745
60969,69859,6.88,0.034
60971,69958,6.47,0.183
60973,70630,7.53,-0.048
60975,71111,5.74,1.529
60977,71222,7.62,0.237
60979,71463,7.43,1.084
60981,71602,7.44,0.453
60983,70709,7.78,0.182
60985,71251,6.46,0.526
60987,71265,7.69,1.375
60989,71718,7.88,0.511
60991,71782,7.03,0.844
60993,72073,7.57,1.11
60995,72238,6.61,1.137
60997,72293,7.32,0.265
60999,72613,7.78,1.352
61001,73175,7.23,0.488
61003,72064,7.95,1.0
61005,72664,5.48,1.369
61007,72912,7.25,1.128
61009,73507,5.91,0.107
61011,73661,6.69,1.363
61013,73730,7.4,0.17
61015,73915,7.67,0.455
61017,74134,7.94,1.262
61019,102216,6.17,0.034
61021,102566,7.94,1.645
61023,103130,6.96,0.395
61025,103292,7.61,1.856
61027,103421,7.94,-0.003
61029,103461,7.9,0.121
61031,103598,5.54,1.411
61033,104034,7.29,0.456
61035,104176,7.55,0.079
61037,104223,7.71,0.11
61039,104642,5.64,0.11
61041,104719,6.91,2.306
61043,105370,6.11,1.005
61045,103790,7.19,-0.068
61047,104605,7.9,0.144
61049,104812,7.11,0.161
61051,104871,6.87,1.688
61053,105080,6.0,1.447
61055,105081,7.91,0.136
61057,105091,6.42,0.194
61059,105108,7.53,-0.01
61061,105259,5.51,1.114
61063,105275,6.99,1.32
61065,105279,7.89,0.027
61067,105303,7.19,1.468
61069,105308,7.94,1.068
61071,105342,7.37,1.6
61073,105357,6.73,0.504
61075,105415,7.6,0.076
61077,105642,7.7,1.081
61079,105798,7.65,0.107
61081,105836,7.83,1.412
61083,106059,7.94,0.806
61085,106285,7.41,0.551
61087,106457,7.88,0.249
61089,105630,7.86,0.168
61091,105699,7.5,0.493
61093,106052,6.14,0.1
61095,106198,7.74,1.304
61097,106843,7.43,0.074
61099,107041,6.16,1.116
61101,107049,7.92,1.025
61103,107215,6.96,1.292
61105,107650,7.86,0.252
61107,72029,6.87,0.409
61109,73283,7.22,0.081
61111,74037,6.82,0.413
61113,74107,7.04,1.021
61115,74372,7.91,0.042
61117,74808,6.81,0.952
61119,74913,7.82,0.137
61121,74976,7.39,0.587
61123,75030,6.62,1.231
61125,75256,5.99,-0.033
61127,75260,5.72,1.315
61129,75292,7.33,1.1
61131,75678,6.53,0.134
61133,75764,6.9,0.126
61135,75822,6.32,1.369
61137,75974,5.74,0.976
61139,76196,7.32,0.6
61141,76305,7.45,0.128
61143,76593,7.05,1.097
61145,76709,7.57,1.506
61147,76947,7.8,1.572
61149,77564,7.21,0.037
61151,77824,6.73,0.926
61153,78325,7.52,1.354
61155,78402,7.02,0.439
61157,78452,7.06,0.111
61159,78893,5.44,-0.019
61161,79414,6.21,0.993
61163,79600,7.85,1.301
61165,79867,6.39,1.343
61167,80161,5.26,1.115
61169,80452,7.18,1.085
61171,80650,4.94,-0.051
61173,80682,6.45,1.517
61175,81104,7.13,1.396
61177,81433,7.61,0.284
61179,81813,7.56,0.769
61181,82158,7.05,1.514
61183,82182,7.49,0.034
61185,82214,7.6,1.106
61187,82336,7.9,1.007
61189,82518,7.41,0.111
61191,82799,7.69,1.118
61193,82841,6.78,-0.026
61195,83088,7.91,0.944
61197,83114,6.41,0.725
61199,83128,7.51,0.333
61201,84714,7.96,0.554
61203,85330,7.57,0.241
61205,85678,7.86,1.556
61207,85742,7.26,0.958
61209,85805,5.07,1.077
61211,85988,7.98,1.054
61213,86167,7.29,1.597
61215,86184,6.33,0.596
61217,86201,4.77,0.43
61219,86481,7.01,0.442
61221,86775,7.82,0.554
61223,87209,7.7,0.116
61225,87237,6.92,0.261
61227,87730,6.86,0.898
61229,89448,5.96,1.055
61231,89594,6.79,-0.071
61233,90882,6.66,1.396
61235,90902,7.58,0.532
61237,91263,7.5,0.029
61239,91812,7.99,0.542
61241,92057,7.82,-0.015
61243,92137,7.14,-0.03
61245,93007,7.62,0.676
61247,93187,6.52,-0.169
61249,93517,7.1,0.069
61251,94376,3.07,0.99
61253,94505,6.86,0.074
61255,94716,8.0,-0.17
61257,95320,6.96,1.693
61259,95776,7.46,0.947
61261,95945,7.35,1.153
61263,95988,7.64,0.951
61265,96662,6.78,0.865
61267,97122,5.9,0.072
61269,97262,7.73,0.279
61271,97326,6.34,0.309
61273,97812,7.7,0.223
61275,98324,7.63,0.197
61277,97689,7.77,0.966
61279,97988,6.91,1.158
61281,98006,7.16,1.006
61283,98357,7.57,0.249
61285,98583,5.22,1.598
61287,98647,7.95,0.982
61289,98658,6.27,0.927
61291,98702,4.51,1.313
61293,98890,6.32,1.649
61295,99090,6.97,0.07
61297,99125,7.69,0.23
61299,99506,7.71,0.04
61301,99586,7.68,1.161
61303,99731,7.26,0.844
61305,99863,7.76,0.535
61307,100017,5.91,0.602
61309,100101,7.66,1.697
61311,100380,7.59,1.45
61313,100763,7.74,0.951
61315,100933,6.56,0.147
61317,101175,7.78,1.452
61319,100357,5.69,1.561
61321,100372,6.94,1.715
61323,100553,7.91,1.113
61325,101093,4.21,0.199
61327,101273,7.71,0.207
61329,101325,6.57,1.097
61331,101481,7.04,0.062
61333,101578,7.78,0.852
61335,101659,7.86,-0.08
61337,101681,7.86,0.412
61339,101719,7.03,0.401
61341,101721,7.67,1.64
61343,102193,7.66,0.07
61345,102215,7.44,0.155
61347,102274,7.66,0.054
61349,102422,3.41,0.912
61351,102445,7.93,0.093
61353,102544,7.66,0.254
61355,102761,7.98,0.034
61357,102771,6.45,0.025
61359,102727,7.92,0.492
61361,103128,7.31,0.269
61363,103276,7.86,0.955
61365,103439,7.89,0.188
61367,103454,7.69,0.9
61369,103669,7.68,1.024
61371,104110,7.81,0.09
61373,104146,6.88,1.448
61375,81332,8.0,0.443
61377,81363,7.94,0.33
61379,81627,7.93,0.34
61381,81640,7.94,0.974
61383,82718,6.99,0.092
61385,83407,7.7,1.039
61387,83477,7.9,0.481
61389,84711,7.13,0.056
61391,84814,7.11,1.184
61393,84910,7.38,0.626
61395,85762,7.85,1.087
61397,85828,7.95,1.576
61399,88102,7.19,1.133
61401,89368,7.09,0.212
61403,89664,7.78,0.44
61405,89770,6.68,0.444
61407,89908,4.22,-0.093
61409,89911,7.78,0.521
61411,91177,7.71,0.841
61413,91765,7.85,0.073
61415,91811,6.28,1.234
61417,93237,7.89,0.92
61419,96100,4.67,0.786
61421,96350,7.03,1.372
61423,74582,5.75,3.271
61425,74653,6.86,0.74
61427,74701,6.71,0.457
61429,74759,7.77,0.383
61431,75130,7.77,1.41
61433,75959,6.39,-0.112
61435,76011,6.89,-0.125
61437,76386,7.8,1.488
61439,76736,6.45,0.077
61441,77017,7.68,0.036
61443,76811,7.59,-0.035
61445,77722,7.97,-0.033
61447,77918,7.95,-0.035
61449,78229,7.96,-0.078
61451,78434,6.58,1.404
61453,78868,5.7,1.169
61455,79036,7.01,0.273
61457,79143,7.23,0.714
61459,79222,7.89,0.864
61461,79802,7.08,0.081
61463,79830,7.95,-0.081
61465,79887,6.58,0.012
61467,80152,6.71,0.02
61469,80255,7.76,1.257
61471,80342,7.05,1.024
61473,80410,7.8,1.301
61475,80554,7.27,1.053
61477,80651,7.64,0.934
61479,80752,7.25,0.451
61481,81074,7.96,1.061
61483,81141,5.5,1.235
61485,81259,6.52,0.024
61487,81653,6.53,0.8
61489,82032,7.59,0.539
61491,82503,6.76,-0.027
61493,82553,7.61,0.473
61495,82657,7.58,1.281
61497,82944,6.46,0.26
61499,83173,6.72,-0.069
61501,83377,7.03,1.158
61503,84053,7.81,0.458
61505,84145,7.95,1.555
61507,83940,7.51,1.315
61509,84510,6.24,-0.004
61511,84782,7.53,0.345
61513,86331,7.28,0.04
61515,86664,7.34,0.037
61517,86815,6.51,0.472
61519,86881,7.76,1.483
61521,88547,7.95,0.278
61523,88664,7.42,0.157
61525,88865,7.27,1.564
61527,89050,7.71,0.016
61529,89234,5.86,0.464
61531,90133,5.47,0.043
61533,90553,7.69,1.178
61535,90930,5.88,0.992
61537,90997,7.01,0.279
61539,91248,7.54,1.211
61541,92103,6.84,0.489
61543,92727,7.41,-0.035
61545,92394,6.04,0.033
61547,92604,7.81,0.172
61549,92690,6.93,-0.082
61551,93271,7.95,0.051
61553,93272,6.8,-0.037
61555,93739,7.99,0.039
61557,93863,7.51,-0.055
61559,94168,6.64,0.978
61561,94943,7.83,0.399
61563,95100,7.91,0.532
61565,95720,7.05,0.24
61567,95979,7.4,-0.051
61569,96132,7.51,0.997
61571,97185,7.8,0.536
61573,97226,7.12,0.947
61575,97533,7.35,0.143
61577,97534,5.39,0.234
61579,97690,7.31,0.463
61581,97869,7.58,1.418
61583,97911,7.59,0.141
61585,98183,7.77,0.972
61587,98495,3.97,-0.032
61589,99162,7.7,0.995
61591,99227,7.89,0.153
61593,99407,7.57,1.277
61595,100679,7.72,0.976
61597,101570,6.41,1.305
61599,101676,6.84,-0.008
61601,101865,7.78,0.97
61603,68994,7.76,0.441
61605,69041,7.93,0.016
61607,69358,7.7,0.019
61609,69628,6.68,0.233
61611,69670,7.33,1.227
61613,70035,5.22,0.281
61615,70052,7.91,0.193
61617,70436,7.68,0.244
61619,70686,7.54,0.457
61621,69868,7.29,0.036
61623,70213,7.92,1.0
61625,70215,7.62,0.113
61627,70459,7.26,0.595
61629,71281,7.94,1.344
61631,71309,7.95,1.206
61633,71400,7.04,0.323
61635,71475,7.78,0.906
61637,71492,6.78,1.005
61639,71677,7.29,0.529
61641,71678,7.61,1.353
61643,71755,7.82,0.528
61645,71908,3.18,0.256
61647,71960,7.4,0.159
61649,71963,7.86,0.013
61651,72000,6.39,-0.086
61653,72131,5.36,0.308
61655,72206,7.92,0.549
61657,72242,7.37,1.698
61659,72379,7.88,1.701
61661,72431,7.46,1.752
61663,72773,5.91,0.66
61665,71768,7.36,0.8
61667,72332,7.36,-0.077
61669,72364,7.22,-0.048
61671,72403,7.67,-0.022
61673,72438,5.91,-0.106
61675,72493,7.26,0.836
61677,72494,7.09,0.577
61679,72583,7.47,0.41
61681,72592,7.71,-0.041
61683,72850,7.54,1.203
61685,72921,6.98,0.58
61687,72965,6.09,-0.061
61689,73149,7.84,1.104
61691,73167,7.37,1.2
61693,73295,7.95,0.226
61695,73483,6.56,0.298
61697,73494,6.99,-0.058
61699,73504,7.6,0.034
61701,74047,6.18,1.47
61703,74093,7.28,0.018
61705,74184,5.76,0.675
61707,74347,7.47,0.018
61709,74630,7.86,0.16
61711,74635,7.91,1.14
61713,74801,6.84,-0.013
61715,75018,6.73,0.574
61717,75235,7.92,0.695
61719,74192,6.84,-0.019
61721,74869,7.88,-0.2
61723,74946,2.87,0.014
61725,75091,6.27,-0.09
61727,75453,7.88,1.173
61729,75565,5.89,1.0
61731,75873,7.36,-0.095
61733,76067,7.83,0.218
61735,76177,7.81,0.2
61737,76230,7.73,0.526
61739,76279,7.37,1.647
61741,77982,5.11,1.108
61743,98332,5.74,0.224
61745,99104,7.45,0.094
61747,101006,7.23,0.403
61749,101159,7.09,0.1
61751,101397,7.53,0.068
61753,101517,7.41,0.031
61755,101626,6.09,1.293
61757,101699,7.0,1.067
61759,102725,7.0,0.283
61761,102773,5.41,1.122
61763,103503,6.85,-0.062
61765,102157,5.14,-0.061
61767,102395,3.42,0.163
61769,102860,7.85,1.543
61771,103302,7.62,0.618
61773,103412,7.71,1.018
61775,103437,7.7,0.885
61777,103468,7.02,0.167
61779,103752,6.36,0.101
61781,103953,7.64,0.546
61783,104183,7.57,1.661
61785,104411,7.53,0.142
61787,105445,7.93,0.1
61789,103954,7.67,0.834
61791,104037,7.45,1.653
61793,104323,7.47,1.104
61795,104364,5.75,1.18
61797,104501,6.92,0.27
61799,105148,6.32,-0.064
61801,105214,6.6,0.689
61803,105227,7.91,0.266
61805,105468,7.7,1.668
61807,105858,4.21,0.494
61809,106213,7.14,0.596
61811,106277,7.91,1.183
61813,106389,7.2,1.428
61815,106618,7.52,0.947
61817,105708,7.96,1.043
61819,106300,7.97,1.082
61821,107320,7.09,0.362
61823,107496,6.91,1.157
61825,107561,7.92,0.407
61827,67199,6.42,0.116
61829,67371,7.95,0.724
61831,67755,7.2,0.441
61833,67899,6.77,0.931
61835,67913,7.18,1.0
61837,67956,6.97,1.609
61839,68101,6.0,0.78
61841,67326,7.21,-0.003
61843,67655,7.97,0.663
61845,67919,7.27,0.275
61847,67983,7.75,-0.023
61849,68054,6.83,0.967
61851,68162,7.54,0.593
61853,68178,7.28,1.726
61855,68491,7.04,1.746
61857,68496,7.84,-0.028
61859,68670,5.93,1.207
61861,68759,7.95,0.218
61863,68842,6.2,0.225
61865,69008,7.92,0.005
61867,69300,7.76,0.241
61869,69331,7.22,1.411
61871,69413,7.51,0.533
61873,69618,5.03,-0.074
61875,69749,7.25,0.187
61877,69779,7.44,0.406
61879,68702,0.61,-0.231
61881,68902,6.39,0.079
61883,69122,6.34,0.031
61885,69754,7.18,1.682
61887,69766,7.54,1.059
61889,69949,7.26,-0.002
61891,69953,7.76,0.371
61893,69972,6.66,1.017
61895,70014,7.97,0.076
61897,70091,7.78,0.072
61899,70228,7.42,0.107
61901,70264,4.76,0.795
61903,70358,7.72,1.488
61905,70645,6.87,1.495
61907,70798,6.46,0.111
61909,106183,7.7,0.838
61911,106246,7.89,1.392
61913,106398,7.72,0.078
61915,106615,7.84,0.596
61917,107842,7.47,1.117
61919,108276,7.95,0.453
61921,108344,7.94,0.517
61923,106986,7.06,1.196
61925,107065,7.83,1.296
61927,107277,7.35,1.217
61929,107299,6.49,0.484
61931,107300,6.86,0.477
61933,107690,6.55,-0.077
61935,107806,7.89,0.726
61937,107825,7.64,1.153
61939,107921,7.07,0.123
61941,107928,6.98,0.979
61943,107998,7.88,1.023
61945,108281,6.17,0.215
61947,108297,7.49,1.369
61949,108431,4.4,0.297
61951,108446,7.4,1.62
61953,108478,6.13,0.469
61955,108626,6.02,-0.061
61957,108870,4.69,1.056
61959,108903,6.88,0.564
61961,108971,7.86,0.486
61963,109666,7.2,1.511
61965,109488,7.22,0.663
61967,66259,7.3,1.216
61969,66342,7.76,1.484
61971,66524,6.64,-0.076
61973,66540,7.95,1.34
61975,66576,7.39,1.468
61977,66611,7.6,1.183
61979,66666,5.74,1.496
61981,66923,6.43,1.671
61983,67036,6.44,-0.106
61985,67125,6.76,0.54
61987,67292,5.92,0.279
61989,67304,5.46,1.351
61991,67306,7.29,0.116
61993,66657,2.29,-0.171
61995,66709,7.82,-0.008
61997,67003,7.69,1.132
61999,67234,4.64,0.955
62001,67253,7.23,1.164
62003,67260,6.93,0.02
62005,67401,7.93,0.558
62007,67702,7.49,0.286
62009,67703,5.26,-0.084
62011,67742,7.37,0.891
62013,67780,7.64,1.035
62015,67836,5.87,0.009
62017,67973,5.66,-0.072
62019,68035,6.92,0.962
62021,68080,6.14,0.071
62023,68088,6.73,0.291
62025,68213,7.09,0.943
62027,108305,7.96,0.259
62029,108736,7.12,0.572
62031,108741,7.89,0.402
62033,108853,8.0,0.997
62035,109443,7.62,0.527
62037,109642,7.73,0.546
62039,109855,7.86,0.961
62041,109883,7.9,0.719
62043,110036,7.36,0.312
62045,110109,5.36,0.614
62047,109277,7.89,0.289
62049,109639,7.92,0.472
62051,109673,7.59,0.837
62053,110074,7.9,0.377
62055,110380,7.95,0.503
62057,110599,7.34,1.065
62059,110604,7.67,1.295
62061,110673,7.59,0.91
62063,110843,7.48,0.73
62065,65178,6.67,-0.024
62067,65689,7.24,1.281
62069,65691,7.2,1.08
62071,65798,6.61,-0.042
62073,65831,7.3,1.619
62075,65870,7.87,0.533
62077,65965,7.55,0.006
62079,66068,7.21,0.068
62081,66427,5.96,0.936
62083,66454,5.91,-0.11
62085,66566,7.53,0.101
62087,66722,6.57,0.053
62089,66733,7.93,0.98
62091,66782,6.7,1.024
62093,66802,6.89,1.265
62095,66917,7.02,-0.102
62097,67001,7.28,0.354
62099,65822,6.94,0.08
62101,65975,7.66,0.996
62103,65981,7.89,1.645
62105,66047,7.17,0.603
62107,66236,6.32,-0.052
62109,66330,7.73,0.174
62111,66381,7.58,0.875
62113,66437,7.75,-0.053
62115,66573,7.66,1.185
62117,66777,7.68,1.666
62119,67066,7.14,0.969
62121,67200,7.54,0.119
62123,67202,7.7,1.699
62125,67386,7.12,0.996
62127,67468,7.78,0.481
62129,67639,7.37,0.8
62131,67645,7.47,0.487
62133,109408,6.43,1.38
62135,109752,7.68,0.987
62137,110201,7.93,0.133
62139,111142,7.7,0.221
62141,110148,7.53,0.941
62143,110289,7.57,1.153
62145,110478,6.42,2.231
62147,110506,5.62,0.372
62149,110516,7.97,0.467
62151,110520,6.93,0.057
62153,110720,7.38,0.824
62155,110738,7.98,1.011
62157,110997,3.97,1.022
62159,111043,4.12,1.57
62161,111052,7.47,0.918
62163,111127,6.95,0.065
62165,111211,7.24,0.465
62167,111219,7.4,1.542
62169,111382,6.78,0.918
62171,111456,7.78,0.368
62173,111616,6.75,0.529
62175,65046,6.73,0.519
62177,65087,7.55,1.484
62179,65173,7.47,0.002
62181,65218,7.12,0.621
62183,65328,7.35,0.083
62185,65386,7.84,0.375
62187,65535,5.11,1.181
62189,65560,7.65,1.334
62191,65593,5.69,1.477
62193,65621,6.4,0.974
62195,65910,7.85,0.093
62197,65936,3.9,1.186
62199,65964,7.54,1.061
62201,66101,7.74,0.403
62203,66129,7.58,0.194
62205,66171,6.69,0.156
62207,66238,7.29,0.669
62209,66447,7.57,0.191
62211,65229,7.15,0.125
62213,65955,6.56,0.962
62215,66139,6.65,0.469
62217,66376,6.82,0.245
62219,66431,7.41,1.568
62221,66494,7.82,0.1
62223,66515,6.97,1.658
62225,110629,6.64,0.471
62227,110646,7.84,1.237
62229,111085,6.94,-0.046
62231,111237,6.91,0.964
62233,110912,7.47,1.5
62235,110936,5.47,0.959
62237,111199,7.88,1.025
62239,111513,7.62,0.476
62241,111594,6.28,0.119
62243,111643,5.85,0.06
62245,111718,6.54,0.539
62247,111819,6.95,1.038
62249,112185,7.76,1.234
62251,112205,7.54,1.366
62253,64362,6.63,1.139
62255,64444,7.76,0.53
62257,64597,7.81,0.512
62259,64651,6.17,0.968
62261,64859,7.5,0.174
62263,65109,2.75,0.068
62265,65208,7.44,0.338
62267,65446,7.71,0.159
62269,65528,6.82,1.627
62271,65808,7.26,0.724
62273,65409,7.14,1.47
62275,65459,7.73,0.324
62277,66019,6.14,1.031
62279,110984,7.6,1.194
62281,111815,6.58,1.423
62283,112171,7.91,1.227
62285,111206,6.6,0.948
62287,111326,7.08,1.494
62289,111349,7.8,0.721
62291,111425,6.84,1.054
62293,111897,7.07,1.33
62295,112091,7.99,0.84
62297,112129,7.93,1.006
62299,112517,7.26,1.068
62301,112631,7.69,0.146
62303,64055,7.65,0.322
62305,64647,7.83,1.087
62307,64801,7.43,0.407
62309,64260,7.5,0.99
62311,64282,7.89,1.058
62313,64459,6.68,0.591
62315,64803,5.1,0.959
62317,65097,7.71,1.556
62319,65311,6.17,1.653
62321,65441,7.95,1.124
62323,65539,6.85,0.356
62325,65557,6.87,0.944
62327,111371,7.88,0.825
62329,111397,6.68,-0.071
62331,111537,7.67,1.593
62333,111600,5.82,1.074
62335,111611,7.46,1.255
62337,111733,7.54,0.293
62339,111809,5.66,0.037
62341,111933,7.78,0.981
62343,111934,5.88,1.297
62345,111978,7.41,0.789
62347,112472,6.81,0.972
62349,112491,7.58,0.744
62351,112501,6.28,1.145
62353,112746,6.34,0.317
62355,112065,7.78,0.951
62357,64100,7.75,1.464
62359,64375,6.49,0.193
62361,64480,7.76,0.208
62363,64920,6.8,0.981
62365,64967,7.66,1.614
62367,65096,7.79,1.501
62369,111705,7.99,0.476
62371,111746,7.89,0.64
62373,111801,6.46,1.034
62375,111879,6.3,1.006
62377,111882,7.11,0.464
62379,111954,4.18,-0.105
62381,111960,7.83,1.143
62383,112024,7.81,0.149
62385,112096,7.68,1.594
62387,112102,6.12,1.522
62389,112383,7.76,1.52
62391,112612,6.83,0.918
62393,112862,5.99,0.907
62395,112971,7.69,0.996
62397,113027,7.72,1.075
62399,63889,7.36,0.54
62401,64133,6.69,1.12
62403,64166,4.94,1.048
62405,64219,7.36,0.718
62407,63751,7.51,1.317
62409,64135,7.53,0.488
62411,64253,7.95,0.918
62413,64271,7.78,0.065
62415,64303,7.84,0.756
62417,64396,7.97,1.34
62419,64495,7.93,1.59
62421,64603,6.66,0.4
62423,64962,2.99,0.92
62425,111992,7.1,0.567
62427,112015,7.36,0.448
62429,112362,6.52,0.181
62431,112567,6.31,0.913
62433,112858,7.56,1.073
62435,113002,8.0,0.564
62437,113107,7.42,0.934
62439,112693,6.93,1.316
62441,113024,7.92,0.468
62443,113159,6.76,0.469
62445,63592,7.97,0.359
62447,63662,7.98,1.023
62449,63683,7.8,0.407
62451,63738,5.58,0.554
62453,63827,7.38,0.26
62455,63903,7.06,0.458
62457,64071,7.73,1.189
62459,64204,7.16,0.051
62461,64419,7.63,1.187
62463,64520,6.26,0.088
62465,64577,5.31,0.862
62467,64660,7.98,0.4
62469,64725,5.21,1.011
62471,64829,7.82,0.337
62473,112162,7.14,0.911
62475,112211,4.68,1.358
62477,112438,7.7,0.9
62479,112462,7.92,0.534
62481,112529,5.24,0.941
62483,112741,7.46,0.162
62485,112958,6.99,0.495
62487,113080,6.37,1.515
62489,113204,6.36,1.429
62491,113338,7.97,1.134
62493,113366,7.45,1.198
62495,63552,7.57,1.188
62497,63672,7.23,1.118
62499,63734,7.74,0.573
62501,63775,7.88,0.443
62503,63872,7.83,1.207
62505,63960,7.09,0.976
62507,64198,7.97,1.035
62509,64218,6.75,0.168
62511,64326,7.12,0.345
62513,64407,5.04,0.46
62515,64504,7.84,0.816
62517,112356,7.01,1.513
62519,112504,7.35,0.684
62521,112512,6.8,0.5
62523,112651,7.88,1.561
62525,113136,3.27,0.066
62527,113148,5.53,1.111
62529,63610,7.33,1.125
62531,63732,7.88,0.623
62533,63477,7.52,0.433
62535,63915,7.18,1.5
62537,64056,7.74,0.465
62539,64118,7.34,1.264
62541,64288,7.81,0.912
62543,64335,7.61,1.02
62545,64346,6.92,1.097
62547,64378,6.89,1.232
62549,64511,7.57,0.47
62551,64574,7.91,0.605
62553,112352,7.79,0.465
62555,112420,6.67,1.664
62557,112542,5.68,-0.016
62559,112705,7.62,0.354
62561,112716,4.05,1.57
62563,112782,7.78,0.317
62565,113085,6.86,1.386
62567,113031,5.8,-0.082
62569,113531,6.12,1.459
62571,63362,7.59,0.996
62573,63366,7.54,0.769
62575,63486,7.35,0.644
62577,63818,7.86,1.008
62579,64078,5.15,1.138
62581,64122,5.57,1.178
62583,64181,6.32,1.017
62585,64224,5.95,1.49
62587,64225,7.34,1.12
62589,64308,7.9,0.088
62591,112615,6.19,0.274
62593,112604,7.36,1.476
62595,112769,7.99,0.271
62597,112813,7.01,1.192
62599,112961,3.73,1.626
62601,112974,6.74,0.524
62603,113123,7.69,1.048
62605,113127,6.2,1.284
62607,113583,6.81,0.428
62609,113658,7.86,0.918
62611,63325,7.76,1.104
62613,63363,7.25,0.161
62615,63414,5.79,0.203
62617,63742,7.69,0.847
62619,63750,6.62,0.296
62621,64238,4.38,-0.008
62623,64296,7.61,0.402
62625,112507,7.86,0.413
62627,112559,6.67,0.654
62629,112796,7.8,0.952
62631,113028,6.94,0.336
62633,113056,7.64,1.075
62635,113184,5.72,0.881
62637,113192,7.18,1.614
62639,113345,6.31,0.948
62641,113537,7.96,0.496
62643,113674,6.23,1.418
62645,113686,5.94,0.992
62647,113718,7.48,0.943
62649,63309,8.0,0.209
62651,63328,6.67,1.406
62653,63361,7.75,0.989
62655,63453,7.53,0.261
62657,63494,5.99,1.119
62659,63746,7.61,0.335
62661,63803,7.21,1.364
62663,64120,7.83,0.408
62665,64457,7.56,0.93
62667,64460,7.09,1.397
62669,112494,7.68,0.41
62671,112520,7.44,1.153
62673,112807,7.47,0.206
62675,112967,7.73,0.939
62677,113331,6.6,0.218
62679,113355,7.73,0.549
62681,113421,6.17,0.744
62683,113433,6.38,0.366
62685,113478,7.42,1.031
62687,113523,7.78,1.179
62689,113547,7.71,0.458
62691,113727,7.63,1.583
62693,63446,8.0,1.6
62695,63560,7.46,1.556
62697,63810,7.07,0.979
62699,64030,7.0,0.498
62701,64051,7.46,0.446
62703,64174,7.31,0.97
62705,112950,6.64,0.171
62707,113064,6.81,1.635
62709,113167,6.11,0.192
62711,113521,5.43,0.982
62713,113610,6.22,0.892
62715,113622,5.85,1.343
62717,113672,7.8,0.085
62719,113705,6.44,0.97
62721,63386,7.53,0.883
62723,63487,7.46,1.52
62725,63531,7.23,0.253
62727,64150,6.78,0.667
62729,64192,7.75,0.907
62731,64364,7.79,0.192
62733,64453,7.39,0.35
62735,112521,7.55,0.508
62737,112586,7.75,0.491
62739,112658,7.24,0.478
62741,112802,7.12,1.097
62743,112891,7.09,0.374
62745,113294,7.52,0.558
62747,113360,6.28,1.122
62749,113464,7.62,0.966
62751,113502,7.91,0.483
62753,113513,7.2,0.541
62755,113556,7.15,1.15
62757,113699,7.06,0.586
62759,63376,7.87,1.08
62761,63420,6.74,1.05
62763,64179,5.79,1.025
62765,64367,8.0,1.143
62767,112649,7.66,1.088
62769,112714,6.55,0.289
62771,112518,7.4,0.299
62773,112630,7.83,1.093
62775,112932,6.86,0.398
62777,112935,5.16,0.487
62779,112953,7.71,0.397
62781,112960,7.26,0.498
62783,113146,7.31,1.343
62785,113180,7.5,1.368
62787,113186,4.91,-0.003
62789,113438,7.67,0.617
62791,113445,6.43,0.64
62793,113465,6.35,0.052
62795,63608,2.85,0.934
62797,63752,7.41,1.402
62799,63472,7.89,0.86
62801,63888,7.49,1.004
62803,64304,7.11,1.125
62805,64328,7.93,0.391
62807,64445,5.76,1.499
62809,64507,7.41,1.266
62811,112395,7.2,0.843
62813,112447,4.2,0.502
62815,112505,6.95,1.257
62817,113285,7.73,0.889
62819,113321,7.76,1.599
62821,113334,7.96,0.4
62823,113398,7.47,0.441
62825,113311,6.53,0.17
62827,113427,7.87,0.548
62829,113503,5.76,0.293
62831,113550,7.62,0.372
62833,113568,7.49,1.157
62835,63533,5.97,0.971
62837,63878,7.95,0.458
62839,64116,7.83,0.937
62841,64226,5.91,1.45
62843,64241,4.32,0.455
62845,64243,7.86,0.427
62847,64426,7.3,0.525
62849,64490,7.64,1.12
62851,64666,7.44,1.49
62853,112451,7.62,0.987
62855,112482,7.34,-0.131
62857,112487,7.91,1.587
62859,112506,7.99,0.69
62861,112821,7.46,0.647
62863,112900,7.02,0.085
62865,112933,7.01,1.377
62867,112997,5.86,1.132
62869,113105,6.6,1.001
62871,113131,6.39,1.729
62873,113206,7.92,0.191
62875,113211,7.67,0.372
62877,113340,7.98,0.997
62879,113418,7.91,1.208
62881,63757,7.99,0.54
62883,63948,6.0,0.393
62885,64081,7.87,0.439
62887,64169,6.94,1.49
62889,64312,6.82,0.42
62891,64365,6.82,0.88
62893,64449,6.51,0.859
62895,64474,7.36,1.25
62897,64496,6.1,1.201
62899,64654,6.55,1.47
62901,64722,7.39,0.026
62903,64751,6.46,0.972
62905,64779,6.43,0.274
62907,64781,6.72,1.003
62909,64789,7.57,0.289
62911,112257,7.56,1.089
62913,112274,7.67,1.591
62915,112358,6.27,1.057
62917,112803,6.52,1.104
62919,113086,7.02,0.53
62921,113173,7.41,1.657
62923,113357,5.45,0.666
62925,63677,6.92,0.124
62927,63950,5.53,1.461
62929,63951,6.83,0.313
62931,64089,6.81,0.933
62933,64417,6.31,1.006
62935,64551,7.3,0.466
62937,111987,7.23,0.272
62939,112022,7.39,-0.136
62941,112058,7.45,0.049
62943,112075,7.13,1.057
62945,112174,7.89,0.97
62947,112303,7.25,0.908
62949,112440,3.97,1.07
62951,112453,7.95,0.082
62953,112495,7.94,0.249
62955,112689,7.64,1.129
62957,112748,3.51,0.933
62959,113139,7.42,1.535
62961,113282,7.38,0.393
62963,63891,7.5,0.93
62965,64022,4.8,1.482
62967,64034,7.61,1.09
62969,64077,6.2,1.363
62971,64394,4.23,0.572
62973,64539,7.26,1.112
62975,64696,7.28,1.322
62977,64936,7.79,0.28
62979,64976,7.19,0.573
62981,111728,7.29,1.23
62983,111800,7.54,0.069
62985,111937,7.57,0.312
62987,111957,7.84,1.573
62989,112051,4.8,-0.013
62991,112152,7.33,-0.06
62993,112235,7.66,-0.103
62995,112250,7.85,1.681
62997,112733,7.59,0.512
62999,112871,6.94,0.227
63001,113005,7.42,1.147
63003,113092,7.71,0.51
63005,64336,7.95,0.323
63007,64405,6.71,0.48
63009,64543,6.68,0.797
63011,64701,7.94,0.503
63013,64826,7.67,0.526
63015,64904,7.97,0.448
63017,64927,5.81,1.366
63019,65245,6.8,1.357
63021,65410,7.71,0.11
63023,111202,7.95,0.522
63025,111227,7.67,0.038
63027,111268,7.96,-0.062
63029,111279,7.94,0.211
63031,111471,7.38,1.34
63033,111527,7.45,0.09
63035,111619,7.59,0.132
63037,111734,7.9,0.275
63039,111739,7.97,1.104
63041,111878,7.86,1.352
63043,112032,6.36,1.579
63045,112212,7.27,1.628
63047,112227,7.82,1.677
63049,112625,7.76,1.57
63051,112701,7.87,0.193
63053,112158,2.93,0.852
63055,112219,7.99,0.703
63057,112368,6.37,0.933
63059,112502,7.84,0.267
63061,112548,7.25,0.231
63063,112573,7.87,1.58
63065,112611,7.43,0.071
63067,112894,7.91,0.907
63069,64302,6.89,0.486
63071,64530,6.5,1.616
63073,64648,6.8,0.182
63075,64979,6.01,0.277
63077,65019,7.2,0.979
63079,65028,7.65,1.039
63081,65159,6.93,0.554
63083,65376,6.1,1.637
63085,65953,7.5,1.552
63087,65976,7.68,1.07
63089,110874,7.83,0.884
63091,111032,7.71,0.351
63093,111041,6.56,0.057
63095,111335,7.89,0.887
63097,111589,6.84,-0.131
63099,111828,6.83,-0.118
63101,111864,6.65,0.95
63103,111869,6.03,0.854
63105,111919,7.97,0.602
63107,112140,7.27,0.169
63109,112144,6.43,-0.119
63111,111203,7.99,0.398
63113,111307,7.49,0.292
63115,111567,6.11,0.997
63117,111627,6.28,1.392
63119,111990,6.64,1.653
63121,112402,7.56,0.437
63123,64844,4.72,0.306
63125,65072,5.6,1.204
63127,65187,7.31,1.157
63129,65330,7.49,0.74
63131,65723,6.49,0.927
63133,66135,7.84,0.448
63135,66223,6.37,0.241
63137,65775,7.64,0.594
63139,65951,6.07,1.075
63141,66470,7.55,1.46
63143,110408,6.38,-0.086
63145,110670,7.85,1.131
63147,111104,4.52,-0.086
63149,111189,7.95,0.177
63151,111664,6.87,1.452
63153,110816,7.83,1.113
63155,110849,6.16,-0.136
63157,111081,7.41,0.446
63159,111167,7.71,0.238
63161,111259,5.88,0.166
63163,111355,6.54,1.238
63165,111429,7.02,-0.119
63167,111505,7.22,0.29
63169,111544,6.6,-0.148
63171,111546,5.73,-0.16
63173,111683,7.59,-0.108
63175,111729,7.78,0.525
63177,111743,7.47,-0.05
63179,111841,4.89,-0.207
63181,111866,6.96,0.284
63183,111875,7.54,0.236
63185,111905,7.49,0.983
63187,111907,6.78,1.696
63189,112031,5.25,-0.137
63191,112041,5.93,0.998
63193,112241,5.93,1.49
63195,65230,6.34,0.255
63197,65550,5.88,0.985
63199,65876,7.18,1.544
63201,66004,7.06,0.234
63203,66181,7.57,0.383
63205,66294,6.83,0.205
63207,66698,7.94,1.41
63209,66718,7.54,0.523
63211,66958,6.69,1.16
63213,65768,7.06,0.407
63215,66116,7.47,1.061
63217,66609,7.67,0.315
63219,66836,7.95,1.26
63221,67263,7.6,1.376
63223,67381,7.5,0.311
63225,109338,7.15,0.804
63227,109467,7.47,0.529
63229,109591,6.7,-0.024
63231,109778,7.98,1.477
63233,110253,7.84,0.119
63235,110351,4.55,-0.1
63237,110361,7.62,-0.01
63239,110929,7.84,1.8
63241,111022,4.34,1.679
63243,109944,7.13,0.232
63245,110182,7.39,1.12
63247,110339,7.43,0.474
63249,110421,7.95,1.144
63251,110539,7.07,0.878
63253,110810,7.43,0.164
63255,110896,6.56,1.653
63257,111055,7.8,1.334
63259,111148,7.68,0.649
63261,111328,7.94,0.251
63263,111360,7.38,-0.03
63265,111444,7.54,0.077
63267,111487,6.99,1.375
63269,66090,7.98,0.581
63271,66234,4.68,0.132
63273,66382,7.39,0.993
63275,66385,6.48,1.175
63277,66475,6.51,1.555
63279,66516,7.84,0.98
63281,66704,6.31,0.537
63283,66928,7.73,0.92
63285,67301,1.85,-0.099
63287,67321,7.57,0.225
63289,66440,6.73,1.497
63291,66613,6.49,1.378
63293,66634,5.46,0.113
63295,66684,7.65,0.222
63297,66705,7.21,0.986
63299,66735,6.88,1.036
63301,67005,6.02,0.017
63303,67590,6.88,0.47
63305,67671,7.41,0.959
63307,67799,6.76,1.48
63309,67818,7.43,0.446
63311,67848,5.7,-0.032
63313,68132,7.97,1.393
63315,68196,6.94,0.295
63317,68271,7.93,0.635
63319,68304,6.83,0.143
63321,108039,6.61,0.39
63323,108174,6.92,0.486
63325,108233,6.68,1.24
63327,108602,7.54,0.553
63329,108609,7.59,0.325
63331,108758,5.79,-0.106
63333,108906,7.83,1.438
63335,109015,7.28,0.14
63337,109096,6.98,0.983
63339,109114,7.36,1.62
63341,109157,7.08,-0.09
63343,109162,7.8,0.788
63345,109205,6.17,0.389
63347,109521,5.38,0.152
63349,109562,7.56,0.01
63351,109713,7.26,0.218
63353,109759,7.92,1.6
63355,109802,7.65,1.56
63357,110142,7.29,1.136
63359,110230,7.73,1.57
63361,110249,7.94,0.485
63363,110287,7.24,0.046
63365,110538,4.42,1.015
63367,109272,6.41,1.579
63369,109283,7.97,-0.003
63371,109503,7.31,1.688
63373,109514,6.64,-0.046
63375,109567,7.72,0.818
63377,109586,7.22,0.43
63379,109706,7.35,1.274
63381,109727,7.09,0.521
63383,109818,7.93,0.063
63385,109829,7.56,0.58
63387,109968,7.93,1.046
63389,110055,6.46,1.046
63391,110081,7.59,1.19
63393,110316,6.4,1.195
63395,110422,7.91,0.323
63397,110543,7.4,0.175
63399,110584,7.6,0.102
63401,110609,4.55,0.092
63403,110661,6.52,1.681
63405,110682,7.34,0.02
63407,67231,5.68,-0.039
63409,67511,7.48,1.472
63411,68138,7.01,1.495
63413,68554,7.8,0.461
63415,68792,7.58,0.635
63417,68814,7.09,1.044
63419,68886,7.81,0.451
63421,69295,6.73,0.979
63423,69699,6.68,0.58
63425,69711,7.07,0.275
63427,69107,6.47,1.023
63429,70252,7.4,0.609
63431,70267,7.66,0.972
63433,70700,7.72,0.52
63435,70819,7.53,0.135
63437,71040,6.26,0.243
63439,105949,6.11,1.72
63441,106121,7.45,0.17
63443,106227,5.53,0.102
63445,106230,6.86,0.681
63447,106450,7.55,0.137
63449,106770,7.67,0.11
63451,107026,6.9,0.987
63453,107197,6.1,1.349
63455,107259,4.23,2.242
63457,107322,7.38,0.731
63459,107355,6.8,1.054
63461,107586,5.53,1.575
63463,107598,7.31,0.278
63465,107789,7.98,0.43
63467,107915,7.72,0.1
63469,107967,7.47,0.983
63471,108301,6.89,0.09
63473,106886,5.74,0.2
63475,107164,6.9,0.142
63477,107929,6.56,0.007
63479,107930,5.7,-0.081
63481,107971,6.83,1.026
63483,107977,7.33,0.117
63485,108029,6.86,0.986
63487,108165,5.74,0.655
63489,108287,7.89,0.314
63491,108398,7.89,1.157
63493,108553,6.58,0.022
63495,108570,7.41,0.259
63497,108607,7.86,0.516
63499,108772,5.55,0.017
63501,108794,7.3,0.232
63503,108921,7.8,0.568
63505,108948,7.62,0.052
63507,109065,7.58,0.485
63509,109124,6.38,-0.091
63511,109252,7.96,0.303
63513,109424,6.94,0.059
63515,108879,7.08,-0.046
63517,109130,7.64,0.287
63519,109426,7.7,0.061
63521,109617,7.18,1.368
63523,109701,7.64,0.083
63525,109926,7.5,0.81
63527,69471,7.85,0.349
63529,70283,7.66,1.091
63531,70352,7.6,1.235
63533,70474,7.33,0.46
63535,70952,6.1,0.428
63537,71192,6.6,0.504
63539,71267,7.44,1.125
63541,71287,7.97,0.41
63543,71607,7.81,1.311
63545,71631,7.6,0.626
63547,71653,7.55,0.402
63549,71876,6.24,0.409
63551,72130,7.22,0.495
63553,72410,7.97,1.198
63555,72624,7.72,0.969
63557,71679,7.38,0.602
63559,72351,7.73,0.267
63561,72578,6.98,1.594
63563,72941,7.81,0.99
63565,72963,7.97,0.476
63567,73199,4.63,1.59
63569,73403,6.9,0.974
63571,73410,7.48,1.205
63573,73578,7.8,1.047
63575,73623,7.33,0.574
63577,73706,6.22,0.055
63579,74013,7.24,1.126
63581,74082,6.63,1.51
63583,74272,6.18,0.143
63585,74319,7.78,0.267
63587,74605,5.15,0.55
63589,75031,7.95,0.0
63591,74625,6.52,0.03
63593,74834,7.31,1.025
63595,76025,7.91,1.263
63597,76256,6.98,0.793
63599,76519,5.65,1.371
63601,76604,7.45,0.455
63603,77115,7.23,0.173
63605,77309,7.5,0.141
63607,77838,6.76,0.544
63609,98405,7.45,0.077
63611,99291,6.97,1.279
63613,99378,7.53,0.385
63615,99435,6.84,0.127
63617,100261,5.59,1.472
63619,100452,7.27,0.171
63621,100789,7.33,0.873
63623,100884,7.15,0.89
63625,101715,7.7,-0.044
63627,103420,6.82,1.258
63629,102224,7.01,0.025
63631,102253,5.59,0.218
63633,102684,6.98,0.38
63635,103284,7.41,-0.07
63637,103357,7.57,1.458
63639,103474,7.73,1.326
63641,103763,7.34,0.306
63643,104291,6.88,0.101
63645,104502,7.76,0.037
63647,104543,7.14,1.226
63649,104562,7.34,0.993
63651,105122,7.81,0.892
63653,105223,7.39,0.965
63655,103984,7.34,0.389
63657,104449,6.53,-0.111
63659,104788,6.38,0.625
63661,104886,6.98,0.944
63663,105172,7.55,1.092
63665,105193,6.43,1.543
63667,105199,2.45,0.257
63669,105250,6.66,0.305
63671,105268,5.19,-0.045
63673,105463,7.36,1.363
63675,105594,7.59,-0.009
63677,105610,7.32,-0.038
63679,105677,7.44,0.043
63681,105903,7.62,0.16
63683,105981,7.4,0.496
63685,105998,6.7,0.997
63687,106194,7.79,0.124
63689,106491,7.28,0.282
63691,106493,7.89,0.135
63693,106648,7.9,0.196
63695,106066,7.09,0.519
63697,106730,7.16,0.968
63699,106801,4.76,0.246
63701,107374,5.94,0.312
63703,107418,4.25,0.474
63705,107442,7.48,0.246
63707,107723,6.18,1.685
63709,74155,7.13,0.334
63711,75539,7.7,1.026
63713,76530,6.99,1.011
63715,77290,7.76,0.49
63717,77692,7.76,1.622
63719,77998,7.24,1.033
63721,78217,7.26,0.654
63723,78691,7.77,1.136
63725,78703,6.85,0.488
63727,78761,6.85,0.128
63729,79262,7.97,0.054
63731,79601,6.02,0.063
63733,79619,7.83,0.722
63735,79981,7.52,0.564
63737,80154,7.32,1.066
63739,80263,7.58,1.621
63741,80467,7.09,0.624
63743,80920,6.27,1.291
63745,81646,6.98,1.574
63747,81757,6.82,0.223
63749,82648,7.73,0.389
63751,82773,7.54,1.575
63753,82880,6.29,0.259
63755,82886,7.09,0.493
63757,83219,7.38,1.3
63759,83291,7.66,1.561
63761,83870,7.46,1.126
63763,84477,6.81,1.071
63765,85021,7.57,0.213
63767,85076,7.06,1.486
63769,85170,7.84,0.988
63771,85350,7.63,0.935
63773,85852,6.61,1.043
63775,86102,7.72,0.22
63777,86137,7.81,0.561
63779,86192,7.64,-0.014
63781,86219,5.87,1.016
63783,86540,7.6,0.72
63785,86614,4.57,0.434
63787,86620,5.81,0.53
63789,86630,7.78,0.048
63791,87079,7.74,0.619
63793,87385,6.75,0.282
63795,87630,7.99,1.143
63797,87670,6.39,0.972
63799,87728,5.43,0.34
63801,88901,7.53,0.409
63803,89188,7.89,1.263
63805,89937,3.55,0.489
63807,90335,7.34,0.428
63809,91039,7.5,0.889
63811,91121,7.37,1.096
63813,91151,7.43,0.912
63815,91163,6.81,1.34
63817,91450,7.35,1.043
63819,92056,5.25,0.953
63821,92167,7.18,0.763
63823,92672,6.97,0.159
63825,92677,7.4,1.0
63827,92782,4.82,1.151
63829,93165,7.03,0.317
63831,93573,7.86,0.287
63833,93876,7.03,0.644
63835,93965,7.65,0.254
63837,94146,7.55,0.408
63839,94361,7.26,1.647
63841,94648,4.45,1.257
63843,94802,7.07,0.729
63845,94843,7.92,1.575
63847,94921,6.95,0.271
63849,95093,7.29,0.992
63851,95349,7.97,1.688
63853,95625,7.69,0.378
63855,95693,7.82,1.084
63857,95875,7.95,1.008
63859,95916,7.87,0.965
63861,95978,6.06,1.416
63863,96251,7.78,0.086
63865,96264,6.7,0.428
63867,97332,7.56,1.053
63869,97433,3.84,0.888
63871,98333,6.32,0.868
63873,98365,7.95,0.828
63875,98469,7.8,1.437
63877,98889,7.55,0.021
63879,99037,7.99,0.337
63881,99640,7.81,0.367
63883,100073,7.25,0.326
63885,101349,6.76,-0.017
63887,101434,7.65,1.408
63889,101602,6.71,0.907
63891,102370,6.5,0.973
63893,102526,7.93,0.011
63895,102694,7.43,0.139
63897,69298,6.07,0.19
63899,70804,7.59,1.485
63901,71390,7.2,1.795
63903,72048,6.99,0.553
63905,72435,7.37,1.303
63907,72833,5.59,0.82
63909,72983,6.38,-0.059
63911,73052,7.79,0.495
63913,73219,7.97,1.568
63915,73348,7.99,0.329
63917,73500,6.72,-0.078
63919,73645,7.54,0.218
63921,73812,7.23,0.853
63923,73897,7.68,-0.045
63925,73921,6.92,-0.014
63927,73980,6.52,1.592
63929,74115,7.05,0.102
63931,74141,6.73,-0.059
63933,74254,7.2,1.107
63935,74421,6.02,-0.002
63937,74574,7.64,0.307
63939,74999,6.59,1.682
63941,75447,7.09,1.42
63943,75461,6.97,0.085
63945,74536,7.47,1.533
63947,75029,7.72,0.503
63949,75063,7.19,1.114
63951,75243,6.51,0.075
63953,76013,5.4,-0.146
63955,76154,7.65,1.405
63957,76401,7.31,-0.07
63959,76648,7.38,0.06
63961,76750,5.64,-0.04
63963,76767,7.92,-0.056
63965,76877,5.95,-0.034
63967,77319,7.68,-0.041
63969,77776,8.0,1.356
63971,78365,7.91,1.495
63973,78553,6.68,0.236
63975,78477,7.54,0.06
63977,78815,7.54,1.35
63979,78962,7.45,1.136
63981,79056,7.45,-0.039
63983,79070,7.3,1.117
63985,79415,7.89,0.256
63987,80041,7.28,1.008
63989,80210,7.99,0.701
63991,80241,6.86,1.551
63993,80800,7.35,1.273
63995,81042,7.68,0.264
63997,81333,7.31,0.382
63999,81530,8.0,0.036
64001,81852,4.23,1.06
64003,83247,6.93,0.532
64005,83464,7.68,0.012
64007,83774,6.68,0.151
64009,84001,7.3,0.45
64011,84399,7.51,0.448
64013,84959,7.26,1.668
64015,84988,7.0,0.607
64017,85067,7.92,0.154
64019,86739,7.01,1.404
64021,87258,7.47,1.097
64023,87350,7.15,0.996
64025,87926,6.08,1.205
64027,88082,6.74,0.931
64029,88237,7.34,1.628
64031,88423,7.82,0.226
64033,89115,5.86,1.253
64035,89338,7.12,0.003
64037,89479,7.62,0.127
64039,89615,7.15,1.295
64041,90549,6.84,1.077
64043,90583,7.94,1.145
64045,91439,7.8,0.491
64047,91795,6.77,0.458
64049,92233,6.39,0.593
64051,93233,6.7,1.28
64053,93572,7.75,1.114
64055,94208,6.94,1.001
64057,94428,7.03,1.86
64059,94532,7.53,0.233
64061,94714,6.61,0.169
64063,95086,7.8,0.108
64065,95751,7.73,0.312
64067,96892,7.58,1.388
64069,97046,7.6,1.302
64071,97119,7.61,0.381
64073,97511,7.16,0.024
64075,97838,7.98,0.034
64077,98540,7.42,1.373
64079,98384,7.53,0.437
64081,98522,6.58,1.038
64083,98601,7.52,1.724
64085,99219,7.24,1.071
64087,99271,7.59,0.511
64089,100103,6.57,1.411
64091,100110,6.93,1.034
64093,100362,7.82,1.304
64095,100903,7.96,1.176
64097,102125,6.51,0.62
64099,102128,7.18,0.64
64101,101327,7.38,0.045
64103,101643,7.64,-0.008
64105,101894,7.08,1.647
64107,102165,7.8,0.134
64109,102231,7.61,0.34
64111,102717,8.0,0.105
64113,102730,7.22,-0.004
64115,103542,7.19,0.45
64117,104391,7.84,0.262
64119,104440,5.67,0.59
64121,104597,6.18,1.087
64123,104840,7.9,0.5
64125,105178,7.36,1.322
64127,105518,7.1,1.617
64129,105768,6.09,1.265
64131,104755,5.06,1.578
64133,105678,6.28,2.607
64135,105820,7.79,1.099
64137,66379,7.67,0.913
64139,66438,5.63,0.493
64141,66559,7.94,1.428
64143,66768,7.35,1.604
64145,66904,6.86,0.264
64147,66910,6.87,1.135
64149,67013,7.64,1.068
64151,67206,6.58,0.118
64153,67226,7.75,1.715
64155,67232,6.6,0.194
64157,67261,6.4,0.65
64159,67324,7.51,0.018
64161,67356,7.75,1.016
64163,67434,7.55,1.244
64165,67720,8.0,0.004
64167,67736,7.43,0.007
64169,67806,7.89,1.61
64171,67933,7.18,-0.001
64173,68056,7.23,0.056
64175,68170,6.65,0.79
64177,68191,4.71,1.075
64179,68365,7.85,1.068
64181,68399,7.2,-0.026
64183,68413,6.49,0.333
64185,68945,7.26,1.819
64187,68964,6.78,1.103
64189,69065,6.39,1.013
64191,69261,7.63,0.112
64193,67796,7.1,0.097
64195,67916,7.84,0.078
64197,68033,7.22,1.107
64199,68248,7.92,0.177
64201,68270,6.2,1.043
64203,68341,7.43,-0.047
64205,68350,7.67,0.983
64207,68388,7.55,0.163
64209,68412,7.56,0.032
64211,68455,5.96,0.352
64213,68582,7.35,1.212
64215,68678,7.59,-0.019
64217,68692,7.62,0.348
64219,68750,7.94,0.063
64221,69120,7.57,1.223
64223,69450,7.89,0.319
64225,69584,6.95,-0.022
64227,69591,6.72,-0.024
64229,69643,7.59,0.564
64231,69763,5.72,-0.095
64233,69796,7.29,0.59
64235,70346,6.78,0.118
64237,70528,6.36,0.128
64239,70657,5.87,1.502
64241,70661,6.57,0.102
64243,69610,7.86,0.398
64245,69688,7.49,0.049
64247,69867,7.54,0.548
64249,70239,7.35,0.455
64251,70492,5.56,0.435
64253,71002,5.84,1.006
64255,71159,7.58,0.388
64257,71216,6.94,-0.065
64259,71314,7.36,0.008
64261,71343,8.0,0.509
64263,71359,7.75,0.019
64265,71388,7.83,0.024
64267,71530,6.03,0.506
64269,71668,6.73,-0.03
64271,72171,7.31,1.089
64273,72377,7.13,-0.046
64275,72518,6.5,-0.101
64277,72909,7.6,0.036
64279,103654,6.86,0.627
64281,105328,7.98,1.515
64283,105712,6.98,0.723
64285,105991,7.64,0.955
64287,106044,5.47,1.553
64289,106376,7.53,1.22
64291,106834,6.78,-0.095
64293,107264,7.2,1.642
64295,107443,7.87,0.38
64297,107503,7.67,1.604
64299,106818,6.22,0.021
64301,107525,7.21,-0.074
64303,107606,7.86,0.245
64305,107678,7.03,0.359
64307,107773,5.62,1.018
64309,108778,7.36,1.088
64311,108976,7.33,0.261
64313,109107,7.51,0.981
64315,109233,7.53,1.34
64317,107774,7.94,0.818
64319,107947,7.22,0.51
64321,108093,7.88,-0.016
64323,108195,5.92,0.393
64325,108340,7.2,0.232
64327,108631,7.8,1.541
64329,108944,7.95,0.95
64331,109274,7.7,0.42
64333,109328,7.6,1.212
64335,109491,7.76,0.663
64337,109547,7.61,1.617
64339,109976,7.33,0.495
64341,110088,6.98,0.463
64343,110355,6.61,0.533
64345,65129,6.0,0.236
64347,65207,7.76,-0.018
64349,65718,7.31,0.404
64351,65795,7.76,0.997
64353,65872,7.74,0.171
64355,65893,7.84,0.967
64357,66355,7.68,1.464
64359,66366,7.94,1.163
64361,66410,7.97,0.85
64363,66466,7.76,2.1
64365,66580,7.36,0.214
64367,66821,4.99,-0.055
64369,65842,7.81,1.486
64371,65891,6.75,1.003
64373,66230,7.53,0.642
64375,66384,7.68,0.728
64377,66521,6.41,1.113
64379,66575,6.0,1.138
64381,66696,7.82,0.918
64383,66711,7.55,0.985
64385,66772,7.68,0.06
64387,66849,5.38,-0.029
64389,66870,7.91,0.226
64391,66897,7.76,1.015
64393,66925,6.0,-0.096
64395,66975,7.29,1.123
64397,67008,6.51,-0.027
64399,67014,7.83,0.031
64401,67149,7.39,1.452
64403,67454,7.73,1.369
64405,67566,7.67,0.92
64407,67748,7.61,0.007
64409,68034,7.84,0.133
64411,67435,7.52,0.086
64413,68014,7.92,0.458
64415,108527,7.75,0.44
64417,108590,7.54,1.533
64419,108912,7.87,0.617
64421,109536,7.79,0.468
64423,109081,5.62,1.468
64425,109228,7.15,0.953
64427,109308,7.84,1.539
64429,109682,7.72,0.188
64431,109955,7.18,1.473
64433,110130,2.87,1.39
64435,110311,6.41,1.404
64437,110342,7.89,0.164
64439,110649,5.31,0.665
64441,110842,6.87,0.2
64443,110965,6.88,0.954
64445,111357,7.92,0.382
64447,111548,6.22,0.212
64449,110376,7.77,0.518
64451,110470,7.5,0.318
64453,111501,7.69,1.02
64455,111565,7.58,0.67
64457,111736,7.93,1.286
64459,64170,7.83,0.112
64461,64216,7.61,1.089
64463,64515,5.9,-0.011
64465,64623,5.84,1.061
64467,64637,7.62,0.436
64469,64749,6.89,1.03
64471,64933,6.18,-0.001
64473,64940,7.35,-0.023
64475,64982,7.79,0.483
64477,65089,7.95,0.264
64479,65112,5.47,-0.125
64481,65158,7.55,-0.047
64483,65160,7.96,1.208
64485,65219,7.09,0.227
64487,65223,7.75,-0.053
64489,65247,5.81,0.072
64491,65372,6.48,0.959
64493,65413,6.68,1.333
64495,65426,7.01,0.093
64497,65475,7.9,-0.06
64499,65551,6.7,0.032
64501,65606,6.31,0.003
64503,65630,6.27,-0.123
64505,65742,7.7,0.415
64507,65810,5.04,0.059
64509,66013,7.82,1.039
64511,65394,7.4,0.064
64513,65425,7.07,1.29
64515,65824,7.38,1.122
64517,65901,7.6,1.036
64519,66651,7.34,-0.003
64521,110432,7.23,0.934
64523,111411,7.4,0.226
64525,111804,7.86,0.423
64527,110932,7.2,1.625
64529,111143,6.81,0.603
64531,111187,7.03,0.859
64533,111485,7.94,1.513
64535,111512,6.77,1.07
64537,111784,7.95,1.46
64539,111833,6.67,0.357
64541,111856,7.77,1.629
64543,111909,7.37,1.038
64545,112374,4.84,1.18
64547,112414,6.63,0.636
64549,112432,6.49,1.162
64551,112448,7.5,1.537
64553,112575,7.03,0.981
64555,112623,3.49,0.083
64557,113044,6.03,0.621
64559,63541,7.66,-0.081
64561,63849,6.44,0.414
64563,63945,4.71,-0.148
64565,63975,7.48,0.405
64567,64199,6.84,0.443
64569,64236,7.53,1.551
64571,64400,7.81,1.514
64573,64550,6.93,0.643
64575,64617,7.97,0.332
64577,64778,6.85,2.867
64579,64818,7.85,1.63
64581,64822,5.82,0.187
64583,64867,6.63,-0.005
64585,64892,6.8,-0.018
64587,64925,6.87,-0.006
64589,65144,5.76,1.106
64591,65288,6.18,0.181
64593,65373,6.77,1.034
64595,65303,6.37,-0.077
64597,111610,6.65,1.552
64599,111738,7.68,0.432
64601,111894,8.0,1.248
64603,111975,7.84,0.904
64605,112117,5.99,0.584
64607,112122,2.07,1.61
64609,112127,6.06,0.956
64611,112381,5.52,1.302
64613,112449,6.56,0.314
64615,112515,7.22,0.598
64617,112930,7.36,0.43
64619,112939,7.26,1.439
64621,112940,7.49,1.064
64623,112995,7.9,1.252
64625,113018,6.85,1.104
64627,113185,7.53,1.106
64629,113203,7.54,0.377
64631,113401,7.73,0.369
64633,112616,7.06,0.96
64635,63276,6.72,0.107
64637,63350,6.94,0.027
64639,63213,7.76,1.05
64641,63280,7.52,0.34
64643,63335,7.65,1.141
64645,63468,7.83,0.427
64647,63485,7.25,1.39
64649,63583,6.65,1.041
64651,63730,7.88,0.328
64653,63740,6.93,1.067
64655,63814,7.92,0.451
64657,63820,6.24,1.649
64659,63972,5.59,1.05
64661,64188,7.59,1.096
64663,64310,8.0,0.445
64665,64332,5.78,0.521
64667,64337,7.87,1.192
64669,64348,5.24,1.049
64671,64472,6.19,1.057
64673,64557,6.16,1.366
64675,64585,7.6,1.03
64677,64590,6.72,1.083
64679,64659,7.79,0.795
64681,64677,7.49,1.087
64683,64699,7.85,1.02
64685,64715,7.79,1.122
64687,64791,7.16,0.907
64689,64851,7.46,0.121
64691,112203,4.84,1.027
64693,112301,7.05,1.065
64695,112492,6.84,1.274
64697,112498,7.87,0.999
64699,112681,7.77,1.276
64701,112763,7.77,0.741
64703,112832,5.43,1.444
64705,112860,7.45,1.598
64707,112922,7.6,1.186
64709,112938,7.87,0.983
64711,113034,7.3,1.331
64713,113240,6.72,1.013
64715,113592,7.08,0.984
64717,63331,6.95,0.172
64719,63445,6.97,1.416
64721,63737,7.11,0.854
64723,63908,7.83,1.064
64725,64003,5.63,0.05
64727,64111,6.85,0.325
64729,64129,7.9,1.157
64731,64160,7.99,0.226
64733,64222,7.8,1.1
64735,64229,7.53,0.993
64737,64408,4.85,0.693
64739,64622,7.16,-0.098
64741,112554,6.72,0.48
64743,112581,7.49,0.589
64745,112708,7.87,-0.016
64747,112898,7.43,0.227
64749,112925,7.85,0.262
64751,113189,6.4,1.313
64753,113392,7.3,0.99
64755,113447,6.15,0.582
64757,113784,6.46,0.938
64759,113860,5.12,0.305
64761,113861,7.26,1.543
64763,114046,7.35,1.483
64765,62661,7.61,0.603
64767,62767,7.22,1.701
64769,62773,6.97,-0.055
64771,62885,7.85,1.257
64773,63083,6.9,0.07
64775,63123,7.0,0.103
64777,63251,7.98,0.943
64779,63562,7.86,0.412
64781,63585,7.38,1.3
64783,63981,6.75,1.019
64785,63490,6.01,0.386
64787,63491,6.58,0.298
64789,63530,7.56,0.569
64791,64006,7.31,0.469
64793,64162,7.17,1.059
64795,112948,4.46,-0.037
64797,113246,4.2,0.952
64799,113381,7.91,0.436
64801,114184,7.62,0.254
64803,113234,6.09,1.358
64805,113283,6.48,1.094
64807,113541,7.93,1.582
64809,113838,7.93,0.334
64811,113878,6.78,0.939
64813,113929,7.92,1.14
64815,113959,7.87,0.523
64817,114139,6.57,0.435
64819,62684,7.52,1.035
64821,62788,6.14,0.232
64823,62925,7.69,0.52
64825,62939,7.67,0.849
64827,62978,7.34,0.57
64829,63159,6.73,0.728
64831,63192,7.12,1.442
64833,63227,7.45,0.307
64835,63357,7.27,1.66
64837,63623,6.68,1.52
64839,63627,7.06,0.086
64841,63708,7.43,0.493
64843,63783,7.29,0.103
64845,63787,7.67,1.248
64847,63851,7.71,0.854
64849,113368,1.17,0.145
64851,113377,7.62,1.019
64853,113386,7.6,0.679
64855,113532,5.51,0.271
64857,113579,7.47,0.655
64859,113669,5.55,1.349
64861,113872,6.82,1.635
64863,113967,6.97,0.221
64865,114254,5.6,0.882
64867,114366,5.88,1.311
64869,114399,7.77,1.037
64871,62378,7.41,0.515
64873,62447,6.81,1.045
64875,62448,6.43,-0.058
64877,62553,7.97,1.212
64879,62834,7.54,0.993
64881,63055,7.23,1.43
64883,63188,7.99,1.116
64885,63218,7.36,0.216
64887,63243,6.31,1.069
64889,63286,6.95,0.343
64891,63296,7.68,1.197
64893,63394,7.96,1.456
64895,63459,7.53,0.238
64897,63569,7.2,0.411
64899,63743,7.74,0.451
64901,113562,5.66,1.253
64903,113593,6.3,1.124
64905,113471,7.87,1.016
64907,113576,7.88,1.379
64909,113673,6.27,0.126
64911,113691,7.41,0.541
64913,113910,7.58,1.316
64915,113920,7.46,1.05
64917,114002,7.05,0.964
64919,114017,7.48,1.532
64921,114119,4.48,0.892
64923,114291,6.74,0.476
64925,114375,4.71,0.674
64927,114568,7.95,0.446
64929,62329,7.29,0.888
64931,62408,7.23,0.674
64933,62413,7.99,1.047
64935,62996,6.73,1.61
64937,63129,7.98,1.089
64939,63142,7.22,0.891
64941,63359,6.62,1.289
64943,63423,7.23,0.507
64945,63519,7.76,0.463
64947,63538,6.92,1.308
64949,113641,7.49,0.984
64951,113792,6.78,1.0
64953,113801,5.97,0.946
64955,114341,3.68,1.202
64957,114630,7.66,0.41
64959,62343,7.95,1.638
64961,62505,7.93,0.946
64963,62610,6.63,1.488
64965,62611,6.97,1.516
64967,62853,7.55,1.598
64969,62872,7.61,0.478
64971,62954,7.06,0.28
64973,63109,6.18,-0.001
64975,63151,7.24,0.332
64977,63248,7.95,0.516
64979,63281,7.01,0.873
64981,113543,7.81,0.592
64983,113746,8.0,1.502
64985,113998,6.15,1.37
64987,114010,6.86,0.931
64989,114055,7.71,0.412
64991,114371,6.43,0.01
64993,114720,7.78,1.055
64995,114767,7.61,1.245
64997,62345,6.87,0.695
64999,62399,7.34,1.338
65001,62433,7.66,0.488
65003,62668,7.31,1.332
65005,62747,7.97,0.8
65007,62983,6.0,0.068
65009,62990,7.97,1.053
65011,63046,6.97,1.187
65013,63189,7.4,1.63
65015,63220,6.33,1.491
65017,63313,7.76,1.635
65019,113675,7.28,1.161
65021,113779,7.76,0.974
65023,114058,7.92,0.99
65025,114182,7.68,0.3
65027,114418,7.18,1.229
65029,114536,7.0,1.03
65031,114669,7.02,1.2
65033,114804,7.55,0.218
65035,114805,7.93,1.093
65037,114829,7.55,1.527
65039,62206,7.6,1.249
65041,62371,7.69,0.703
65043,62383,7.64,1.389
65045,62551,7.55,1.141
65047,62636,6.99,0.432
65049,62743,6.48,1.03
65051,62985,4.77,1.59
65053,63225,6.93,0.086
65055,63240,7.1,0.491
65057,113996,5.44,0.312
65059,114006,7.09,1.217
65061,114054,6.71,-0.009
65063,114056,7.3,0.327
65065,114079,7.14,1.047
65067,114164,7.39,0.104
65069,114323,7.89,1.2
65071,114424,7.33,0.604
65073,114600,7.0,1.154
65075,114643,7.81,0.409
65077,114666,7.94,0.519
65079,114702,7.55,0.544
65081,114750,6.13,1.504
65083,114752,7.55,0.279
65085,114763,7.37,1.627
65087,114855,4.24,1.107
65089,62234,7.29,0.333
65091,62260,7.18,1.274
65093,62421,6.27,0.538
65095,62422,7.42,1.538
65097,62605,7.73,0.106
65099,62810,7.95,0.282
65101,62915,6.45,1.094
65103,63070,7.25,0.797
65105,63139,7.01,0.076
65107,113709,7.69,0.993
65109,113723,7.85,0.92
65111,113781,6.18,1.59
65113,113896,6.68,0.581
65115,113936,7.48,1.206
65117,114445,6.96,-0.098
65119,114724,4.22,1.545
65121,114795,7.48,0.938
65123,62103,5.91,0.85
65125,62141,6.76,0.185
65127,62468,7.99,0.553
65129,62808,7.74,1.45
65131,62875,6.11,0.493
65133,63099,7.65,0.472
65135,63155,6.62,0.476
65137,113773,7.85,1.624
65139,113834,7.78,0.578
65141,114211,7.05,1.15
65143,114260,7.42,0.486
65145,114315,7.62,0.427
65147,114700,7.14,0.309
65149,114822,5.56,0.062
65151,114864,6.93,1.301
65153,114914,7.6,0.654
65155,62168,7.88,1.659
65157,62318,7.95,0.376
65159,62443,6.42,1.596
65161,62466,7.96,-0.1
65163,62757,6.02,1.288
65165,62776,7.83,0.539
65167,62835,7.86,0.918
65169,63056,6.95,1.19
65171,63090,3.39,1.571
65173,63093,6.78,0.96
65175,63235,6.91,0.454
65177,113770,7.38,0.512
65179,113913,7.4,0.465
65181,114005,6.39,0.928
65183,114148,6.98,1.079
65185,114228,7.75,1.301
65187,114273,5.42,0.908
65189,114335,7.11,1.267
65191,114488,7.92,0.238
65193,114576,7.71,0.622
65195,114603,7.63,1.033
65197,114639,7.4,0.788
65199,114644,7.54,0.331
65201,114665,7.18,0.393
65203,114834,6.76,0.537
65205,62376,6.31,-0.013
65207,62585,7.56,0.579
65209,62660,7.32,1.071
65211,62917,7.66,1.114
65213,63062,7.69,0.409
65215,113889,4.48,-0.115
65217,113904,6.42,0.417
65219,113976,7.35,1.465
65221,113977,7.92,0.202
65223,113980,7.07,0.472
65225,114126,7.56,1.669
65227,114230,7.66,1.402
65229,114266,7.63,0.045
65231,114489,6.66,1.434
65233,114690,7.06,-0.135
65235,114812,7.75,1.117
65237,62267,5.22,0.322
65239,62325,5.65,0.989
65241,62375,6.89,1.34
65243,62489,7.93,0.418
65245,62597,7.68,0.9
65247,62741,7.66,1.09
65249,62784,7.79,1.01
65251,63173,7.59,1.06
65253,63221,6.81,0.468
65255,63267,7.17,0.279
65257,113811,7.85,1.34
65259,113958,7.38,1.24
65261,114018,7.41,0.24
65263,114053,7.53,1.579
65265,114144,4.54,1.559
65267,114347,5.05,1.484
65269,114389,5.39,-0.068
65271,114398,7.39,0.023
65273,114520,5.15,0.139
65275,114608,6.69,1.624
65277,62248,7.22,-0.093
65279,62249,7.72,0.43
65281,62394,6.11,0.122
65283,62478,6.47,0.015
65285,62524,7.87,1.3
65287,62536,7.1,0.66
65289,62541,5.71,0.024
65291,62874,7.96,0.144
65293,62933,6.25,0.282
65295,63080,7.94,0.96
65297,63081,6.91,1.536
65299,113601,6.7,1.198
65301,114028,7.1,0.597
65303,114215,7.6,0.355
65305,114262,7.9,0.213
65307,114280,7.6,0.455
65309,114378,6.54,0.607
65311,114431,7.71,1.111
65313,114575,7.88,0.939
65315,114641,5.85,1.004
65317,114800,7.66,0.352
65319,62356,5.12,1.346
65321,62388,6.66,0.904
65323,62852,7.92,0.462
65325,62807,6.32,1.622
65327,62819,6.93,0.565
65329,62825,6.29,0.173
65331,63283,7.87,1.63
65333,63355,4.76,1.568
65335,113671,7.1,0.981
65337,113787,6.56,1.206
65339,113963,2.49,-0.002
65341,113994,6.43,0.886
65343,114059,7.54,0.363
65345,114449,5.68,1.33
65347,114031,6.8,0.006
65349,114670,7.37,0.561
65351,62438,7.73,0.505
65353,62459,6.91,0.957
65355,62484,7.64,1.611
65357,62724,7.22,0.441
65359,62782,7.75,0.561
65361,62783,7.29,0.569
65363,62860,7.66,0.511
65365,62886,4.89,0.904
65367,62904,6.42,0.805
65369,62930,7.07,1.17
65371,63043,6.66,1.175
65373,63460,7.49,0.501
65375,63497,6.2,0.466
65377,63566,7.08,1.463
65379,113410,7.31,1.495
65381,113560,7.64,0.376
65383,113635,7.43,1.123
65385,113724,7.18,1.418
65387,113829,6.65,0.62
65389,113884,7.22,0.631
65391,113981,7.24,0.383
65393,114034,7.26,0.573
65395,114075,7.44,1.096
65397,114081,6.16,0.482
65399,114096,6.44,0.544
65401,114183,6.73,1.013
65403,114189,5.97,0.259
65405,114336,6.75,-0.057
65407,114686,6.47,1.151
65409,62456,7.2,0.924
65411,62523,6.29,0.703
65413,62653,6.43,1.002
65415,62778,7.55,1.464
65417,63008,6.99,0.576
65419,63330,7.21,0.594
65421,63526,7.83,1.127
65423,63632,7.65,0.466
65425,63682,7.47,1.12
65427,63692,6.98,1.631
65429,113651,7.66,0.493
65431,113692,7.65,0.7
65433,113766,6.84,0.064
65435,113800,7.21,0.455
65437,113869,7.68,0.069
65439,113987,7.1,0.433
65441,114024,7.1,0.096
65443,114155,4.76,1.285
65445,62576,5.76,0.051
65447,62614,6.87,1.062
65449,62763,4.93,0.681
65451,62857,7.66,0.623
65453,62944,6.91,1.262
65455,63048,7.8,0.665
65457,63320,6.94,0.256
65459,63333,7.97,0.649
65461,63405,7.16,0.449
65463,63933,6.51,0.09
65465,113063,7.39,1.157
65467,113881,2.44,1.655
65469,113992,7.48,1.737
65471,114025,7.64,1.134
65473,114026,7.18,1.61
65475,114263,7.47,0.164
65477,114321,7.64,1.372
65479,114348,6.59,1.155
65481,114448,7.11,0.204
65483,62706,7.89,0.434
65485,63104,6.85,1.082
65487,63440,7.91,0.539
65489,63462,4.88,1.165
65491,63479,6.65,0.916
65493,63619,7.93,0.382
65495,63636,7.51,0.655
65497,63741,7.34,1.059
65499,62972,6.25,0.207
65501,112883,7.16,0.185
65503,113076,7.61,0.493
65505,113487,7.55,0.209
65507,113985,7.46,0.118
65509,113039,7.54,0.209
65511,113147,7.4,-0.011
65513,113342,7.95,1.413
65515,113621,6.6,-0.04
65517,113687,7.55,1.285
65519,113783,6.56,0.342
65521,113844,7.63,0.396
65523,113952,6.77,0.398
65525,114187,6.13,0.137
65527,114201,7.58,-0.014
65529,114213,7.18,1.451
65531,114224,7.44,0.157
65533,63121,5.61,0.337
65535,63125,2.89,-0.115
65537,63360,7.97,1.566
65539,63452,7.62,0.903
65541,63458,7.76,0.918
65543,63551,7.83,0.012
65545,63901,5.2,-0.059
65547,64212,6.01,1.169
65549,64217,6.25,-0.098
65551,64246,5.91,0.294
65553,64484,6.83,0.474
65555,112410,7.62,0.983
65557,112987,6.93,1.716
65559,112590,5.82,1.024
65561,112837,7.36,0.428
65563,112952,7.13,0.163
65565,113036,7.84,0.252
65567,113144,7.47,1.01
65569,113174,5.91,0.397
65571,113200,7.5,1.406
65573,113222,5.73,-0.051
65575,113262,7.83,1.082
65577,113364,7.87,1.502
65579,113436,7.02,1.238
65581,113594,8.0,1.184
65583,113695,7.74,0.724
65585,113719,6.74,0.398
65587,113824,7.78,0.176
65589,113847,7.24,1.033
65591,63356,6.86,0.946
65593,63748,6.8,1.669
65595,63804,7.72,0.96
65597,63907,7.31,1.51
65599,63937,7.29,1.654
65601,64074,7.93,1.25
65603,64106,7.61,1.592
65605,64244,7.16,0.176
65607,64355,7.17,0.939
65609,64470,6.79,0.947
65611,64540,4.94,1.061
65613,64692,5.77,0.198
65615,112242,5.11,0.96
65617,112305,6.47,1.498
65619,112377,7.86,0.054
65621,112475,7.58,0.496
65623,112720,7.34,0.15
65625,112722,7.4,0.594
65627,112778,5.91,0.062
65629,112838,7.45,0.946
65631,112905,7.07,0.01
65633,112917,4.95,1.559
65635,112931,7.88,1.595
65637,113009,6.33,-0.074
65639,113084,5.82,1.136
65641,113145,7.83,0.52
65643,113245,7.32,0.476
65645,113281,5.6,-0.149
65647,113354,6.64,1.569
65649,113365,7.43,1.1
65651,113371,6.17,-0.148
65653,113455,7.83,0.359
65655,113640,6.57,-0.116
65657,63653,7.49,1.639
65659,63904,7.26,1.02
65661,63916,5.64,1.135
65663,65006,7.39,1.374
65665,65135,6.51,0.424
65667,65154,6.97,0.9
65669,65309,6.64,1.552
65671,65326,7.67,1.126
65673,111716,7.77,1.06
65675,111748,7.06,0.582
65677,111753,6.38,0.771
65679,111789,7.18,0.043
65681,111805,6.82,0.581
65683,111944,4.5,1.318
65685,111961,7.86,1.411
65687,112000,7.18,0.323
65689,112042,7.93,0.679
65691,112170,6.39,0.45
65693,112217,7.22,1.178
65695,112221,6.78,1.322
65697,112339,7.88,1.51
65699,112351,7.0,-0.026
65701,112417,5.84,0.358
65703,112428,6.55,1.51
65705,112511,7.95,0.074
65707,112698,7.84,-0.087
65709,112819,7.95,1.375
65711,112907,7.16,0.909
65713,112981,6.82,-0.033
65715,113012,7.98,1.1
65717,113048,5.79,0.282
65719,113110,7.77,-0.043
65721,113226,7.98,0.046
65723,113227,6.81,0.85
65725,113469,7.18,-0.07
65727,113524,7.58,1.241
65729,64468,7.23,0.937
65731,64890,7.96,0.423
65733,64906,5.14,-0.049
65735,65296,7.72,1.681
65737,65698,6.96,0.277
65739,65754,6.42,0.404
65741,65678,6.34,0.259
65743,65802,7.44,1.033
65745,66049,7.94,0.989
65747,66380,6.93,1.549
65749,110704,7.14,1.099
65751,110713,7.29,0.432
65753,110931,7.74,1.226
65755,111006,6.78,-0.048
65757,111115,7.65,0.341
65759,111247,6.41,1.043
65761,111405,7.69,0.061
65763,111925,5.94,0.946
65765,112098,6.14,1.634
65767,112105,7.53,0.072
65769,112277,7.49,1.256
65771,110854,7.83,0.9
65773,110871,7.36,0.13
65775,110888,7.58,0.052
65777,110924,7.73,-0.007
65779,110968,7.86,0.741
65781,110977,7.53,0.27
65783,111058,6.51,0.996
65785,111072,6.41,1.166
65787,111147,7.73,-0.054
65789,111164,7.74,0.12
65791,111169,3.76,0.031
65793,111197,7.95,0.042
65795,111303,7.7,0.452
65797,111442,7.75,0.486
65799,111550,6.29,-0.071
65801,111674,4.64,0.254
65803,111769,7.77,1.53
65805,111868,6.79,0.44
65807,111924,7.38,0.271
65809,111988,6.77,1.517
65811,112016,7.91,0.024
65813,112261,7.05,1.704
65815,112263,7.5,0.593
65817,112300,6.43,1.541
65819,112361,7.51,1.3
65821,112369,6.99,1.104
65823,112411,7.45,0.267
65825,112426,7.87,0.803
65827,112565,7.14,0.255
65829,112585,6.81,1.559
65831,112674,7.88,0.161
65833,112697,6.75,0.552
65835,112745,7.92,0.586
65837,112761,6.23,1.129
65839,112850,6.88,-0.076
65841,64705,7.65,1.051
65843,65378,2.23,0.057
65845,65477,3.99,0.169
65847,65515,7.29,0.804
65849,65774,7.53,0.973
65851,66198,5.6,-0.014
65853,66738,4.63,1.63
65855,66893,6.91,1.13
65857,67021,7.26,1.353
65859,67103,6.47,0.486
65861,65690,7.93,0.367
65863,65728,5.4,-0.01
65865,65756,7.94,-0.2
65867,66165,7.03,1.049
65869,66700,6.28,0.111
65871,66781,7.77,0.83
65873,67002,7.14,0.164
65875,67030,7.8,0.7
65877,67548,6.45,0.094
65879,108426,7.85,0.847
65881,108546,7.65,0.321
65883,109311,7.32,0.079
65885,109592,5.37,1.184
65887,108925,6.69,0.17
65889,108938,6.96,0.034
65891,109190,6.34,0.877
65893,109337,7.52,0.983
65895,109492,3.39,1.558
65897,109497,7.44,0.212
65899,109556,5.05,0.192
65901,109572,5.24,0.534
65903,109585,6.29,1.123
65905,109692,7.21,0.201
65907,109857,4.18,0.278
65909,109867,7.16,0.076
65911,109972,5.88,0.95
65913,110207,6.87,0.866
65915,110266,6.55,-0.057
65917,110314,6.46,0.99
65919,110497,6.18,-0.112
65921,110561,7.08,0.326
65923,110933,7.99,0.145
65925,110988,6.31,-0.033
65927,110991,4.07,0.778
65929,111436,7.25,1.649
65931,109894,7.46,-0.053
65933,110021,7.15,0.113
65935,110309,7.41,0.497
65937,110500,7.89,0.367
65939,110504,6.44,2.215
65941,110807,6.59,-0.092
65943,110934,7.78,1.184
65945,111088,6.62,0.715
65947,111346,7.41,1.351
65949,111362,5.72,0.966
65951,111543,6.37,0.107
65953,111625,7.44,-0.061
65955,111795,5.11,1.537
65957,112038,7.82,0.03
65959,112134,7.37,1.442
65961,67398,7.89,1.42
65963,67485,5.97,0.974
65965,67627,4.58,1.572
65967,67816,7.97,1.035
65969,67936,7.33,1.121
65971,68022,7.97,0.419
65973,68142,7.3,0.545
65975,68184,6.49,1.04
65977,68326,7.11,1.068
65979,68615,7.49,0.315
65981,68085,7.59,0.664
65983,68266,7.04,0.999
65985,68274,7.44,0.515
65987,68756,3.67,-0.049
65989,69416,7.68,1.469
65991,69698,7.33,0.31
65993,69710,7.96,1.11
65995,70144,7.25,0.491
65997,70245,8.0,1.47
65999,70522,7.26,0.488
66001,70744,7.98,1.125
66003,69207,6.54,1.24
66005,69373,5.18,1.595
66007,69855,7.53,0.395
66009,70041,6.95,0.02
66011,70141,7.29,0.13
66013,70736,7.68,0.641
66015,70963,7.43,0.314
66017,71266,7.52,0.689
66019,104451,7.37,1.097
66021,104969,7.92,0.422
66023,105331,7.68,0.324
66025,105380,7.64,0.018
66027,105635,6.93,0.013
66029,105972,5.42,-0.099
66031,106085,6.91,0.012
66033,106193,7.04,-0.026
66035,106604,6.47,-0.083
66037,107205,7.55,1.572
66039,108027,7.5,0.033
66041,106515,6.95,1.111
66043,106538,7.03,1.305
66045,106585,7.97,0.046
66047,106820,7.93,1.082
66049,106869,7.23,1.646
66051,107166,7.97,0.17
66053,107191,6.88,0.531
66055,107648,6.74,1.275
66057,107710,6.49,0.391
66059,107755,7.64,1.698
66061,107880,7.63,0.927
66063,107893,6.37,0.281
66065,107914,6.84,0.997
66067,108030,7.41,1.018
66069,108151,6.96,0.331
66071,108226,5.84,-0.037
66073,108333,7.53,-0.01
66075,108364,6.41,-0.056
66077,108378,6.55,1.614
66079,108583,7.9,0.539
66081,108603,6.93,1.886
66083,108829,6.76,0.101
66085,108917,4.26,0.379
66087,109453,7.7,0.006
66089,107913,7.44,0.09
66091,107961,7.38,0.12
66093,107984,6.7,0.236
66095,108073,7.01,0.259
66097,108080,7.94,0.025
66099,108083,7.6,0.031
66101,108179,7.25,0.961
66103,108209,6.17,1.599
66105,108257,7.23,0.582
66107,108283,7.64,0.052
66109,108317,5.11,1.547
66111,108372,7.0,0.043
66113,108505,5.96,1.64
66115,108650,6.67,0.014
66117,108718,7.07,1.138
66119,108720,7.78,0.158
66121,108924,5.26,1.557
66123,109005,5.27,1.413
66125,109017,5.07,0.24
66127,109029,6.93,0.826
66129,109295,7.54,1.18
66131,109393,6.93,0.346
66133,109505,7.32,0.19
66135,109620,5.76,1.645
66137,109746,6.13,-0.089
66139,109964,7.08,0.171
66141,109981,7.24,1.091
66143,110103,5.75,1.256
66145,110125,7.74,0.313
66147,110409,7.6,1.459
66149,110410,6.95,0.082
66151,110498,6.04,0.035
66153,72862,7.42,1.552
66155,71174,7.85,0.942
66157,72181,7.52,0.154
66159,72358,7.86,0.415
66161,72575,7.64,0.116
66163,73412,7.67,0.517
66165,73440,6.64,0.631
66167,73784,7.87,1.025
66169,73808,7.56,0.131
66171,73864,7.46,1.151
66173,74092,7.84,0.602
66175,74793,5.02,1.369
66177,74806,7.27,0.403
66179,75097,3.0,0.058
66181,74818,6.67,1.027
66183,74942,7.61,1.162
66185,75152,7.38,0.422
66187,75963,7.91,1.5
66189,76239,7.65,0.076
66191,77176,7.79,0.966
66193,77942,6.88,0.831
66195,78392,7.84,1.035
66197,78661,5.73,0.051
66199,78723,7.89,1.582
66201,79280,5.48,-0.093
66203,79420,6.36,1.283
66205,79822,4.95,0.393
66207,79900,7.48,1.482
66209,79998,7.05,0.204
66211,80219,7.43,1.552
66213,80850,6.35,0.995
66215,81156,7.93,1.073
66217,81219,6.89,0.639
66219,81854,5.99,0.43
66221,82345,7.53,0.441
66223,82571,7.35,0.333
66225,82580,6.82,0.318
66227,83218,6.98,0.414
66229,83317,6.17,0.306
66231,82847,7.49,1.084
66233,82871,6.72,-0.004
66235,83184,7.12,1.501
66237,83664,7.38,0.593
66239,84330,7.86,0.979
66241,85103,7.22,1.438
66243,86680,7.82,0.998
66245,87157,7.51,0.596
66247,87234,5.02,0.518
66249,87293,6.25,1.452
66251,87470,7.37,0.326
66253,87639,7.6,0.428
66255,88379,6.95,0.123
66257,88658,7.58,0.607
66259,88780,7.42,1.107
66261,89478,7.33,0.636
66263,90186,7.03,0.991
66265,90615,7.41,1.154
66267,90647,5.65,1.192
66269,91298,6.94,0.363
66271,91656,7.53,0.315
66273,92112,5.37,0.049
66275,92717,6.33,0.021
66277,93097,6.56,0.421
66279,93439,7.61,1.176
66281,94083,5.11,0.308
66283,94554,7.52,1.601
66285,94830,7.58,0.319
66287,94915,7.23,1.201
66289,95087,7.6,0.425
66291,95154,6.22,2.673
66293,95832,7.67,0.378
66295,96137,7.77,0.188
66297,96335,6.97,1.046
66299,98166,7.28,1.437
66301,98401,6.2,1.61
66303,98853,6.91,0.909
66305,99647,7.17,0.334
66307,99805,7.14,1.614
66309,100504,7.79,1.513
66311,101134,6.23,1.353
66313,101260,5.18,0.1
66315,101750,7.46,0.859
66317,102970,7.81,0.685
66319,102982,7.26,0.165
66321,101890,7.93,1.655
66323,102090,7.27,1.133
66325,103190,7.86,0.974
66327,103948,7.79,0.069
66329,104171,5.88,0.386
66331,104615,7.52,0.389
66333,104632,6.89,1.206
66335,104847,7.61,0.165
66337,105490,7.09,0.107
66339,104791,6.67,0.882
66341,105691,7.76,0.105
66343,105766,7.26,0.619
66345,106032,3.23,-0.201
66347,106226,6.97,0.084
66349,107025,7.16,1.314
66351,107083,7.88,0.069
66353,66104,7.89,1.239
66355,66574,6.11,1.415
66357,66635,7.96,0.234
66359,66668,6.59,1.291
66361,66783,6.91,1.801
66363,66977,7.8,0.081
66365,67098,7.16,1.212
66367,67302,6.83,-0.039
66369,67630,7.12,0.303
66371,67767,7.14,0.096
66373,67775,7.04,0.082
66375,68779,7.79,0.584
66377,68784,7.6,0.423
66379,69241,6.07,1.718
66381,69277,7.99,1.624
66383,69956,7.9,1.723
66385,69994,7.93,0.153
66387,69090,6.02,0.581
66389,69575,7.85,0.262
66391,69576,7.83,0.0
66393,69850,7.28,1.688
66395,70001,7.72,0.059
66397,70042,6.58,-0.046
66399,70175,7.44,0.984
66401,70271,7.68,0.049
66403,70503,7.79,0.01
66405,70524,7.64,1.556
66407,71031,7.7,1.318
66409,71350,6.96,1.572
66411,71855,6.73,0.707
66413,72671,6.83,-0.002
66415,70637,7.24,0.506
66417,70874,6.06,1.18
66419,71055,6.93,1.028
66421,71870,6.34,-0.027
66423,71944,7.46,1.011
66425,72233,8.0,1.742
66427,72370,3.83,1.433
66429,72670,6.44,-0.024
66431,72961,7.47,1.505
66433,73043,7.36,0.061
66435,73223,5.37,1.442
66437,73394,6.2,-0.038
66439,73415,5.92,1.052
66441,73834,7.67,0.401
66443,74227,6.92,0.915
66445,74615,7.63,1.407
66447,74733,7.39,1.044
66449,74917,7.01,0.33
66451,75467,7.23,-0.004
66453,74240,7.38,0.432
66455,74663,6.66,0.836
66457,75692,7.61,1.091
66459,75994,7.87,0.394
66461,76378,7.53,0.031
66463,76475,7.74,0.461
66465,76637,6.99,0.178
66467,76664,6.19,1.207
66469,77761,7.68,0.044
66471,77980,7.34,0.988
66473,78250,7.93,1.536
66475,78360,6.4,0.387
66477,79786,7.15,1.038
66479,80047,4.68,1.68
66481,80057,5.27,1.413
66483,80158,8.0,0.266
66485,80200,7.04,0.435
66487,81065,3.86,0.923
66489,81830,6.73,1.345
66491,80624,7.28,1.093
66493,83046,7.67,0.029
66495,83576,7.81,0.887
66497,83972,7.17,-0.061
66499,84219,7.41,0.334
66501,84941,7.41,0.316
66503,85760,5.83,1.617
66505,86012,7.7,0.26
66507,87968,7.3,0.418
66509,88599,6.37,1.528
66511,89434,7.92,0.195
66513,89873,7.36,1.0
66515,89876,7.64,1.308
66517,90359,7.46,1.762
66519,90421,7.16,1.201
66521,90606,5.95,1.173
66523,91271,7.95,0.608
66525,91723,6.27,-0.104
66527,92928,6.57,0.041
66529,93496,7.64,0.476
66531,94304,7.6,0.391
66533,96128,7.83,0.463
66535,96314,6.63,1.042
66537,97159,7.61,1.752
66539,98086,6.39,1.402
66541,99379,7.26,1.003
66543,99931,7.88,0.475
66545,100416,7.61,0.015
66547,100491,6.64,0.021
66549,100594,7.56,0.218
66551,100891,7.93,0.51
66553,101241,7.56,0.371
66555,102608,7.6,1.071
66557,102803,7.91,1.077
66559,101828,7.71,0.96
66561,102162,5.99,0.45
66563,102259,7.68,0.599
66565,102661,7.98,0.441
66567,102808,7.9,1.025
66569,104043,5.13,0.49
66571,104349,7.78,0.583
66573,104385,6.57,1.229
66575,104453,7.9,0.517
66577,105746,7.96,0.398
66579,105169,6.61,0.032
66581,105612,7.88,0.687
66583,105781,7.32,0.911
66585,106209,7.66,1.033
66587,106360,7.83,1.599
66589,107022,7.07,0.755
66591,107616,7.62,0.359
66593,108158,7.43,0.696
66595,107010,7.43,0.536
66597,107061,7.99,0.45
66599,107423,6.02,-0.099
66601,107859,7.26,1.405
66603,107911,7.8,0.529
66605,107957,7.78,0.969
66607,108220,6.65,0.051
66609,108232,6.63,0.262
66611,109245,6.67,0.544
66613,109365,6.83,0.968
66615,109880,6.88,1.052
66617,110668,5.78,0.396
66619,63651,7.84,0.435
66621,64398,6.74,0.469
66623,64471,7.26,0.345
66625,65033,7.95,0.04
66627,65294,7.92,0.645
66629,65681,7.31,0.022
66631,65970,6.66,0.777
66633,64395,6.32,0.426
66635,64466,5.91,0.048
66637,64546,7.81,0.17
66639,64564,6.82,0.998
66641,64578,7.94,0.103
66643,64624,6.87,0.112
66645,64737,7.95,0.226
66647,64790,6.06,0.431
66649,64896,7.76,0.61
66651,64914,6.78,0.748
66653,65010,7.63,0.491
66655,65050,6.91,1.287
66657,65176,7.37,0.582
66659,65242,7.7,2.766
66661,65317,7.99,0.484
66663,65387,4.52,0.822
66665,65479,5.32,0.411
66667,65637,7.61,0.094
66669,65760,6.64,1.076
66671,65777,7.1,0.049
66673,65783,6.09,0.117
66675,65848,7.7,0.044
66677,66005,6.62,0.29
66679,66056,7.58,0.043
66681,66109,7.5,0.594
66683,66152,6.36,-0.014
66685,66155,7.65,0.48
66687,66253,7.39,0.207
66689,66289,6.7,0.944
66691,66333,7.64,0.441
66693,66341,7.98,-0.004
66695,66372,7.94,0.001
66697,66457,7.55,-0.025
66699,66546,7.43,0.128
66701,66590,7.88,0.023
66703,66681,5.79,0.401
66705,64820,4.86,1.48
66707,64853,7.9,1.017
66709,65021,7.26,-0.01
66711,65181,7.03,-0.042
66713,65398,7.81,-0.004
66715,65503,6.98,1.057
66717,65608,7.39,1.241
66719,65635,7.79,0.107
66721,65719,7.06,0.5
66723,65755,6.17,-0.014
66725,66057,7.0,0.734
66727,66161,7.9,1.409
66729,66178,7.19,-0.027
66731,66618,6.97,0.618
66733,66888,7.7,0.053
66735,66941,7.57,0.743
66737,67108,7.54,-0.041
66739,67345,7.61,1.296
66741,67869,7.91,0.02
66743,67910,7.87,0.221
66745,67942,5.74,1.49
66747,68183,7.19,1.564
66749,67664,5.73,1.704
66751,107835,5.52,1.378
66753,109135,7.56,0.02
66755,109214,6.99,0.585
66757,109475,7.04,1.142
66759,109726,7.61,1.35
66761,109734,6.84,1.384
66763,110161,7.26,0.65
66765,110260,7.59,0.382
66767,110425,7.8,0.417
66769,110935,5.56,0.208
66771,110999,7.66,1.05
66773,111230,7.04,0.46
66775,111862,6.9,1.086
66777,111966,7.26,-0.006
66779,110567,7.67,0.397
66781,110630,7.35,-0.036
66783,110781,7.77,1.278
66785,110838,4.51,-0.029
66787,111087,7.8,1.03
66789,111310,4.91,1.612
66791,111348,7.42,1.008
66793,111621,7.58,1.175
66795,111690,7.34,1.165
66797,112281,6.93,0.107
66799,112286,6.78,1.133
66801,112333,7.94,1.388
66803,112533,6.49,1.208
66805,112655,6.51,-0.047
66807,112826,7.58,0.747
66809,112924,6.14,1.025
66811,112984,7.56,0.897
66813,113019,7.6,0.588
66815,111498,7.85,0.867
66817,112603,6.36,1.059
66819,63429,7.97,0.969
66821,62861,5.91,1.309
66823,62883,7.83,1.172
66825,63003,4.03,-0.18
66827,63005,5.08,-0.089
66829,63117,5.34,0.01
66831,63145,6.83,1.52
66833,63204,6.48,-0.042
66835,63230,7.38,1.32
66837,63302,7.72,1.129
66839,63315,7.83,0.282
66841,63616,7.45,1.356
66843,63731,7.08,1.324
66845,63943,6.95,1.596
66847,63980,7.04,1.376
66849,64087,7.3,-0.033
66851,64130,7.76,0.238
66853,64277,7.66,0.523
66855,64370,6.79,1.684
66857,64601,7.99,1.011
66859,64667,7.8,-0.032
66861,64739,6.95,0.323
66863,64910,7.07,0.106
66865,63489,7.07,0.173
66867,63565,7.38,0.059
66869,63658,7.79,0.244
66871,63990,7.9,0.288
66873,64016,7.13,1.304
66875,64033,5.98,0.435
66877,64425,4.58,-0.073
66879,64478,6.18,0.592
66881,64565,7.63,0.384
66883,64580,5.91,1.084
66885,64583,4.9,0.489
66887,64894,7.49,1.657
66889,65015,6.98,1.868
66891,65108,6.2,0.41
66893,65236,6.92,-0.015
66895,65271,4.52,-0.141
66897,111322,7.0,1.056
66899,111339,7.9,0.93
66901,111553,7.95,0.614
66903,112223,7.61,0.372
66905,112259,6.29,0.568
66907,112291,7.93,1.054
66909,112569,7.11,1.552
66911,112726,7.41,1.548
66913,112791,7.47,0.323
66915,112848,7.32,0.313
66917,112895,6.47,1.132
66919,113402,6.7,0.344
66921,113511,7.38,1.406
66923,111967,5.98,1.45
66925,112005,7.24,1.657
66927,112290,7.89,1.191
66929,112302,7.09,1.233
66931,112320,7.89,1.16
66933,112408,6.62,1.189
66935,112750,7.06,1.533
66937,112839,7.86,0.948
66939,113022,7.95,1.222
66941,113330,7.43,1.216
66943,113351,7.06,0.242
66945,113647,7.01,0.2
66947,113842,7.66,0.49
66949,113863,7.47,0.417
66951,113900,7.74,0.173
66953,114217,7.87,1.615
66955,62277,7.13,0.445
66957,62621,7.99,1.03
66959,62820,7.86,-0.045
66961,62867,4.33,1.344
66963,63464,6.95,0.972
66965,62506,7.98,1.005
66967,62618,6.93,1.36
66969,62703,5.7,0.127
66971,62803,7.95,1.332
66973,62821,6.26,1.106
66975,62829,7.86,-0.052
66977,62968,7.6,0.445
66979,63069,7.94,0.982
66981,63210,5.17,-0.066
66983,63307,7.47,0.918
66985,63527,7.79,0.358
66987,63598,7.85,0.953
66989,63724,4.83,0.029
66991,63838,7.7,0.972
66993,63883,6.43,1.69
66995,63968,7.64,1.68
66997,64004,4.27,-0.182
66999,64053,5.7,-0.061
67001,64307,6.67,1.107
67003,64320,6.05,-0.079
67005,64391,7.02,1.705
67007,63974,7.93,0.282
67009,113439,7.82,0.84
67011,113564,7.29,0.268
67013,113638,4.11,0.96
67015,113657,5.68,1.411
67017,113799,7.25,0.95
67019,113957,5.37,1.453
67021,114167,5.81,0.486
67023,114179,7.54,1.015
67025,113232,7.97,1.118
67027,113629,7.33,0.324
67029,113643,7.55,1.344
67031,113777,7.75,0.849
67033,114159,6.33,1.452
67035,114626,6.8,0.922
67037,61905,6.72,1.249
67039,62483,6.88,-0.018
67041,63033,5.89,0.633
67043,63375,7.45,1.242
67045,62241,6.64,1.15
67047,62283,7.82,0.262
67049,62655,6.26,0.046
67051,62665,7.96,0.48
67053,62799,6.31,0.04
67055,62887,7.59,1.51
67057,63050,7.49,1.518
67059,63182,6.75,0.448
67061,63282,7.48,1.196
67063,63287,6.85,0.039
67065,63372,7.85,0.294
67067,63595,7.76,0.558
67069,63795,7.62,-0.033
67071,113190,6.67,0.458
67073,113191,7.04,0.56
67075,113307,5.72,0.226
67077,113454,7.67,0.644
67079,113559,7.82,0.483
67081,113659,7.35,1.408
67083,113711,7.54,0.463
67085,113774,7.21,0.444
67087,113821,6.64,-0.046
67089,113839,7.8,0.523
67091,114165,7.92,1.0
67093,114314,7.42,1.188
67095,114673,7.97,1.086
67097,114112,7.67,0.606
67099,114131,4.28,0.423
67101,114421,3.88,0.998
67103,114528,7.93,0.501
67105,114541,7.18,1.109
67107,114921,5.92,1.053
67109,115001,7.76,0.694
67111,61664,7.37,0.979
67113,61682,7.46,1.106
67115,61789,4.63,-0.082
67117,62081,6.43,0.242
67119,62414,7.78,0.4
67121,62845,7.99,1.373
67123,62880,6.85,1.526
67125,62086,7.15,1.598
67127,62368,7.69,1.038
67129,62381,7.84,0.959
67131,62562,7.85,0.536
67133,62580,6.89,1.096
67135,62786,5.99,-0.098
67137,62896,4.25,0.224
67139,62907,7.29,0.251
67141,63045,6.82,-0.13
67143,63066,5.46,1.668
67145,113858,7.76,0.547
67147,113877,6.85,1.624
67149,113902,5.79,1.069
67151,114382,5.83,0.475
67153,114407,5.9,1.565
67155,114652,7.84,0.39
67157,114775,5.77,1.16
67159,114937,6.49,1.07
67161,115054,5.54,0.445
67163,115175,7.21,0.218
67165,115234,7.72,1.026
67167,115274,7.96,1.455
67169,114132,5.62,0.006
67171,114771,7.94,1.415
67173,115146,7.05,0.13
67175,61451,7.84,1.024
67177,61565,7.62,1.201
67179,61593,7.85,0.312
67181,61679,7.61,1.129
67183,61683,7.71,0.997
67185,61828,7.7,0.095
67187,62105,7.87,0.388
67189,62107,7.53,0.664
67191,62128,6.38,-0.06
67193,62254,7.64,0.681
67195,62535,7.79,0.584
67197,62591,7.54,0.471
67199,62640,7.54,1.495
67201,62785,6.98,1.32
67203,114414,8.0,1.526
67205,114873,7.91,1.194
67207,115143,7.79,1.005
67209,61337,7.98,0.889
67211,61347,6.98,0.225
67213,61507,7.84,1.649
67215,61720,5.86,1.207
67217,61893,7.7,1.137
67219,62360,5.87,1.326
67221,62485,7.41,1.428
67223,62656,7.96,1.238
67225,62683,4.9,-0.031
67227,114466,7.76,1.054
67229,114601,7.51,1.048
67231,114634,7.75,1.084
67233,115102,4.41,1.109
67235,115113,6.94,1.093
67237,115178,6.35,1.308
67239,115493,7.39,1.592
67241,115631,7.76,1.453
67243,61621,5.41,0.334
67245,62090,7.5,1.113
67247,61756,7.48,0.355
67249,61784,7.63,1.325
67251,61884,7.56,-0.021
67253,61908,6.64,1.603
67255,62131,5.46,1.346
67257,62232,6.78,0.186
67259,62500,5.65,0.947
67261,114453,6.53,0.282
67263,114633,7.92,0.483
67265,114842,6.52,1.064
67267,114908,7.36,1.626
67269,114920,7.13,1.205
67271,114969,6.24,1.556
67273,115110,7.73,0.24
67275,115121,6.49,1.535
67277,115312,5.65,0.817
67279,115518,7.75,-0.013
67281,115681,6.58,1.0
67283,115796,7.45,0.286
67285,61214,7.5,0.239
67287,61336,7.44,1.127
67289,61359,2.65,0.893
67291,61587,7.82,1.234
67293,61768,7.66,0.324
67295,62062,6.8,1.651
67297,62288,7.99,0.21
67299,114606,7.97,0.4
67301,114758,7.92,1.055
67303,114802,7.28,0.179
67305,114907,7.11,0.312
67307,115173,7.96,1.274
67309,115204,7.63,0.282
67311,115425,7.43,0.387
67313,115454,7.99,0.848
67315,115597,7.68,1.118
67317,115748,7.3,1.053
67319,61083,7.31,1.137
67321,61155,7.26,1.113
67323,61208,6.41,1.11
67325,61270,6.26,0.304
67327,61496,6.2,0.34
67329,61548,7.72,1.352
67331,61688,6.0,0.31
67333,61761,8.0,0.993
67335,61867,7.99,0.405
67337,61930,7.91,0.302
67339,61951,6.02,0.397
67341,62120,7.57,1.035
67343,62264,7.56,0.013
67345,62285,6.91,1.302
67347,114705,7.51,0.131
67349,114933,7.25,1.034
67351,114951,6.93,1.295
67353,114968,7.72,0.347
67355,115078,6.75,1.662
67357,115284,6.99,0.922
67359,115286,7.74,0.649
67361,115438,3.96,1.082
67363,115494,7.92,1.091
67365,115522,6.46,0.433
67367,115528,6.18,1.02
67369,115587,7.71,0.993
67371,115662,7.74,0.603
67373,115669,4.38,1.46
67375,115709,6.43,1.036
67377,61145,7.52,0.4
67379,61174,4.3,0.388
67381,61218,7.97,0.853
67383,61236,7.46,0.992
67385,61325,7.35,1.03
67387,61345,7.26,0.595
67389,61373,7.78,0.328
67391,61460,7.12,0.406
67393,61463,6.68,0.377
67395,61562,7.46,1.072
67397,61993,7.82,1.035
67399,62001,7.71,1.157
67401,62189,7.22,1.379
67403,114970,7.33,0.996
67405,115144,5.96,1.534
67407,114998,6.72,-0.137
67409,115170,7.31,1.084
67411,115404,5.19,0.203
67413,115505,7.51,0.45
67415,115742,6.91,0.201
67417,115827,6.73,1.514
67419,60994,6.37,0.591
67421,61127,7.97,0.22
67423,61212,5.74,0.376
67425,61296,5.58,0.861
67427,61449,6.7,0.938
67429,61466,7.99,0.483
67431,61486,6.61,0.36
67433,61649,7.82,0.783
67435,61656,7.66,1.445
67437,61853,6.84,1.341
67439,61910,5.17,0.432
67441,62035,7.64,1.279
67443,62096,7.09,0.07
67445,62109,6.61,1.309
67447,62125,6.96,0.309
67449,114854,7.28,0.433
67451,115000,7.76,0.847
67453,115015,6.33,0.058
67455,115038,6.59,1.264
67457,115119,7.23,0.0
67459,115126,5.2,0.787
67461,115310,7.17,1.477
67463,115351,7.92,1.027
67465,115626,7.83,1.152
67467,115685,7.78,0.156
67469,115789,7.25,1.696
67471,115839,6.37,0.902
67473,115844,7.33,1.39
67475,61042,7.84,0.989
67477,61108,7.19,1.002
67479,61318,5.48,-0.035
67481,61599,7.02,0.051
67483,61740,4.66,1.24
67485,61858,7.26,0.539
67487,61903,7.7,1.603
67489,61969,6.81,1.58
67491,62113,7.72,0.353
67493,114906,7.98,0.529
67495,114939,4.93,1.613
67497,115033,4.41,-0.144
67499,115115,4.99,-0.022
67501,115253,7.9,-0.032
67503,115278,7.74,0.996
67505,115305,7.5,0.264
67507,115347,7.67,-0.199
67509,115445,7.8,0.881
67511,115457,7.88,0.475
67513,115495,6.69,0.93
67515,115527,7.62,0.682
67517,115906,6.2,1.438
67519,60987,7.35,0.428
67521,61054,6.86,1.43
67523,61134,6.19,1.041
67525,61558,5.88,0.072
67527,61685,6.67,1.595
67529,61763,6.71,1.417
67531,62013,7.73,0.47
67533,62039,7.83,0.675
67535,114952,6.71,0.415
67537,114977,7.6,1.411
67539,115142,5.56,0.386
67541,115220,6.64,0.52
67543,115257,6.17,1.089
67545,115309,7.87,0.377
67547,115311,7.31,1.056
67549,115316,6.79,0.14
67551,115705,7.3,1.105
67553,115892,6.99,1.502
67555,115953,6.26,1.123
67557,116060,6.39,1.259
67559,60924,6.86,1.63
67561,61173,7.31,0.644
67563,61358,7.07,1.154
67565,61441,7.94,1.514
67567,61578,6.95,0.484
67569,61711,7.18,0.058
67571,61791,7.99,1.002
67573,61941,2.74,0.368
67575,115012,7.88,0.676
67577,115572,7.54,0.822
67579,115767,7.6,1.013
67581,115891,7.87,1.0
67583,115945,6.35,1.125
67585,115951,6.88,0.62
67587,61037,7.34,0.901
67589,61091,7.63,0.352
67591,61428,7.04,0.478
67593,61637,6.33,0.0
67595,61658,5.68,1.592
67597,114971,3.7,0.916
67599,115101,7.5,1.416
67601,115273,7.65,0.524
67603,115301,7.42,0.944
67605,115428,7.04,0.033
67607,115476,6.33,1.583
67609,115724,6.72,1.108
67611,115738,4.95,0.036
67613,115768,6.26,1.013
67615,115811,7.74,0.402
67617,115984,7.98,0.936
67619,116034,7.16,1.526
67621,116069,7.17,0.448
67623,60942,7.14,0.407
67625,61104,7.76,0.363
67627,61149,7.52,1.28
67629,61304,7.79,1.216
67631,61354,8.0,0.915
67633,61624,7.97,1.089
67635,61628,6.99,0.092
67637,61667,7.77,1.275
67639,61881,7.68,0.398
67641,61968,5.57,0.002
67643,61991,7.74,1.535
67645,115223,7.95,0.67
67647,115227,5.05,1.204
67649,115412,7.61,0.478
67651,115524,7.67,0.351
67653,115544,6.62,1.152
67655,115551,7.18,-0.098
67657,115830,4.27,1.062
67659,115851,7.38,0.41
67661,116004,7.26,1.143
67663,116035,7.76,0.222
67665,61035,7.46,0.481
67667,61103,6.05,1.523
67669,61246,6.29,0.953
67671,61273,7.59,1.122
67673,61292,6.96,1.049
67675,61366,6.76,1.086
67677,61419,7.75,0.576
67679,61579,6.61,0.25
67681,61618,7.58,1.398
67683,61852,8.0,0.89
67685,61889,7.16,0.432
67687,61937,6.22,0.192
67689,61950,6.97,0.32
67691,61960,4.88,0.076
67693,61990,7.91,0.463
67695,62070,7.43,1.592
67697,115041,7.63,1.025
67699,115137,7.38,1.043
67701,115182,6.91,1.16
67703,115674,7.56,1.353
67705,115697,7.1,0.602
67707,115774,7.01,1.219
67709,115838,7.86,1.555
67711,115871,7.4,0.495
67713,61353,7.6,0.349
67715,61397,7.9,0.299
67717,61423,7.55,1.04
67719,61676,7.21,1.17
67721,61869,7.91,1.53
67723,115444,5.09,1.315
67725,115919,4.54,0.939
67727,60960,7.28,1.25
67729,61080,7.47,1.13
67731,61571,5.7,1.436
67733,61662,7.64,0.607
67735,61727,7.58,0.451
67737,61844,7.89,0.385
67739,61901,7.91,1.109
67741,115024,7.71,1.42
67743,115263,7.63,0.141
67745,115288,6.67,0.329
67747,115552,7.55,0.524
67749,115910,7.11,0.08
67751,61415,6.57,0.265
67753,61418,5.03,1.152
67755,61099,7.91,0.863
67757,61120,7.92,0.412
67759,61420,5.86,1.242
67761,61560,7.54,0.493
67763,61584,7.67,0.399
67765,61724,5.49,0.978
67767,61832,7.99,0.544
67769,61917,7.85,0.807
67771,62130,7.94,0.279
67773,62162,7.59,0.479
67775,114734,7.03,1.068
67777,114877,7.56,1.01
67779,115011,6.73,0.392
67781,115207,7.89,1.274
67783,115249,6.92,1.19
67785,115255,7.34,0.168
67787,115268,7.66,0.341
67789,115345,7.18,1.728
67791,115370,7.76,0.619
67793,115407,6.28,-0.033
67795,115417,6.62,0.6
67797,115512,7.6,0.9
67799,115546,7.94,1.413
67801,115548,7.44,0.468
67803,115834,7.98,0.783
67805,115856,6.67,0.248
67807,115847,7.42,0.333
67809,61151,7.62,0.4
67811,61290,7.24,1.65
67813,61295,6.28,0.114
67815,61387,7.69,1.399
67817,61394,4.8,0.012
67819,61500,7.72,1.051
67821,61719,6.39,1.096
67823,62048,8.0,1.023
67825,62102,7.62,0.307
67827,62216,7.78,1.65
67829,62349,6.83,0.54
67831,114689,7.84,-0.2
67833,114742,6.36,1.167
67835,114806,7.97,0.344
67837,114809,6.81,0.85
67839,114835,7.79,1.05
67841,114863,6.57,0.415
67843,115172,7.28,-0.075
67845,115214,6.63,1.41
67847,115250,4.58,0.18
67849,115371,7.28,1.039
67851,115389,6.38,1.54
67853,115549,6.97,1.004
67855,115583,7.38,-0.069
67857,115623,4.42,0.617
67859,115646,6.97,0.234
67861,115741,7.51,0.189
67863,115787,7.93,0.508
67865,115806,5.99,-0.066
67867,115829,7.86,0.942
67869,61890,7.82,0.456
67871,62073,6.68,0.369
67873,62017,7.48,0.389
67875,62213,7.44,1.08
67877,62439,7.25,0.369
67879,114526,6.19,0.937
67881,114607,6.34,0.924
67883,114725,6.41,0.448
67885,114774,7.1,0.026
67887,114844,6.51,0.833
67889,114872,7.96,1.12
67891,114985,7.17,1.671
67893,115057,7.28,0.433
67895,115077,6.91,1.006
67897,115159,7.64,0.508
67899,115366,6.74,0.392
67901,115520,7.36,-0.04
67903,115360,6.59,0.4
67905,115666,7.76,0.699
67907,61494,7.95,0.553
67909,61499,7.37,1.35
67911,61818,7.03,1.407
67913,61851,7.65,0.311
67915,61887,7.78,1.545
67917,61902,6.94,0.286
67919,61995,6.64,1.074
67921,62199,7.75,0.477
67923,62278,7.49,0.983
67925,62386,7.74,1.495
67927,62479,7.66,1.115
67929,114404,6.69,1.306
67931,114415,7.05,-0.038
67933,114471,7.29,1.183
67935,114483,7.62,1.447
67937,114486,6.9,1.119
67939,114533,7.4,0.972
67941,114838,7.61,0.537
67943,114949,7.69,0.186
67945,114975,7.93,1.677
67947,115017,7.02,0.481
67949,115018,7.03,0.33
67951,115029,6.99,1.205
67953,115092,7.17,1.364
67955,115271,5.58,1.501
67957,115355,5.35,-0.101
67959,115500,6.7,0.452
67961,115563,7.2,0.378
67963,115591,5.56,-0.075
67965,61689,7.97,1.148
67967,61748,6.39,0.095
67969,62140,7.09,0.315
67971,62641,5.87,0.17
67973,114074,6.76,1.154
67975,114087,7.84,0.989
67977,114147,7.71,0.012
67979,114152,6.38,1.158
67981,114369,7.91,0.42
67983,114390,7.61,1.555
67985,114504,7.9,0.478
67987,114565,6.92,1.008
67989,114738,7.78,1.154
67991,114856,7.98,0.547
67993,114868,6.87,0.288
67995,115093,7.37,0.335
67997,115145,6.74,-0.029
67999,115148,6.32,-0.053
68001,115280,5.77,0.468
68003,115313,7.35,1.074
68005,115317,7.11,1.44
68007,115539,7.52,1.039
68009,61619,7.34,0.495
68011,61696,7.6,0.047
68013,62207,5.95,0.557
68015,61692,6.35,0.204
68017,61925,7.6,0.956
68019,62097,7.81,1.523
68021,62177,6.96,1.325
68023,62363,7.91,0.48
68025,113726,3.62,-0.099
68027,113788,5.09,0.094
68029,113796,7.58,0.897
68031,113938,7.77,-0.031
68033,114071,7.09,0.801
68035,114089,7.62,1.533
68037,114168,7.78,0.358
68039,114214,7.7,0.362
68041,114432,7.74,0.496
68043,114604,6.91,0.234
68045,114617,7.73,1.641
68047,114681,7.71,1.459
68049,114779,7.32,1.389
68051,115065,5.98,0.215
68053,115124,7.7,0.173
68055,115191,5.81,1.512
68057,115200,7.35,0.218
68059,114278,7.4,1.58
68061,114305,7.35,0.042
68063,114373,6.66,0.227
68065,114612,7.6,0.28
68067,115179,7.62,1.05
68069,62172,6.34,0.469
68071,62223,5.42,2.994
68073,63179,6.97,0.113
68075,61989,7.01,0.287
68077,62355,7.85,1.399
68079,62516,6.25,0.195
68081,62891,7.37,1.496
68083,62992,7.47,1.045
68085,63024,5.75,1.451
68087,63211,6.11,1.012
68089,63699,7.95,1.311
68091,113603,6.51,0.299
68093,113679,7.95,0.389
68095,113690,7.74,0.947
68097,113720,7.67,0.022
68099,113729,7.94,0.169
68101,114100,7.75,0.008
68103,114174,6.66,-0.059
68105,114200,5.3,1.409
68107,114379,7.91,0.9
68109,114385,7.11,0.658
68111,114456,6.98,0.75
68113,114512,7.21,0.694
68115,114781,7.21,0.051
68117,113665,7.35,0.375
68119,113750,6.43,0.959
68121,113802,6.37,-0.02
68123,114048,7.85,1.153
68125,114237,6.51,0.168
68127,114430,5.91,0.45
68129,114476,7.53,0.194
68131,114672,7.93,0.468
68133,114729,7.49,0.535
68135,114981,6.44,1.077
68137,115036,6.48,-0.037
68139,115120,6.51,0.174
68141,62437,6.82,0.387
68143,62600,6.5,1.135
68145,62734,7.69,1.58
68147,62476,6.88,0.94
68149,63143,5.84,0.204
68151,63522,7.78,0.392
68153,63777,7.41,1.39
68155,63805,7.35,1.31
68157,64065,7.97,1.364
68159,112760,7.93,1.533
68161,112500,6.85,0.166
68163,112812,7.22,0.59
68165,112835,7.43,0.264
68167,112896,7.27,0.21
68169,112964,7.07,1.679
68171,112986,6.46,-0.047
68173,113177,7.87,0.612
68175,113202,7.89,0.405
68177,113288,4.99,1.778
68179,113449,7.43,1.457
68181,113501,6.31,1.414
68183,113505,6.98,-0.035
68185,113617,7.9,0.144
68187,113625,7.97,1.595
68189,113714,7.29,1.366
68191,113764,7.69,0.355
68193,113806,7.95,1.36
68195,113856,7.61,1.036
68197,113919,4.64,1.058
68199,114097,7.42,-0.108
68201,114154,7.02,0.285
68203,114162,6.12,1.06
68205,114482,7.23,-0.026
68207,114501,6.81,0.456
68209,114559,7.4,0.333
68211,114714,6.32,-0.005
68213,113327,5.34,-0.102
68215,113689,7.87,1.336
68217,113960,7.83,0.179
68219,114210,5.68,0.449
68221,114329,6.75,-0.043
68223,114395,7.27,1.109
68225,114420,7.29,0.674
68227,114537,7.65,-0.022
68229,114570,4.53,0.302
68231,62956,1.76,-0.022
68233,63089,7.28,0.991
68235,63096,6.78,0.037
68237,63222,7.51,0.084
68239,63503,4.93,0.368
68241,63570,7.73,1.04
68243,63956,7.48,0.783
68245,64208,7.03,0.6
68247,64249,7.64,1.348
68249,64523,7.98,1.132
68251,64532,6.82,0.603
68253,64842,7.77,1.492
68255,63625,7.82,0.465
68257,63647,6.5,0.055
68259,65057,7.96,0.635
68261,111469,7.08,0.403
68263,111592,7.57,1.795
68265,111829,7.02,0.363
68267,112108,7.94,0.109
68269,112324,6.45,0.43
68271,112508,6.33,0.017
68273,112881,7.2,0.577
68275,112969,7.88,0.111
68277,112972,7.42,0.59
68279,112998,6.01,1.748
68281,113316,7.21,-0.05
68283,113498,6.46,0.012
68285,113700,7.4,1.313
68287,113790,7.3,0.32
68289,112183,6.91,0.314
68291,112343,7.99,0.205
68293,112434,6.85,0.068
68295,112641,6.14,-0.083
68297,112731,5.43,1.167
68299,112734,7.55,-0.03
68301,112956,7.58,1.668
68303,112957,7.39,0.548
68305,113102,6.85,0.924
68307,113255,7.06,-0.054
68309,113268,7.26,0.057
68311,113324,7.45,0.368
68313,113353,7.97,0.222
68315,113557,7.45,0.361
68317,113561,5.1,1.011
68319,113684,6.24,1.499
68321,113797,6.51,-0.079
68323,113852,6.43,0.898
68325,113939,7.98,1.915
68327,113975,6.81,0.052
68329,63952,6.15,0.997
68331,64096,7.58,1.143
68333,64231,6.52,-0.009
68335,64347,7.49,0.475
68337,64735,7.34,1.043
68339,65184,7.32,1.483
68341,65435,7.75,1.521
68343,65486,7.86,1.016
68345,65530,6.5,0.739
68347,65591,7.93,1.223
68349,65603,6.64,0.383
68351,65613,7.01,0.407
68353,65846,7.04,0.792
68355,66263,7.95,0.451
68357,66798,5.85,0.073
68359,66857,6.6,0.135
68361,67023,7.93,0.464
68363,64903,7.2,1.297
68365,66422,6.7,0.989
68367,66520,7.87,0.091
68369,67046,7.98,0.483
68371,67109,7.96,0.552
68373,67583,7.62,1.189
68375,67589,6.39,1.179
68377,68537,6.34,1.412
68379,69161,7.33,-0.03
68381,109196,7.52,0.428
68383,109441,7.98,0.147
68385,109661,7.41,0.002
68387,110034,7.07,0.12
68389,110181,7.45,1.081
68391,110307,7.69,0.515
68393,110344,7.28,0.29
68395,110405,6.62,0.667
68397,110496,7.95,1.371
68399,110749,7.11,0.278
68401,111046,7.85,0.988
68403,111319,7.73,0.5
68405,111670,7.3,0.359
68407,111977,7.46,0.635
68409,110214,7.38,0.33
68411,110634,7.72,0.953
68413,110706,6.86,1.518
68415,110814,7.98,1.227
68417,110817,5.52,0.302
68419,110828,6.61,1.032
68421,110841,7.31,0.159
68423,110919,6.3,1.113
68425,110998,8.0,0.425
68427,111174,7.18,1.17
68429,111316,7.79,1.273
68431,111387,7.91,0.166
68433,111617,7.61,1.149
68435,111701,6.66,1.154
68437,111747,7.38,0.076
68439,111797,5.19,0.083
68441,112169,6.76,-0.025
68443,112197,6.74,0.923
68445,112245,7.5,0.719
68447,112562,6.87,0.242
68449,112635,6.07,1.194
68451,112876,6.65,0.759
68453,110940,7.43,0.922
68455,111112,6.98,0.022
68457,111379,6.55,0.175
68459,112248,7.47,1.673
68461,112647,7.92,1.022
68463,112864,5.61,0.775
68465,113249,6.53,1.82
68467,65616,7.4,0.349
68469,65684,7.26,1.057
68471,66269,7.51,0.029
68473,66435,5.5,1.219
68475,67897,7.87,0.986
68477,67993,7.31,1.131
68479,68555,7.51,1.071
68481,68662,7.74,1.438
68483,69268,7.95,0.951
68485,68382,7.8,0.687
68487,68825,7.5,1.165
68489,68956,6.43,0.16
68491,69925,7.74,1.079
68493,70167,7.71,1.074
68495,70692,4.25,1.431
68497,71069,7.83,1.561
68499,72607,2.07,1.465
68501,72992,6.88,1.655
68503,72307,7.38,0.215
68505,72819,6.52,1.2
68507,73136,6.83,0.985
68509,73299,7.47,0.876
68511,73715,7.68,0.475
68513,74451,7.95,1.673
68515,74880,7.34,1.382
68517,75214,7.78,1.386
68519,76008,5.0,1.545
68521,76097,7.96,0.616
68523,75809,6.57,0.665
68525,75829,7.3,0.803
68527,75874,6.94,0.944
68529,76450,6.89,0.969
68531,76695,6.89,0.392
68533,76973,8.0,0.276
68535,77055,4.29,0.038
68537,77102,6.85,1.504
68539,77105,7.98,0.99
68541,78424,7.57,1.06
68543,79216,7.91,1.067
68545,80272,7.73,1.003
68547,80480,5.55,0.249
68549,80902,7.01,0.607
68551,81270,7.79,0.438
68553,81428,6.33,1.141
68555,82080,4.21,0.897
68557,82175,7.94,0.942
68559,82204,6.83,1.267
68561,82894,6.64,0.996
68563,84732,7.31,0.163
68565,84769,5.74,1.499
68567,86267,7.38,0.439
68569,86639,7.08,1.633
68571,87199,7.51,0.379
68573,88127,6.11,0.521
68575,88136,5.74,0.516
68577,90179,6.54,1.092
68579,90353,7.21,0.302
68581,92040,6.4,0.296
68583,92431,7.87,0.285
68585,92738,6.89,0.01
68587,93159,7.93,0.989
68589,93710,7.91,0.97
68591,93839,7.36,0.926
68593,93948,7.6,0.144
68595,94801,7.85,0.902
68597,94978,7.71,1.545
68599,95167,6.06,0.072
68601,97079,7.89,0.076
68603,97283,7.29,1.271
68605,97425,7.99,0.353
68607,97678,7.64,1.696
68609,98666,6.7,0.911
68611,99169,6.99,0.486
68613,99255,4.38,-0.046
68615,99560,7.62,0.407
68617,99641,6.78,1.545
68619,99759,6.8,0.007
68621,99779,7.9,0.309
68623,99871,7.46,0.891
68625,100746,7.56,-0.015
68627,101634,6.95,-0.137
68629,101824,7.07,0.403
68631,103219,5.99,0.946
68633,103342,6.76,1.114
68635,103628,7.99,0.133
68637,104105,5.91,-0.065
68639,104414,7.49,0.113
68641,104609,7.13,0.037
68643,104667,7.1,-0.102
68645,104957,7.42,0.037
68647,104968,5.92,1.531
68649,105526,6.56,0.088
68651,105557,6.85,0.64
68653,106024,7.59,0.389
68655,106048,7.26,1.5
68657,104458,6.89,0.572
68659,105694,7.22,1.069
68661,106294,7.89,0.319
68663,106748,7.99,0.7
68665,107995,6.64,0.108
68667,108420,6.32,1.56
68669,108826,7.36,1.166
68671,106914,7.12,0.476
68673,107119,4.55,1.108
68675,107230,5.18,1.063
68677,107420,7.5,0.112
68679,107457,8.0,0.727
68681,107555,6.45,-0.007
68683,107955,7.14,0.062
68685,108031,7.34,0.208
68687,108034,6.99,-0.013
68689,108535,5.04,0.439
68691,109163,7.37,1.134
68693,109191,6.84,0.145
68695,109197,7.1,0.144
68697,109273,7.09,1.897
68699,109275,7.87,0.03
68701,109324,7.76,0.483
68703,109400,4.79,0.919
68705,109434,6.36,-0.053
68707,109474,5.52,0.391
68709,109479,7.49,0.631
68711,109517,7.91,0.205
68713,109659,6.11,1.006
68715,109764,7.88,1.1
68717,110062,7.37,1.06
68719,110588,7.59,0.17
68721,110610,7.43,0.141
68723,110725,5.47,1.216
68725,110885,7.7,0.118
68727,111018,7.28,0.208
68729,110711,7.95,1.021
68731,111064,7.15,-0.046
68733,111314,6.01,0.334
68735,62722,7.24,0.091
68737,62981,6.88,1.267
68739,64390,5.92,0.415
68741,64665,7.49,0.024
68743,64682,6.37,1.21
68745,65113,7.47,0.283
68747,62587,7.76,0.001
68749,62608,5.55,1.154
68751,62916,7.12,0.038
68753,63073,7.95,0.038
68755,63106,7.21,1.0
68757,63165,5.93,1.115
68759,63613,3.61,1.19
68761,63688,5.93,0.002
68763,64047,7.7,0.026
68765,64331,7.87,0.516
68767,64882,7.04,0.267
68769,64994,6.04,1.341
68771,65036,7.43,0.742
68773,65166,7.77,2.1
68775,65234,7.64,0.007
68777,65289,6.06,0.049
68779,65433,7.25,0.849
68781,65522,5.65,-0.018
68783,66351,7.11,0.044
68785,67042,7.46,0.005
68787,64587,5.84,1.04
68789,64598,6.98,1.503
68791,65374,7.8,0.416
68793,65468,5.04,1.11
68795,65628,6.62,-0.056
68797,66121,6.52,0.455
68799,66206,7.25,1.116
68801,66416,7.82,0.502
68803,66607,6.32,-0.003
68805,66806,6.9,0.461
68807,66852,7.96,1.333
68809,67257,7.71,1.163
68811,68815,5.69,1.239
68813,64921,7.07,0.205
68815,65470,7.89,0.452
68817,65771,7.91,0.408
68819,66023,6.69,1.385
68821,66069,7.71,1.304
68823,67107,7.92,1.61
68825,67807,7.82,1.463
68827,67813,7.67,0.385
68829,68431,6.09,0.007
68831,68685,7.76,0.976
68833,69020,7.92,1.135
68835,69055,7.6,0.276
68837,69778,6.48,1.375
68839,69896,4.89,0.243
68841,70248,5.06,-0.108
68843,70266,7.48,1.666
68845,70671,6.72,1.129
68847,70861,7.56,0.47
68849,71209,6.66,1.118
68851,71550,7.88,0.219
68853,68647,7.15,1.282
68855,70418,6.42,-0.001
68857,70638,4.31,1.3
68859,71404,7.18,1.547
68861,73540,5.65,0.962
68863,73771,5.65,1.273
68865,74091,6.81,0.041
68867,74187,7.83,0.389
68869,74296,5.88,-0.031
68871,76996,5.57,0.118
68873,79242,7.7,0.79
68875,80567,6.8,1.049
68877,80996,7.91,0.392
68879,82076,6.58,1.571
68881,82768,7.79,1.028
68883,83366,7.97,1.573
68885,85530,6.64,-0.095
68887,87414,7.63,0.6
68889,87931,7.2,0.326
68891,88274,6.45,0.437
68893,90509,6.49,-0.035
68895,91619,7.86,1.282
68897,92332,7.98,0.521
68899,92509,7.66,1.098
68901,92586,7.17,1.267
68903,93117,6.35,-0.033
68905,93481,7.5,-0.017
68907,94347,7.26,0.444
68909,95781,7.7,0.744
68911,97475,7.62,1.58
68913,98279,7.99,1.455
68915,100697,6.15,0.203
68917,101427,5.76,1.122
68919,101843,5.89,1.692
68921,102205,6.94,0.221
68923,103679,7.24,1.397
68925,104098,7.92,1.06
68927,104206,7.12,0.351
68929,104436,6.98,0.619
68931,104997,7.6,1.255
68933,105428,7.5,0.387
68935,105511,7.19,0.339
68937,106259,6.95,0.115
68939,106474,6.35,0.089
68941,106553,7.76,0.278
68943,107267,7.8,1.374
68945,107747,7.16,0.485
68947,107843,5.27,0.756
68949,105073,7.47,0.037
68951,105514,7.65,0.834
68953,106051,7.36,1.098
68955,106406,7.46,1.031
68957,106424,6.47,0.044
68959,106881,6.17,0.46
68961,107089,3.73,1.008
68963,107681,7.97,1.477
68965,107782,7.83,1.345
68967,108045,7.54,1.139
68969,108377,7.39,1.011
68971,108759,6.39,0.231
68973,110256,5.09,1.276
68975,111486,7.89,0.669
68977,111504,6.15,1.368
68979,108354,6.68,0.984
68981,108779,6.67,1.439
68983,108849,5.94,0.399
68985,109477,6.54,1.182
68987,109584,6.13,1.001
68989,110078,5.49,0.312
68991,110364,7.3,1.645
68993,110712,6.12,0.599
68995,110852,7.76,0.56
68997,111049,6.8,1.495
68999,112265,7.77,0.476
69001,112429,7.31,0.098
69003,112725,6.73,0.109
69005,113247,7.76,1.084
69007,110618,5.28,0.66
69009,111564,7.14,1.308
69011,111587,6.72,1.145
69013,112620,7.18,1.675
69015,112844,7.65,0.602
69017,113118,7.4,0.431
69019,113510,7.42,1.527
69021,114268,6.18,1.419
69023,112694,6.35,0.071
69025,113137,6.04,0.66
69027,114708,6.9,0.733
69029,114917,7.61,1.295
69031,61087,8.0,0.504
69033,61443,6.22,0.731
69035,61444,6.6,0.475
69037,61700,7.76,1.051
69039,62027,5.27,0.195
69041,62043,7.76,0.444
69043,62227,7.59,1.053
69045,62651,6.61,1.4
69047,63036,7.72,0.083
69049,63534,7.43,1.706
69051,61697,7.99,1.147
69053,61703,6.22,0.007
69055,61796,6.26,-0.05
69057,61959,7.37,0.45
69059,62025,7.57,-0.026
69061,62482,7.57,0.188
69063,62555,7.22,0.005
69065,62624,7.6,0.17
69067,63170,7.34,0.687
69069,63242,6.86,1.018
69071,63411,7.65,0.486
69073,63839,6.64,0.006
69075,64054,7.55,0.148
69077,64094,5.44,-0.033
69079,64209,7.66,0.955
69081,61981,6.31,0.75
69083,62209,7.35,0.13
69085,62212,6.16,0.688
69087,62322,3.04,-0.178
69089,62534,7.59,0.701
69091,62558,7.74,0.56
69093,63085,7.5,0.249
69095,63236,6.77,0.083
69097,63567,7.93,0.167
69099,63599,7.45,0.352
69101,63858,8.0,1.576
69103,64117,6.34,1.71
69105,64385,7.97,0.378
69107,64521,7.91,0.195
69109,64661,4.79,-0.078
69111,64876,6.68,0.058
69113,112080,7.86,1.176
69115,112468,7.65,1.27
69117,112525,6.86,0.308
69119,113138,7.47,0.392
69121,113176,7.69,0.406
69123,113290,7.89,0.091
69125,113969,5.53,0.395
69127,114367,6.47,0.394
69129,114678,7.67,1.208
69131,112753,7.75,0.519
69133,112975,7.61,1.375
69135,113160,7.87,1.382
69137,113407,7.9,1.393
69139,113759,7.65,0.334
69141,114269,7.22,0.634
69143,114358,7.81,0.24
69145,114408,6.47,0.956
69147,115062,6.15,1.356
69149,115096,7.76,1.264
69151,115452,7.79,1.123
69153,113540,7.19,0.463
69155,113725,6.88,1.352
69157,113837,7.76,0.141
69159,114015,7.77,0.15
69161,114049,7.8,1.489
69163,114485,7.0,1.335
69165,114699,6.12,0.787
69167,114948,5.64,0.521
69169,114989,7.5,1.359
69171,115472,7.93,1.263
69173,115698,7.72,0.2
69175,115760,6.84,1.633
69177,60724,7.97,1.322
69179,61265,7.61,0.101
69181,61982,6.58,1.26
69183,62312,6.65,1.14
69185,60761,7.14,-0.008
69187,60780,6.35,1.612
69189,60869,7.91,0.118
69191,60870,6.15,0.92
69193,60947,7.57,0.457
69195,60969,5.78,1.572
69197,61084,1.59,1.6
69199,61136,5.49,0.622
69201,61154,7.09,0.418
69203,61166,7.43,0.028
69205,61179,6.54,1.68
69207,61221,7.83,1.668
69209,61266,7.75,-0.023
69211,61330,7.92,1.304
69213,61365,7.87,0.71
69215,61613,7.98,0.01
69217,61626,7.57,0.015
69219,61639,6.95,0.15
69221,61873,7.72,1.345
69223,61928,7.86,0.538
69225,62026,6.06,-0.023
69227,62058,5.99,-0.074
69229,62084,6.41,1.092
69231,62179,6.64,0.077
69233,62229,7.82,0.937
69235,62286,7.89,0.499
69237,62327,4.62,-0.15
69239,62428,6.95,0.261
69241,62658,7.8,0.467
69243,62680,7.08,1.53
69245,62756,7.38,1.656
69247,62986,6.74,0.55
69249,61019,6.68,0.452
69251,61202,7.76,0.03
69253,61966,4.91,-0.044
69255,62002,7.19,0.162
69257,62219,7.24,1.327
69259,62268,4.69,1.049
69261,62434,1.25,-0.238
69263,62571,7.98,1.583
69265,62646,6.73,0.348
69267,62732,5.71,0.344
69269,62894,5.75,0.295
69271,62913,6.91,0.187
69273,62918,7.23,1.453
69275,62931,5.89,0.2
69277,62953,6.78,0.226
69279,63007,4.62,-0.153
69281,63205,7.7,0.554
69283,63206,7.38,0.141
69285,114270,7.43,0.451
69287,114412,7.66,1.106
69289,114428,6.72,0.214
69291,114820,7.35,1.315
69293,114880,7.88,0.513
69295,115043,6.74,1.099
69297,115085,7.71,1.176
69299,115433,6.08,1.603
69301,114019,7.84,0.3
69303,114613,7.8,0.117
69305,114790,7.96,0.695
69307,114810,6.57,0.29
69309,114851,7.97,1.007
69311,114899,6.93,0.446
69313,114996,3.99,0.41
69315,115087,7.5,0.632
69317,115429,7.73,0.909
69319,115462,6.57,1.269
69321,115620,5.6,1.063
69323,115736,7.89,0.493
69325,115744,7.13,1.245
69327,115769,5.63,0.983
69329,115848,7.28,0.389
69331,115893,7.15,1.349
69333,116084,7.82,0.513
69335,116099,7.24,1.043
69337,116155,7.81,1.18
69339,116270,7.79,0.422
69341,115930,6.53,1.072
69343,60360,7.9,0.147
69345,60534,7.52,1.995
69347,60668,6.92,0.092
69349,60729,6.25,0.674
69351,60823,3.91,-0.192
69353,61260,7.3,0.538
69355,61328,6.38,0.428
69357,61342,7.24,0.157
69359,61557,6.4,0.026
69361,61733,7.63,1.506
69363,61782,7.99,0.148
69365,61840,7.03,0.604
69367,61932,2.2,-0.023
69369,62012,4.66,1.075
69371,60542,7.78,0.641
69373,60710,4.82,-0.141
69375,60744,6.99,1.201
69377,60835,7.82,0.543
69379,60839,7.48,1.042
69381,61093,7.35,1.456
69383,61257,6.55,-0.024
69385,61262,7.94,1.142
69387,61338,7.97,0.028
69389,61513,6.56,1.63
69391,62187,7.4,1.411
69393,62196,7.89,0.441
69395,114874,7.07,1.652
69397,115139,7.74,1.626
69399,115506,7.16,0.263
69401,115510,6.13,0.258
69403,115537,5.75,1.611
69405,115577,7.59,0.692
69407,115713,5.53,0.409
69409,115942,6.8,0.955
69411,115272,6.04,0.423
69413,115759,6.22,-0.08
69415,115762,7.53,1.194
69417,115822,7.21,0.905
69419,116194,7.94,0.28
69421,60275,7.58,1.008
69423,60382,7.59,0.179
69425,60709,7.6,0.205
69427,61220,7.34,0.429
69429,61311,7.36,1.549
69431,61379,5.76,0.683
69433,61536,7.62,1.435
69435,61690,7.68,1.729
69437,60517,6.61,-0.049
69439,60592,7.22,1.591
69441,61248,7.35,0.981
69443,61622,3.85,0.049
69445,61670,7.76,0.01
69447,61916,5.84,1.475
69449,61965,7.84,1.053
69451,115042,7.33,0.4
69453,115098,6.59,-0.042
69455,115197,6.82,1.245
69457,115322,7.63,1.279
69459,115907,6.43,1.177
69461,115975,7.88,0.425
69463,116097,6.02,1.014
69465,116154,7.95,0.617
69467,116204,6.9,0.122
69469,116510,6.92,0.2
69471,116601,7.84,1.353
69473,116602,4.74,0.082
69475,116699,7.03,0.3
69477,60026,7.54,0.894
69479,60048,7.95,0.606
69481,60370,6.7,0.639
69483,60454,6.39,0.285
69485,60463,5.79,-0.064
69487,60503,6.88,0.272
69489,60855,5.45,-0.073
69491,60935,7.76,0.451
69493,61498,5.78,0.003
69495,61544,6.72,0.998
69497,60138,7.0,0.873
69499,60235,6.83,0.072
69501,60430,7.79,0.133
69503,60549,6.24,1.169
69505,60591,6.1,0.652
69507,60979,6.0,1.515
69509,60984,6.7,1.685
69511,61101,7.65,0.322
69513,61162,6.97,1.228
69515,61280,6.7,0.237
69517,61468,5.12,0.224
69519,61502,7.99,0.449
69521,61505,7.89,0.666
69523,115372,7.27,1.163
69525,115459,7.13,0.283
69527,115496,6.12,1.464
69529,116025,6.78,1.153
69531,116131,6.57,1.222
69533,116370,6.65,0.218
69535,116389,4.69,0.078
69537,116623,7.78,1.214
69539,116452,7.69,0.947
69541,60922,7.07,1.43
69543,59950,6.15,0.008
69545,60149,7.67,0.546
69547,60323,7.02,0.95
69549,60332,7.53,0.978
69551,60414,7.16,0.322
69553,60449,5.32,-0.066
69555,60610,5.71,-0.066
69557,60819,7.71,0.025
69559,60901,7.72,0.885
69561,61226,7.8,1.704
69563,115556,7.35,0.096
69565,115615,7.87,0.185
69567,115833,6.34,1.201
69569,115857,7.36,0.944
69571,116024,7.8,0.333
69573,116231,4.38,-0.095
69575,116293,7.24,0.388
69577,116528,7.68,0.5
69579,116844,7.66,1.38
69581,116375,7.07,1.075
69583,60007,7.49,0.498
69585,60057,7.75,0.98
69587,60102,7.45,0.305
69589,60468,6.39,1.572
69591,60735,5.56,0.007
69593,60991,7.76,1.165
69595,60997,7.68,1.537
69597,61064,7.46,0.26
69599,61082,7.88,0.261
69601,61133,6.73,1.061
69603,61172,6.46,0.172
69605,61211,7.58,0.022
69607,61232,6.79,0.864
69609,115803,7.51,0.53
69611,116261,7.14,1.125
69613,116472,7.57,0.493
69615,116539,6.51,1.253
69617,116763,7.18,0.802
69619,116820,5.3,0.965
69621,116852,7.11,0.667
69623,59884,7.29,1.015
69625,59949,7.64,0.966
69627,60132,6.6,1.6
69629,60142,7.81,0.558
69631,60253,7.57,1.308
69633,60426,7.82,0.411
69635,60491,7.82,1.661
69637,60598,6.85,0.397
69639,60603,6.09,1.272
69641,60635,7.69,0.488
69643,61182,7.16,1.511
69645,60775,7.44,0.384
69647,60962,7.63,1.008
69649,115916,7.66,0.465
69651,116925,7.81,1.415
69653,116988,7.23,1.466
69655,116436,6.66,0.56
69657,116482,6.57,0.274
69659,116791,7.63,0.483
69661,116807,7.59,0.445
69663,59801,6.53,0.46
69665,59966,6.95,0.1
69667,60157,5.94,0.824
69669,60189,5.2,-0.09
69671,60283,7.71,1.306
69673,60349,7.01,1.154
69675,60396,6.82,1.063
69677,60425,5.66,1.153
69679,60753,7.89,0.523
69681,60801,7.32,1.039
69683,61015,5.63,1.67
69685,115858,6.9,0.16
69687,115941,7.71,0.2
69689,116033,7.53,0.636
69691,116141,6.57,1.004
69693,116315,7.48,0.546
69695,116603,7.66,0.435
69697,116750,7.29,0.115
69699,116851,6.61,1.592
69701,117005,7.68,0.432
69703,117038,7.81,1.067
69705,60474,7.45,1.071
69707,60623,7.82,0.877
69709,60807,7.87,0.292
69711,60818,7.46,1.176
69713,59791,6.85,1.161
69715,59993,7.31,0.623
69717,60011,7.43,1.682
69719,60457,7.87,0.898
69721,60486,7.44,0.448
69723,60708,7.9,0.407
69725,60785,7.68,1.024
69727,116009,7.51,0.392
69729,116118,6.24,0.319
69731,116125,7.16,0.438
69733,116247,4.7,0.02
69735,116675,7.71,0.807
69737,116721,7.69,0.411
69739,116819,7.59,0.731
69741,117089,5.24,-0.084
69743,59803,2.58,-0.107
69745,59895,6.05,0.113
69747,59964,7.89,1.133
69749,60086,7.33,1.615
69751,60136,7.94,1.071
69753,60338,6.54,1.238
69755,60388,7.47,0.468
69757,60665,7.15,0.505
69759,60809,6.3,0.868
69761,60881,7.65,1.495
69763,60965,2.94,-0.012
69765,116051,7.9,0.516
69767,116123,7.99,1.03
69769,116368,5.95,1.35
69771,116420,7.63,1.247
69773,116438,7.29,1.052
69775,116624,6.38,1.078
69777,116889,5.36,1.58
69779,116901,4.82,0.822
69781,116957,5.27,1.344
69783,116971,4.49,-0.032
69785,59784,7.4,1.36
69787,59807,7.31,1.595
69789,60022,7.58,0.386
69791,60060,7.35,0.308
69793,60221,5.14,1.048
69795,60421,6.48,1.64
69797,60595,5.95,0.043
69799,60821,6.81,1.466
69801,116128,7.69,1.011
69803,116163,6.64,1.603
69805,116183,6.78,0.91
69807,116245,7.09,0.153
69809,116319,7.86,1.04
69811,116566,7.77,1.089
69813,116591,5.66,1.025
69815,116758,4.97,0.257
69817,116853,5.89,0.984
69819,116975,7.21,0.997
69821,117106,7.99,0.432
69823,59702,7.96,0.282
69825,59743,7.34,0.815
69827,59750,6.11,0.47
69829,59848,7.91,1.054
69831,60019,7.49,0.586
69833,60088,6.84,1.094
69835,60248,7.66,1.067
69837,60407,6.96,0.98
69839,60420,7.64,1.103
69841,60518,7.43,0.973
69843,60745,7.9,0.36
69845,60816,6.75,0.584
69847,116226,7.97,0.979
69849,116388,7.37,1.297
69851,116404,7.84,1.523
69853,116419,7.14,1.475
69855,116428,6.4,0.874
69857,116469,7.5,0.93
69859,116470,7.18,0.483
69861,116594,7.97,1.159
69863,116639,6.89,0.891
69865,116834,7.15,0.483
69867,59808,7.47,0.929
69869,59849,7.38,1.33
69871,59961,7.81,0.473
69873,59983,7.08,0.41
69875,59984,6.57,0.363
69877,60167,7.16,1.118
69879,60194,7.94,0.526
69881,60298,7.34,1.564
69883,60418,6.47,1.189
69885,60436,7.18,0.477
69887,60680,7.65,0.45
69889,60727,7.55,0.427
69891,60813,6.23,0.43
69893,116106,6.5,0.531
69895,116266,6.92,0.47
69897,116402,7.23,0.411
69899,116488,7.85,0.322
69901,116762,7.66,1.412
69903,116906,7.68,0.648
69905,59732,7.49,1.025
69907,59843,7.46,0.411
69909,60021,7.97,1.024
69911,60030,5.9,0.168
69913,60129,3.89,0.026
69915,60641,7.72,0.795
69917,60726,7.72,0.3
69919,60806,7.98,0.782
69921,116146,6.39,1.177
69923,116225,7.09,0.121
69925,116290,7.74,0.304
69927,116323,5.91,0.299
69929,116629,7.7,0.422
69931,117018,7.95,1.012
69933,117112,7.26,0.561
69935,117151,7.07,1.549
69937,59890,7.88,1.027
69939,59970,7.56,0.095
69941,60062,7.62,0.972
69943,60172,4.97,1.172
69945,60337,7.99,0.5
69947,60544,7.59,1.571
69949,60667,7.33,0.059
69951,116223,8.0,1.673
69953,116422,6.47,1.151
69955,116479,7.9,0.356
69957,116495,5.68,0.449
69959,116600,7.3,0.461
69961,116823,7.4,1.17
69963,116865,7.45,1.328
69965,116928,4.49,0.2
69967,117097,8.0,0.55
69969,117156,7.64,0.908
69971,59755,7.94,0.956
69973,59840,7.69,0.984
69975,59916,7.92,0.399
69977,60120,7.72,1.113
69979,60133,7.28,0.317
69981,60333,7.64,1.407
69983,60353,6.46,0.567
69985,60500,7.65,1.563
69987,60533,7.96,0.993
69989,60541,7.97,0.578
69991,60655,7.44,1.11
69993,60800,7.68,0.878
69995,60850,6.72,0.15
69997,116164,6.8,0.505
69999,116240,7.69,1.245
70001,116257,7.27,1.559
70003,116338,6.9,0.428
70005,116486,7.54,1.166
70007,116715,7.84,0.314
70009,116771,4.13,0.507
70011,116799,7.44,1.605
70013,117169,7.93,0.486
70015,60013,7.27,1.039
70017,60154,7.6,1.35
70019,60714,7.94,1.299
70021,60804,6.36,0.935
70023,116086,7.78,1.314
70025,116417,6.68,1.649
70027,116431,7.35,0.405
70029,116768,5.99,0.212
70031,116918,5.89,0.101
70033,116978,7.69,1.175
70035,117020,5.09,1.692
70037,117137,6.88,1.074
70039,117173,6.54,0.168
70041,60150,6.94,1.08
70043,60842,7.88,1.36
70045,116198,7.95,0.28
70047,116396,6.95,0.114
70049,116403,7.16,1.198
70051,116529,7.95,0.248
70053,116695,7.59,0.179
70055,59753,6.82,1.187
70057,59819,5.09,0.068
70059,59941,6.36,1.384
70061,60074,7.04,0.604
70063,60089,6.52,1.119
70065,60202,4.72,1.01
70067,60210,6.47,1.025
70069,60313,6.67,0.061
70071,60672,6.74,1.095
70073,60790,7.44,0.96
70075,60933,7.71,0.112
70077,60999,7.38,1.515
70079,116021,7.45,0.964
70081,116091,7.74,0.516
70083,116180,7.05,0.39
70085,116277,6.81,0.666
70087,116391,7.78,1.325
70089,116434,7.46,0.286
70091,116544,7.98,1.093
70093,116592,6.26,0.025
70095,116702,8.0,1.59
70097,116780,7.91,0.27
70099,116972,6.3,0.97
70101,117070,7.72,0.438
70103,59980,7.58,0.528
70105,60290,7.41,0.541
70107,60368,7.92,1.286
70109,60834,7.8,1.28
70111,60893,7.68,0.458
70113,60957,5.68,0.093
70115,61020,7.71,0.99
70117,115991,7.14,-0.096
70119,116307,6.1,1.654
70121,116502,7.63,0.422
70123,116527,7.54,1.144
70125,116636,7.46,0.369
70127,116926,7.62,0.646
70129,117049,7.89,1.682
70131,116065,7.72,0.217
70133,116478,7.64,0.7
70135,116611,5.49,0.01
70137,116798,7.13,0.99
70139,116961,7.23,1.051
70141,59847,4.93,0.957
70143,59957,7.85,0.365
70145,60083,7.77,0.336
70147,60087,6.26,0.177
70149,60230,7.31,0.88
70151,60266,7.38,0.286
70153,60327,6.21,-0.012
70155,60351,4.78,0.515
70157,60439,7.4,1.064
70159,60490,6.71,0.244
70161,60525,6.41,0.276
70163,60599,6.03,1.094
70165,60640,7.65,1.19
70167,60797,6.69,0.18
70169,60891,6.63,0.212
70171,60904,5.29,-0.056
70173,60941,5.47,0.445
70175,60976,7.86,0.452
70177,61071,5.47,0.056
70179,61075,7.12,0.624
70181,61119,7.9,0.073
70183,115915,6.45,1.088
70185,115934,7.92,1.157
70187,115982,7.22,1.021
70189,116040,7.59,0.288
70191,116117,7.55,1.192
70193,116187,6.41,1.492
70195,116264,5.33,1.481
70197,116265,6.91,0.2
70199,116282,7.94,0.2
70201,116383,6.67,1.083
70203,116465,6.44,1.703
70205,116564,7.61,1.095
70207,116565,7.7,0.993
70209,116688,7.14,0.491
70211,116815,7.9,0.433
70213,116888,7.61,0.214
70215,59889,7.99,1.519
70217,59988,7.47,0.17
70219,60031,7.56,0.451
70221,60066,6.44,0.18
70223,60098,6.38,0.523
70225,60123,6.64,0.183
70227,60168,6.16,0.306
70229,60170,5.52,1.091
70231,60197,6.32,0.394
70233,60358,7.86,1.356
70235,60514,5.17,0.082
70237,60697,4.92,0.277
70239,60746,4.98,0.088
70241,60789,7.05,1.209
70243,60805,7.7,0.284
70245,60880,6.52,0.215
70247,61118,7.52,1.186
70249,59923,5.71,0.16
70251,60742,4.35,1.128
70253,61147,7.55,0.35
70255,116102,6.53,0.985
70257,116119,6.41,0.035
70259,116286,7.22,0.439
70261,116464,7.37,-0.075
70263,116740,7.04,0.658
70265,116777,6.66,1.032
70267,116783,7.56,0.579
70269,60014,6.68,0.237
70271,60018,6.23,0.31
70273,60311,7.48,1.04
70275,60555,7.55,1.132
70277,60920,7.91,0.627
70279,61072,7.33,0.534
70281,61114,7.45,0.412
70283,61309,5.42,1.011
70285,61320,6.24,1.051
70287,115701,7.84,0.051
70289,115749,7.55,0.344
70291,115820,7.56,0.293
70293,115896,7.48,0.541
70295,115921,7.92,1.289
70297,115949,7.67,1.027
70299,116001,7.54,0.468
70301,116017,7.36,0.504
70303,116042,7.1,1.254
70305,116108,7.42,0.252
70307,116186,7.6,0.428
70309,116310,4.97,1.383
70311,116355,5.63,1.042
70313,116381,7.28,0.13
70315,116416,7.9,0.845
70317,116421,6.86,0.604
70319,116427,6.53,0.926
70321,116505,6.35,0.459
70323,116542,7.21,0.616
70325,116863,7.44,0.08
70327,60244,7.13,1.078
70329,60927,7.57,0.574
70331,60161,6.73,1.0
70333,60231,7.48,0.982
70335,60619,7.66,1.118
70337,60758,7.66,0.156
70339,61283,6.53,1.044
70341,61424,7.3,0.46
70343,115579,7.01,-0.135
70345,115621,7.69,-0.036
70347,115956,7.35,1.757
70349,115979,7.53,1.703
70351,116030,6.07,0.992
70353,116144,7.4,1.345
70355,116174,7.96,0.593
70357,116360,7.22,0.579
70359,116362,7.45,1.013
70361,116365,6.18,1.586
70363,116579,7.18,0.97
70365,116781,6.49,0.355
70367,116824,6.24,0.424
70369,116842,7.68,0.02
70371,116181,6.66,-0.045
70373,116348,7.29,1.101
70375,116667,7.06,0.124
70377,116761,7.11,0.15
70379,60073,7.16,1.0
70381,60101,7.86,0.511
70383,60295,7.98,0.976
70385,60477,7.99,1.575
70387,60646,5.01,0.955
70389,61010,7.66,0.458
70391,61078,6.79,1.044
70393,61471,7.28,-0.024
70395,60240,7.72,1.163
70397,60467,6.03,0.366
70399,60522,7.88,0.328
70401,60539,7.21,1.313
70403,60571,7.12,0.368
70405,60791,6.51,0.559
70407,61317,4.24,0.588
70409,61514,7.58,1.125
70411,115530,6.37,1.702
70413,115567,6.72,0.007
70415,115601,7.95,0.446
70417,115723,7.62,0.374
70419,115747,7.98,1.065
70421,115755,5.75,-0.007
70423,115887,7.78,0.158
70425,115931,7.68,-0.078
70427,116190,7.82,1.018
70429,116259,7.14,0.585
70431,116267,7.05,1.081
70433,116369,7.57,0.162
70435,116522,7.81,1.198
70437,116626,6.96,1.125
70439,116631,4.29,-0.083
70441,116657,6.91,0.031
70443,116746,7.54,0.581
70445,115667,7.02,-0.015
70447,115696,6.81,0.95
70449,115880,7.67,0.5
70451,116076,5.22,1.029
70453,116354,5.55,0.096
70455,116674,7.97,1.194
70457,60140,7.68,0.84
70459,60229,7.39,0.966
70461,60380,7.89,0.945
70463,60831,7.5,0.58
70465,61132,7.66,0.2
70467,61310,7.48,0.536
70469,61487,7.28,1.603
70471,61674,7.21,0.409
70473,60305,6.33,1.115
70475,60356,7.41,0.201
70477,60622,7.75,1.03
70479,61334,7.28,1.07
70481,61380,7.62,1.573
70483,115114,7.64,0.34
70485,115171,6.29,1.123
70487,115487,7.8,1.596
70489,115944,6.88,0.132
70491,115959,7.97,-0.04
70493,116222,7.84,0.513
70495,116297,6.81,1.142
70497,116584,3.81,0.984
70499,115258,7.6,1.426
70501,115261,6.25,0.152
70503,115331,7.36,0.801
70505,115655,7.89,0.569
70507,115715,7.36,0.644
70509,115778,7.76,0.144
70511,115808,7.43,1.015
70513,115864,7.69,1.252
70515,116127,6.78,1.473
70517,116151,7.22,1.593
70519,116228,6.61,1.67
70521,116292,6.25,0.986
70523,116312,6.93,-0.002
70525,116582,5.81,-0.064
70527,116613,6.58,0.665
70529,116726,7.62,0.444
70531,60728,7.92,1.07
70533,60883,7.09,0.14
70535,61927,6.89,1.293
70537,60485,4.76,0.877
70539,60731,7.37,1.414
70541,60988,6.21,0.536
70543,61044,7.91,0.697
70545,61053,6.2,0.568
70547,61403,7.7,1.308
70549,61786,7.64,0.052
70551,62145,7.01,0.936
70553,62405,7.66,0.866
70555,114892,7.56,0.127
70557,114900,7.41,1.593
70559,114924,5.58,0.556
70561,114992,7.87,1.653
70563,115416,7.33,1.416
70565,115460,7.7,0.918
70567,115484,6.84,0.079
70569,115643,6.76,1.594
70571,115689,7.16,1.516
70573,115899,6.94,1.074
70575,115952,7.68,1.603
70577,116082,7.56,0.426
70579,116113,7.76,0.078
70581,116196,6.83,1.07
70583,116418,6.9,1.037
70585,116440,6.87,1.639
70587,115022,4.82,1.668
70589,115128,7.24,0.276
70591,115152,5.44,1.014
70593,115363,7.39,1.074
70595,115874,7.99,0.402
70597,115963,7.74,0.935
70599,115996,6.19,1.464
70601,116094,7.3,1.23
70603,116406,7.23,-0.002
70605,116616,7.11,0.665
70607,60693,7.51,1.572
70609,60712,7.03,0.105
70611,61631,6.89,0.933
70613,62631,7.18,1.372
70615,60795,5.68,1.582
70617,60946,7.73,0.635
70619,60978,5.37,0.205
70621,60992,6.07,0.988
70623,61474,7.71,1.106
70625,61512,7.23,1.18
70627,62008,7.3,1.565
70629,62101,7.88,1.183
70631,62738,7.65,1.581
70633,62750,7.91,1.062
70635,61712,7.36,1.259
70637,61767,7.05,1.166
70639,61841,7.98,0.244
70641,62502,7.49,1.427
70643,62512,5.83,0.467
70645,62876,7.57,1.461
70647,62914,7.84,0.321
70649,113772,7.0,-0.015
70651,113853,6.74,-0.044
70653,114104,4.84,-0.06
70655,114161,7.64,0.327
70657,114163,6.41,-0.03
70659,114365,5.68,0.315
70661,115186,7.9,0.038
70663,115228,6.62,0.598
70665,115297,7.17,1.159
70667,115395,5.56,1.679
70669,115824,7.57,0.245
70671,113993,6.91,1.122
70673,114186,7.26,1.297
70675,114259,7.79,0.934
70677,114406,6.94,1.148
70679,114594,7.61,0.993
70681,114622,5.57,1.0
70683,114853,7.86,0.012
70685,114940,7.52,0.097
70687,115187,6.89,1.791
70689,115368,7.93,0.091
70691,115529,6.79,0.254
70693,115596,7.4,1.304
70695,115714,7.98,0.597
70697,115990,4.89,-0.122
70699,116085,6.76,0.839
70701,116089,7.31,1.653
70703,116210,7.57,0.183
70705,116243,7.32,0.809
70707,115336,7.95,0.293
70709,115761,7.6,0.566
70711,116324,7.53,-0.088
70713,61936,6.02,0.051
70715,62046,6.39,1.268
70717,62402,5.88,0.215
70719,62527,7.36,0.633
70721,62695,7.39,0.28
70723,63312,7.13,1.344
70725,61875,7.55,0.407
70727,62072,7.64,0.388
70729,62423,5.43,1.567
70731,62546,7.83,0.246
70733,63076,5.23,0.303
70735,63152,6.63,3.269
70737,63297,6.44,1.15
70739,63432,5.37,1.282
70741,63584,6.01,0.427
70743,64149,7.78,1.571
70745,61811,7.88,0.61
70747,62714,7.96,0.04
70749,63184,7.4,0.888
70751,63203,6.55,1.408
70753,63288,7.38,1.002
70755,64482,6.96,1.145
70757,64522,6.52,1.146
70759,64774,6.2,-0.052
70761,65123,7.18,0.984
70763,112566,7.99,0.451
70765,112670,6.19,0.44
70767,112946,7.53,0.47
70769,112970,6.98,0.42
70771,113216,7.49,0.924
70773,113989,7.49,0.646
70775,114403,7.91,1.614
70777,115088,4.75,0.836
70779,112717,7.0,0.038
70781,112724,3.5,1.053
70783,112817,7.09,1.395
70785,113443,7.41,0.261
70787,113461,7.43,0.332
70789,113793,6.85,1.309
70791,113864,5.25,1.248
70793,113907,7.64,0.339
70795,113947,6.63,1.025
70797,114060,7.64,0.506
70799,114203,7.01,0.146
70801,114212,6.25,-0.025
70803,114227,6.21,1.084
70805,114327,6.67,-0.04
70807,114377,6.66,0.021
70809,114540,7.33,-0.045
70811,114605,7.71,1.848
70813,114769,7.23,0.429
70815,114792,7.64,0.476
70817,114816,7.17,-0.015
70819,114898,7.38,0.473
70821,115203,7.26,0.269
70823,115304,7.4,-0.012
70825,115362,7.97,0.033
70827,115503,6.97,0.401
70829,115569,6.75,1.08
70831,115710,7.82,0.278
70833,113306,7.64,0.596
70835,114070,7.44,0.342
70837,114092,6.75,0.477
70839,114307,7.43,1.11
70841,114904,6.53,0.164
70843,115141,6.66,2.288
70845,115198,6.94,0.033
70847,115218,6.39,1.678
70849,115245,6.41,1.605
70851,115590,4.96,1.676
70853,115661,7.82,0.753
70855,115691,6.6,0.336
70857,62455,7.25,1.263
70859,63216,7.7,0.387
70861,63370,7.01,1.304
70863,63825,7.97,1.477
70865,62848,7.92,0.235
70867,63675,7.78,0.334
70869,63755,8.0,0.122
70871,63822,6.43,0.218
70873,64029,7.66,0.984
70875,64090,7.67,0.115
70877,64527,6.57,0.088
70879,64856,7.78,0.533
70881,65209,7.55,1.153
70883,65512,7.23,1.026
70885,65536,5.82,1.652
70887,65974,7.76,1.344
70889,63340,6.0,1.03
70891,64434,7.75,0.189
70893,65828,7.54,1.21
70895,66191,7.98,1.064
70897,66202,7.84,0.099
70899,66251,6.46,1.573
70901,66562,7.75,1.472
70903,66728,6.69,0.219
70905,66847,7.73,1.089
70907,67467,7.63,0.305
70909,67974,7.91,1.599
70911,68816,7.82,0.213
70913,64646,7.58,0.995
70915,65595,5.74,0.769
70917,66393,7.47,1.42
70919,66809,7.04,1.568
70921,66903,5.91,1.0
70923,67423,7.27,0.966
70925,67512,6.59,1.136
70927,67592,6.67,1.119
70929,67925,7.85,1.089
70931,67959,7.47,0.448
70933,69112,4.8,1.368
70935,69739,7.94,1.536
70937,70618,7.22,0.454
70939,70857,6.88,0.774
70941,71196,6.27,1.315
70943,71624,7.29,1.605
70945,72573,5.63,0.671
70947,72581,7.2,0.041
70949,72687,6.95,1.378
70951,73671,7.63,1.486
70953,74866,7.74,0.311
70955,75078,7.32,1.026
70957,75407,7.72,0.583
70959,75870,6.93,0.378
70961,77013,7.45,0.24
70963,79217,7.98,0.224
70965,75634,6.87,0.998
70967,76632,6.88,0.207
70969,77448,7.0,0.53
70971,78379,7.35,0.873
70973,79489,7.73,0.201
70975,80005,7.13,0.184
70977,82630,7.9,0.179
70979,84008,7.24,1.039
70981,84702,7.55,0.574
70983,86695,7.58,0.348
70985,87534,7.51,0.726
70987,88653,7.3,0.41
70989,88707,7.61,1.123
70991,89026,7.43,-0.107
70993,90054,7.26,0.955
70995,90182,6.16,0.051
70997,92336,6.86,0.118
70999,94604,6.5,0.108
71001,97542,7.8,1.045
71003,97910,7.71,1.596
71005,98382,6.8,0.168
71007,99091,7.76,1.074
71009,99232,7.13,0.572
71011,99433,7.16,0.385
71013,99107,7.46,0.539
71015,100321,7.03,0.459
71017,100710,6.73,0.943
71019,100843,6.55,0.985
71021,100965,5.38,1.01
71023,101044,6.19,0.163
71025,101082,5.96,0.942
71027,101550,7.01,1.297
71029,102208,5.75,0.0
71031,102599,5.36,1.144
71033,102781,7.18,0.413
71035,103938,6.94,0.276
71037,104212,7.12,1.402
71039,104716,6.9,1.208
71041,104756,6.12,0.092
71043,105074,7.65,1.203
71045,105112,7.91,0.551
71047,105144,7.43,1.083
71049,108456,6.92,0.517
71051,108461,7.45,0.698
71053,105190,7.35,0.509
71055,105727,5.97,0.95
71057,106583,7.49,2.7
71059,107459,7.17,-0.02
71061,107473,7.82,1.847
71063,107828,7.88,1.0
71065,107952,6.51,1.581
71067,108133,6.43,1.453
71069,110550,6.77,-0.037
71071,110724,6.68,1.105
71073,110787,5.83,0.171
71075,111056,5.45,0.093
71077,108435,7.84,1.144
71079,108783,7.51,0.965
71081,109629,6.93,1.499
71083,110116,6.62,0.012
71085,110183,7.51,0.059
71087,110236,7.7,0.147
71089,110488,7.67,1.002
71091,110666,7.3,0.231
71093,110681,7.98,1.19
71095,110949,7.59,1.699
71097,111003,7.76,1.776
71099,111242,5.7,0.02
71101,111660,5.8,1.594
71103,111962,7.96,0.059
71105,112036,7.32,0.213
71107,112230,7.32,-0.004
71109,112738,7.79,-0.007
71111,113096,7.44,0.246
71113,110801,7.89,-0.021
71115,111302,6.96,1.419
71117,111325,6.26,0.018
71119,111532,5.08,0.395
71121,111570,7.58,0.461
71123,112025,7.67,0.018
71125,112114,7.84,0.445
71127,112373,7.46,1.667
71129,113083,7.52,0.452
71131,113273,7.38,0.223
71133,113387,6.54,1.067
71135,113517,7.86,0.554
71137,111521,7.27,1.016
71139,113195,7.48,0.298
71141,114180,7.4,1.081
71143,114297,7.99,1.541
71145,114831,5.55,0.263
71147,58706,6.41,1.163
71149,58928,7.43,1.692
71151,59043,7.55,0.015
71153,59551,6.05,1.78
71155,59971,7.95,1.626
71157,60841,7.64,1.44
71159,61847,7.42,0.253
71161,62110,7.93,0.522
71163,58674,6.87,0.043
71165,58810,6.44,1.198
71167,59031,6.55,1.838
71169,59151,5.17,1.278
71171,59851,6.21,-0.006
71173,59891,7.83,0.37
71175,60035,7.99,1.05
71177,60334,6.77,0.161
71179,60561,6.61,-0.001
71181,61017,7.08,0.273
71183,61045,6.95,1.096
71185,61181,5.88,1.078
71187,61199,3.84,-0.157
71189,61431,7.64,-0.041
71191,61833,7.8,0.108
71193,62247,7.11,1.617
71195,62429,7.56,1.53
71197,62793,7.65,0.3
71199,58520,6.58,0.241
71201,58905,5.04,1.491
71203,58933,7.71,1.619
71205,59093,7.48,0.272
71207,59243,6.85,0.254
71209,59647,6.34,1.234
71211,60119,6.85,0.445
71213,60526,6.98,1.515
71215,60770,7.95,0.898
71217,61066,7.51,0.088
71219,61193,7.78,0.06
71221,61233,7.78,0.405
71223,61709,6.77,1.68
71225,61738,6.46,0.098
71227,62964,7.78,1.248
71229,64108,6.43,0.008
71231,59722,7.61,0.253
71233,59798,7.91,0.152
71235,60000,4.24,-0.123
71237,60261,7.65,0.222
71239,60287,7.51,0.02
71241,61192,7.1,0.068
71243,62590,7.2,0.2
71245,63768,7.92,0.471
71247,63794,7.21,1.03
71249,64951,6.34,-0.027
71251,65302,7.88,0.667
71253,58697,6.05,1.29
71255,59404,7.38,0.106
71257,60638,6.32,1.065
71259,60912,6.61,0.003
71261,63031,5.45,0.991
71263,63967,7.43,0.2
71265,66323,7.12,0.011
71267,66660,7.22,0.422
71269,66753,5.56,0.183
71271,68009,5.95,1.411
71273,69487,6.78,0.982
71275,60041,6.63,-0.068
71277,64690,7.11,0.71
71279,66710,7.64,1.046
71281,71348,6.82,1.698
71283,72636,7.69,1.487
71285,73791,7.69,1.109
71287,75386,7.5,0.907
71289,75736,6.49,0.303
71291,76725,7.58,1.54
71293,77470,7.81,0.483
71295,78866,7.83,0.412
71297,83255,6.05,0.043
71299,84461,6.58,0.898
71301,86410,7.56,0.49
71303,87780,7.96,1.569
71305,88018,7.66,1.33
71307,92824,5.29,1.304
71309,100793,7.57,1.042
71311,103426,7.61,0.068
71313,104382,5.45,0.283
71315,105581,7.22,1.713
71317,107949,7.7,0.509
71319,111644,7.47,1.247
71321,112355,6.55,0.292
71323,115836,5.5,1.278
71325,105145,7.01,1.089
71327,105274,7.76,0.501
71329,105628,7.89,0.124
71331,106320,6.42,1.405
71333,107823,7.64,-0.019
71335,108129,6.59,1.157
71337,109415,7.36,1.219
71339,111196,5.76,1.02
71341,111898,6.68,0.319
71343,112146,7.88,1.297
71345,112372,7.85,0.415
71347,113807,7.77,0.898
71349,115928,7.42,0.951
71351,116717,7.93,0.342
71353,117347,7.8,0.939
71355,117751,7.96,0.212
71357,117825,6.79,1.503
71359,118051,7.91,1.393
71361,112405,4.13,0.208
71363,112781,5.32,-0.126
71365,114258,6.11,0.145
71367,114550,6.43,1.498
71369,115129,6.34,0.913
71371,116145,7.34,1.116
71373,117066,7.68,0.608
71375,117689,5.1,0.934
71377,118114,5.72,1.055
71379,114451,7.89,1.517
71381,115247,7.3,0.458
71383,116250,5.82,0.681
71385,116653,5.99,0.907
71387,117125,5.74,1.108
71389,117907,7.49,1.216
71391,115072,7.97,0.499
71393,115333,7.98,1.323
71395,115547,6.88,0.541
71397,115588,7.8,1.067
71399,115605,7.45,1.223
71401,115739,7.46,1.079
71403,116066,8.0,0.652
71405,116176,7.9,1.52
71407,116745,7.09,0.989
71409,117035,7.83,0.441
71411,117303,7.82,0.501
71413,117749,7.54,0.485
71415,115622,7.9,1.002
71417,116350,7.55,0.511
71419,116630,7.47,1.03
71421,117014,7.35,0.835
71423,117105,6.06,0.91
71425,117326,7.08,1.057
71427,58544,7.96,-0.026
71429,58748,6.78,0.043
71431,58758,4.32,0.28
71433,58783,7.79,-0.048
71435,58794,7.59,-0.037
71437,58867,4.72,-0.081
71439,58906,7.4,0.205
71441,58910,7.57,0.626
71443,58942,6.64,0.896
71445,58960,6.69,0.312
71447,59265,6.94,1.009
71449,59396,6.08,0.398
71451,59487,7.45,0.376
71453,59502,6.98,0.097
71455,59517,5.91,0.253
71457,59799,7.94,0.226
71459,59865,6.97,0.6
71461,59943,7.42,2.091
71463,59982,7.51,-0.015
71465,60078,7.78,0.04
71467,60128,6.81,0.248
71469,60259,6.56,0.79
71471,60288,7.91,0.57
71473,60455,6.89,0.67
71475,60459,7.41,0.146
71477,60718,0.77,-0.243
71479,60752,7.32,0.91
71481,60771,6.02,0.052
71483,60845,6.82,0.67
71485,60861,6.21,1.253
71487,60905,6.93,-0.06
71489,61158,5.96,0.263
71491,58687,7.93,0.097
71493,58835,7.35,0.029
71495,58972,7.89,0.328
71497,59003,6.3,0.152
71499,59050,5.95,0.613
71501,59072,4.14,0.353
71503,59111,6.81,0.465
71505,59254,7.75,0.059
71507,59281,7.45,0.101
71509,59457,7.04,1.088
71511,59488,6.54,0.266
71513,59678,6.2,0.075
71515,59679,7.12,-0.015
71517,59689,7.43,-0.008
71519,59823,7.99,0.0
71521,59830,7.62,-0.02
71523,59898,6.06,0.021
71525,60009,4.06,-0.168
71527,60165,7.14,1.072
71529,60169,7.74,1.147
71531,60183,6.2,-0.041
71533,60211,7.98,0.964
71535,60320,5.15,0.195
71537,60339,7.75,0.038
71539,60394,7.12,1.121
71541,60417,6.36,0.887
71543,60570,6.92,0.11
71545,60601,6.29,0.965
71547,60644,6.99,0.537
71549,60851,6.05,0.022
71551,60944,7.32,0.308
71553,61294,7.69,0.047
71555,61537,7.26,-0.031
71557,58662,6.95,1.249
71559,58720,5.89,-0.08
71561,58739,7.72,0.51
71563,58848,6.74,1.139
71565,58884,5.34,-0.012
71567,58998,7.38,0.019
71569,59030,7.17,0.553
71571,59046,6.23,1.237
71573,59221,7.93,0.283
71575,59389,6.48,1.352
71577,59929,4.06,1.603
71579,60278,7.64,0.645
71581,60329,5.73,1.038
71583,60627,7.86,-0.02
71585,60825,7.43,0.467
71587,61291,7.13,0.836
71589,61404,6.11,1.514
71591,61447,7.51,0.046
71593,61585,2.69,-0.176
71595,61635,7.38,0.889
71597,116063,7.1,0.595
71599,116927,7.76,1.034
71601,117324,6.89,0.462
71603,117568,7.35,1.205
71605,117732,7.45,0.952
71607,115756,6.47,1.455
71609,116079,7.85,0.52
71611,116399,7.12,0.366
71613,116672,7.65,1.437
71615,116749,6.92,1.412
71617,116924,7.99,0.423
71619,117088,5.73,1.393
71621,117096,7.09,1.147
71623,117353,7.38,0.308
71625,117374,6.73,0.446
71627,117493,7.21,0.525
71629,117516,7.02,0.4
71631,117815,6.64,0.589
71633,118121,5.0,0.06
71635,118144,7.42,0.47
71637,118322,4.49,-0.075
71639,115908,5.66,-0.142
71641,116184,7.34,1.469
71643,116679,6.63,0.926
71645,116955,7.16,1.086
71647,117048,7.99,0.559
71649,117055,7.47,1.606
71651,117507,6.59,1.471
71653,117520,7.47,1.495
71655,118007,7.07,0.279
71657,118092,5.95,0.101
71659,118179,6.86,0.825
71661,58714,7.91,0.794
71663,58782,7.49,1.037
71665,58816,7.45,0.465
71667,58883,7.72,-0.048
71669,59448,6.8,0.558
71671,60059,5.01,1.6
71673,58566,7.98,1.311
71675,58584,7.89,-0.03
71677,58642,6.16,-0.004
71679,58711,7.38,0.043
71681,58756,6.69,1.386
71683,58814,7.94,-0.004
71685,58856,7.55,0.004
71687,58901,6.3,-0.034
71689,59045,7.66,0.098
71691,59266,7.16,-0.061
71693,59282,7.39,0.163
71695,59360,6.97,0.127
71697,59397,7.33,0.117
71699,59515,7.82,1.446
71701,59560,7.08,1.391
71703,59649,7.9,0.12
71705,59653,7.87,-0.069
71707,59674,7.75,-0.015
71709,59710,7.92,0.604
71711,59734,7.35,1.3
71713,59747,2.79,-0.193
71715,59844,7.74,2.862
71717,59960,7.8,0.458
71719,59965,6.75,1.584
71721,60010,7.63,1.242
71723,60153,7.87,0.007
71725,60243,7.75,-0.01
71727,60308,5.91,1.533
71729,60379,5.38,-0.098
71731,60497,7.75,0.557
71733,60557,7.11,0.69
71735,60781,5.38,1.543
71737,58921,5.95,1.691
71739,59200,6.22,1.733
71741,59528,6.82,0.262
71743,59546,7.6,0.068
71745,60058,7.84,1.479
71747,60260,3.59,1.389
71749,60546,7.14,1.193
71751,116347,7.85,1.112
71753,116536,7.63,0.352
71755,117486,7.89,0.823
71757,116387,6.73,0.383
71759,116407,7.68,0.405
71761,116570,7.54,1.029
71763,116612,7.63,0.441
71765,116640,7.41,1.619
71767,116835,7.5,0.076
71769,116935,7.97,1.143
71771,116966,7.94,0.039
71773,117183,7.53,0.33
71775,117276,7.3,1.623
71777,117688,7.47,1.092
71779,117716,7.2,0.306
71781,117760,7.4,0.345
71783,117853,7.05,-0.046
71785,118050,7.41,0.97
71787,118106,7.92,0.486
71789,118169,7.64,0.465
71791,118197,6.69,0.789
71793,118246,7.77,1.336
71795,118249,7.51,1.397
71797,117099,7.42,1.418
71799,117297,7.64,0.536
71801,117782,7.7,1.444
71803,58578,7.86,1.193
71805,58761,7.53,0.114
71807,58879,7.93,0.195
71809,58955,6.96,1.097
71811,58956,7.23,0.955
71813,59155,7.74,1.167
71815,59173,4.46,-0.163
71817,59184,5.34,-0.01
71819,59196,2.58,-0.128
71821,59461,7.67,-0.026
71823,59926,6.81,0.574
71825,60110,7.41,1.132
71827,60291,6.58,1.467
71829,58534,7.98,0.947
71831,58692,7.47,0.44
71833,58820,6.99,0.876
71835,58859,6.48,-0.046
71837,59016,7.03,1.065
71839,59279,7.2,-0.063
71841,59290,6.74,0.921
71843,59413,7.74,0.252
71845,59439,6.23,0.816
71847,59449,3.97,-0.156
71849,59464,7.83,1.389
71851,59541,7.38,0.121
71853,59675,7.77,0.078
71855,59811,6.61,1.645
71857,59987,6.84,-0.062
71859,59999,7.58,1.491
71861,60374,6.52,1.01
71863,60408,7.86,1.075
71865,116776,7.79,1.012
71867,116937,7.99,0.704
71869,117361,7.36,0.985
71871,117570,7.62,0.764
71873,117701,7.92,1.068
71875,117976,7.35,0.33
71877,118003,7.03,0.994
71879,118234,5.13,1.121
71881,118288,7.82,0.446
71883,117315,5.18,-0.164
71885,117389,6.88,0.919
71887,117605,6.85,1.21
71889,117941,7.71,1.011
71891,118306,7.28,1.044
71893,58527,7.85,0.547
71895,59133,7.31,0.015
71897,59229,5.75,0.24
71899,59380,7.52,0.57
71901,59392,6.61,1.086
71903,59433,6.59,0.467
71905,59529,7.91,1.14
71907,59654,5.31,1.4
71909,59719,7.55,1.082
71911,59951,7.95,-0.088
71913,58765,6.61,0.24
71915,59453,7.81,1.114
71917,60084,7.86,0.105
71919,60134,7.36,0.255
71921,60219,7.11,0.252
71923,116737,6.07,0.24
71925,116774,6.94,1.027
71927,117320,6.89,0.659
71929,117444,6.65,0.989
71931,117453,6.97,1.579
71933,117571,6.49,1.025
71935,116994,6.63,0.901
71937,117060,6.84,1.22
71939,117075,6.08,0.978
71941,117255,7.49,1.15
71943,118091,7.73,0.451
71945,58712,7.7,1.562
71947,58799,6.51,0.5
71949,59012,7.8,0.089
71951,59232,5.51,-0.097
71953,59387,7.51,1.179
71955,59607,5.77,-0.144
71957,59726,7.49,0.649
71959,59930,7.21,1.484
71961,60003,7.92,1.003
71963,58660,7.39,0.217
71965,58803,5.15,0.417
71967,59120,7.21,0.422
71969,59257,7.93,0.532
71971,59785,6.24,1.002
71973,116880,7.81,0.482
71975,116920,7.11,1.02
71977,117092,7.77,0.207
71979,117254,7.33,0.232
71981,117515,7.43,0.282
71983,117606,7.75,1.495
71985,117630,7.55,0.457
71987,117638,8.0,1.14
71989,117665,7.2,1.179
71991,118049,7.88,0.436
71993,118256,6.78,0.215
71995,117087,7.48,1.435
71997,117219,6.32,0.21
71999,117659,6.65,1.096
72001,117880,6.03,0.572
72003,118151,7.13,1.57
72005,58669,6.91,0.586
72007,58822,7.91,1.587
72009,59192,6.75,1.069
72011,59307,6.16,0.03
72013,58542,7.3,1.208
72015,58548,7.41,0.288
72017,59008,6.23,-0.073
72019,59035,6.91,1.391
72021,59055,6.63,1.017
72023,59353,6.07,0.19
72025,59354,7.89,0.382
72027,59552,7.43,1.423
72029,59659,7.18,0.183
72031,59662,7.86,-0.099
72033,59729,7.61,0.251
72035,59944,7.96,1.37
72037,116998,7.45,0.302
72039,117141,7.96,0.347
72041,117627,7.85,0.735
72043,117919,7.86,0.501
72045,118107,7.39,1.252
72047,118210,7.97,0.49
72049,117655,6.7,0.97
72051,58550,7.95,0.99
72053,58551,7.84,0.307
72055,58632,7.11,0.928
72057,58757,7.41,1.287
72059,58793,7.74,1.127
72061,58878,7.47,0.427
72063,58912,7.83,0.986
72065,58946,7.46,1.653
72067,59021,6.49,0.623
72069,59119,7.65,0.068
72071,59135,6.72,0.532
72073,59293,7.76,0.188
72075,59374,7.73,0.995
72077,59435,7.97,1.515
72079,59456,7.67,0.962
72081,59531,7.23,0.195
72083,59580,7.57,1.111
72085,59588,6.34,1.449
72087,59622,6.34,0.071
72089,59652,7.38,0.758
72091,59681,7.38,0.214
72093,59789,7.49,1.619
72095,117022,7.16,1.085
72097,117057,6.95,0.488
72099,117640,7.72,0.364
72101,117668,7.86,0.719
72103,117678,7.06,0.972
72105,117840,7.83,0.607
72107,117931,6.09,-0.093
72109,117932,6.84,-0.08
72111,118127,7.01,0.505
72113,118292,7.54,0.37
72115,58601,7.76,1.136
72117,58950,7.78,0.651
72119,59373,7.33,1.102
72121,59443,7.59,1.561
72123,59629,7.74,0.434
72125,59140,7.92,0.223
72127,59742,6.5,1.086
72129,117542,7.88,0.839
72131,117822,7.42,1.549
72133,118034,7.77,1.338
72135,118277,5.59,1.599
72137,117107,6.23,0.495
72139,117452,4.59,0.001
72141,117481,6.95,0.511
72143,117860,6.34,0.197
72145,118076,6.26,1.452
72147,58753,7.83,1.62
72149,58849,7.93,1.152
72151,59041,7.28,0.986
72153,59087,6.93,0.513
72155,59143,6.72,0.613
72157,59199,4.02,0.334
72159,59316,3.02,1.326
72161,59350,7.48,0.092
72163,59394,5.45,0.055
72165,59482,7.43,1.212
72167,59707,7.47,0.711
72169,117142,7.88,1.266
72171,117510,6.44,0.097
72173,117737,6.77,1.301
72175,117797,6.23,0.188
72177,118029,6.31,0.921
72179,118198,7.98,0.316
72181,118302,7.78,1.211
72183,58587,5.28,-0.192
72185,59195,7.89,0.436
72187,59217,7.14,0.43
72189,59336,7.48,1.494
72191,59465,7.44,0.47
72193,58574,6.28,1.22
72195,58626,7.55,1.069
72197,58679,7.77,0.187
72199,58861,7.86,0.175
72201,59275,7.98,0.194
72203,59728,5.82,1.052
72205,117488,7.01,1.23
72207,117569,7.2,0.219
72209,117813,7.35,1.218
72211,117958,7.88,0.64
72213,118002,7.24,1.623
72215,118081,6.45,0.979
72217,117218,5.28,0.299
72219,117414,7.37,1.054
72221,117585,7.07,1.145
72223,117629,5.17,-0.122
72225,117734,6.83,0.09
72227,117824,7.36,0.863
72229,118278,7.47,0.741
72231,59124,7.07,1.195
72233,59313,6.63,0.48
72235,59426,6.88,0.77
72237,117202,7.36,1.52
72239,117222,7.99,1.55
72241,117391,7.55,0.518
72243,117494,6.21,1.212
72245,117557,6.68,1.37
72247,117558,7.49,0.202
72249,117738,7.61,1.645
72251,117944,7.76,0.513
72253,118178,6.28,1.079
72255,58579,7.96,0.602
72257,58704,7.85,1.322
72259,59013,7.99,1.593
72261,59068,6.77,0.323
72263,59272,6.81,0.666
72265,59526,7.72,1.334
72267,117174,7.93,0.38
72269,117209,7.79,1.02
72271,117237,7.74,0.873
72273,117314,5.74,1.068
72275,117373,7.48,1.127
72277,117411,7.6,1.083
72279,117528,6.78,0.413
72281,117563,7.09,0.907
72283,117567,5.7,1.488
72285,117722,5.85,1.252
72287,117747,7.37,1.464
72289,117789,7.66,1.014
72291,117978,6.6,1.172
72293,117980,7.3,0.498
72295,118205,7.22,0.409
72297,58576,5.54,0.76
72299,58741,6.24,1.492
72301,58751,7.44,0.435
72303,58830,6.59,0.315
72305,59149,7.57,0.416
72307,59346,6.55,0.218
72309,59367,7.5,0.996
72311,59452,7.13,0.917
72313,59625,7.58,0.743
72315,117258,7.23,0.551
72317,117274,7.31,1.011
72319,117541,5.93,1.133
72321,117743,7.73,1.191
72323,117756,5.76,1.171
72325,117843,7.21,1.584
72327,117917,6.73,0.337
72329,117977,7.27,0.824
72331,118115,7.89,0.643
72333,58797,7.15,0.127
72335,58981,6.62,1.491
72337,59104,7.73,1.413
72339,59108,7.07,1.42
72341,59182,7.53,1.072
72343,59292,7.23,0.397
72345,59422,6.95,0.45
72347,59506,7.86,1.421
72349,59676,6.56,0.277
72351,117349,7.64,0.465
72353,117352,7.56,0.245
72355,117420,6.09,1.452
72357,117495,7.75,1.061
72359,117926,7.83,1.443
72361,117940,7.99,1.06
72363,118298,6.55,1.043
72365,58603,6.32,1.204
72367,58769,7.5,1.15
72369,58791,7.86,0.385
72371,59010,6.37,0.997
72373,59102,7.61,0.966
72375,59423,6.74,1.074
72377,59532,7.43,0.701
72379,59545,7.3,1.488
72381,59641,7.86,1.108
72383,117354,7.11,1.135
72385,117375,5.49,0.941
72387,117614,7.86,1.397
72389,117641,7.91,1.452
72391,117761,5.93,1.069
72393,117881,7.58,1.625
72395,118209,4.88,0.93
72397,118286,7.12,0.324
72399,118293,7.49,0.342
72401,118307,6.83,1.614
72403,58678,7.79,0.338
72405,58700,7.96,1.52
72407,58851,7.68,0.201
72409,58881,7.87,1.406
72411,58895,7.14,0.937
72413,58944,7.53,1.125
72415,59164,6.98,0.4
72417,59285,5.95,1.12
72419,59429,7.63,1.249
72421,59536,7.62,0.548
72423,59646,6.91,0.903
72425,117215,7.95,0.547
72427,117245,4.95,2.508
72429,117260,7.18,0.947
72431,117445,6.47,0.461
72433,117491,5.77,0.167
72435,117607,6.96,1.157
72437,117683,5.59,1.527
72439,117774,6.29,-0.003
72441,117832,7.61,1.602
72443,117866,7.71,-0.1
72445,117887,5.78,1.466
72447,117953,7.72,0.751
72449,118104,7.64,0.405
72451,58590,4.65,0.122
72453,58610,7.78,0.493
72455,58638,7.86,1.238
72457,58809,6.39,0.476
72459,58866,7.12,1.631
72461,59002,7.76,0.296
72463,59134,7.45,0.972
72465,59170,7.86,0.949
72467,59309,5.72,0.352
72469,59451,6.93,0.146
72471,59510,7.4,0.991
72473,117359,7.44,1.443
72475,117367,7.69,0.627
72477,117398,6.89,0.993
72479,117498,7.99,0.989
72481,117656,6.82,1.478
72483,117674,6.79,0.13
72485,117847,7.71,1.191
72487,117858,7.3,1.136
72489,117900,7.35,1.136
72491,117927,6.22,-0.066
72493,118054,6.87,0.331
72495,118235,7.92,1.55
72497,118268,4.03,0.419
72499,118320,7.59,0.999
72501,58715,7.59,1.603
72503,58948,4.12,0.967
72505,59100,7.4,0.367
72507,59390,7.34,1.143
72509,59572,7.92,0.792
72511,59608,5.85,0.262
72513,59610,7.41,0.635
72515,59636,7.56,0.229
72517,59690,7.5,0.616
72519,117236,7.48,0.582
72521,117394,6.66,0.324
72523,117628,5.77,1.661
72525,117912,7.8,1.383
72527,117962,6.84,-0.015
72529,118015,7.36,0.219
72531,58616,6.93,0.106
72533,58743,7.48,0.383
72535,58943,7.64,1.47
72537,58968,7.91,0.463
72539,59099,7.1,0.016
72541,59138,7.67,1.01
72543,59589,7.57,0.667
72545,59592,7.59,1.56
72547,59656,7.99,1.16
72549,117186,7.12,0.393
72551,117730,5.3,0.186
72553,117768,7.28,0.308
72555,117839,7.82,1.525
72557,118133,6.65,0.04
72559,118309,6.74,0.146
72561,118318,6.99,1.595
72563,58893,7.7,0.474
72565,58963,7.63,0.427
72567,59011,7.97,0.884
72569,59246,7.22,1.63
72571,59250,7.78,0.522
72573,59317,7.05,1.331
72575,59352,6.4,0.07
72577,117162,7.7,0.273
72579,117279,7.77,1.672
72581,117339,7.95,0.27
72583,117540,7.8,0.435
72585,117562,7.46,-0.028
72587,117770,6.57,1.412
72589,117836,7.18,1.17
72591,117986,6.45,1.56
72593,118087,7.44,1.363
72595,58519,6.94,1.57
72597,58568,7.84,1.03
72599,58831,7.7,1.23
72601,58858,5.89,0.248
72603,59501,5.6,0.961
72605,117155,6.76,1.456
72607,117182,6.56,0.5
72609,117710,6.13,1.616
72611,117735,6.68,0.947
72613,117990,6.75,0.321
72615,118275,7.79,0.189
72617,118301,7.67,0.337
72619,117718,5.06,1.587
72621,117888,6.92,1.429
72623,118111,7.89,0.98
72625,118125,7.88,1.27
72627,118176,7.13,1.502
72629,58661,6.57,0.661
72631,58724,7.74,1.129
72633,59015,7.49,0.36
72635,59125,7.64,0.3
72637,59414,7.51,0.829
72639,59421,7.53,0.275
72641,59459,6.73,1.04
72643,59468,5.66,1.401
72645,59596,7.51,0.109
72647,59692,7.34,0.661
72649,117244,7.97,1.751
72651,117332,6.78,1.232
72653,117415,7.08,0.443
72655,117479,7.07,0.086
72657,117535,7.55,0.137
72659,117856,7.99,0.308
72661,117897,7.78,0.097
72663,118048,6.18,1.635
72665,118094,7.84,0.446
72667,118131,4.63,1.584
72669,59210,6.97,1.023
72671,59364,6.01,0.123
72673,59489,6.47,0.428
72675,59578,7.68,1.59
72677,59680,7.41,0.924
72679,58795,7.35,1.502
72681,59348,7.48,0.994
72683,117073,4.93,0.935
72685,117906,6.77,-0.036
72687,117194,7.75,1.21
72689,117246,6.97,1.626
72691,117280,7.45,1.59
72693,117348,7.98,1.281
72695,117393,7.85,0.451
72697,117423,7.03,1.581
72699,117482,7.84,0.967
72701,117500,5.95,0.187
72703,117511,7.01,0.355
72705,117778,7.51,0.968
72707,117915,7.51,1.007
72709,117939,6.52,1.488
72711,118067,7.66,0.145
72713,118267,7.89,1.612
72715,58586,7.46,0.438
72717,58615,7.84,0.563
72719,58940,7.51,0.554
72721,59056,7.91,1.518
72723,59174,7.43,0.023
72725,59185,7.59,1.539
72727,59284,7.57,1.124
72729,59558,7.76,0.542
72731,59594,7.42,0.291
72733,59660,6.86,1.14
72735,59856,4.99,1.14
72737,117201,7.51,-0.039
72739,117241,7.64,1.052
72741,117785,7.36,0.438
72743,117861,7.9,0.169
72745,117938,7.38,1.307
72747,117997,7.47,0.409
72749,118004,7.08,-0.022
72751,118224,6.53,-0.126
72753,118225,7.83,0.654
72755,118281,5.81,0.539
72757,58891,7.4,1.055
72759,59440,7.3,0.406
72761,58530,7.49,0.11
72763,58654,5.59,1.019
72765,59271,7.39,0.307
72767,59783,7.67,0.305
72769,117094,7.47,0.551
72771,117268,7.91,1.345
72773,117426,6.95,0.798
72775,117503,5.86,0.806
72777,117527,7.76,0.596
72779,117673,6.95,0.434
72781,117693,7.82,0.105
72783,117762,6.52,0.571
72785,117793,7.53,1.116
72787,118297,7.88,-0.012
72789,117000,7.03,1.172
72791,117345,7.51,0.082
72793,117788,7.7,1.293
72795,118177,6.7,0.251
72797,59175,7.33,0.515
72799,59280,7.46,0.794
72801,59366,6.85,0.28
72803,59701,6.96,1.6
72805,59831,5.69,1.586
72807,59868,7.21,0.197
72809,58684,5.22,0.283
72811,58708,6.64,0.86
72813,59136,7.65,1.571
72815,116847,6.85,1.423
72817,117080,7.64,1.1
72819,117565,7.93,0.059
72821,117646,7.34,0.218
72823,117672,6.82,1.011
72825,118071,6.01,0.712
72827,116882,6.92,0.548
72829,117601,7.68,1.548
72831,117622,6.78,0.419
72833,117679,7.54,0.01
72835,117769,6.94,1.673
72837,117844,6.62,0.68
72839,118183,7.89,1.63
72841,118230,7.26,0.353
72843,118254,7.72,0.563
72845,58552,7.57,0.073
72847,59044,7.54,1.5
72849,59760,7.28,1.01
72851,116870,7.42,-0.052
72853,117340,6.08,-0.135
72855,117647,7.86,0.329
72857,117754,7.42,0.147
72859,117925,6.97,1.329
72861,117956,6.01,1.17
72863,117979,6.69,1.094
72865,118060,7.54,0.139
72867,118097,7.53,-0.042
72869,116789,7.73,0.035
72871,116805,4.15,-0.071
72873,116849,6.97,0.477
72875,116940,6.99,0.28
72877,116941,6.43,1.5
72879,117111,7.57,0.006
72881,117129,6.93,0.081
72883,117221,4.97,1.086
72885,117342,8.0,1.143
72887,117834,7.42,1.453
72889,117963,6.94,-0.065
72891,118214,6.55,-0.093
72893,59024,7.69,0.528
72895,59203,7.77,0.299
72897,59228,7.42,1.03
72899,59454,7.95,0.337
72901,60122,5.28,1.623
72903,58980,7.09,0.632
72905,58982,7.94,0.465
72907,59258,7.51,0.348
72909,59372,7.65,1.034
72911,59432,7.96,0.88
72913,59548,7.28,0.876
72915,59708,6.18,1.061
72917,59777,7.61,1.06
72919,59920,5.8,1.33
72921,60471,7.73,1.1
72923,116541,7.81,0.064
72925,116618,7.98,1.612
72927,116830,7.46,0.966
72929,116968,7.55,0.018
72931,116991,6.44,1.034
72933,116993,6.63,-0.017
72935,117010,7.63,0.302
72937,117551,6.47,0.403
72939,117573,7.15,0.466
72941,117603,7.87,1.049
72943,117733,7.57,0.487
72945,117807,6.78,0.985
72947,117954,6.61,1.202
72949,118032,7.62,0.97
72951,118036,7.69,1.386
72953,118259,7.07,0.178
72955,116709,5.35,-0.061
72957,116876,6.26,0.182
72959,117145,7.72,1.04
72961,117224,7.34,0.96
72963,117231,7.98,0.251
72965,117286,7.56,0.14
72967,117290,7.49,-0.03
72969,117334,7.83,-0.076
72971,117692,7.59,1.019
72973,117867,7.91,0.015
72975,117952,8.0,1.22
72977,118162,6.72,0.694
72979,118264,7.23,0.898
72981,118289,7.19,-0.043
72983,59176,7.79,0.513
72985,59511,7.2,1.223
72987,59061,7.27,0.387
72989,59188,7.46,1.022
72991,59458,6.34,1.505
72993,59774,3.32,0.077
72995,59882,7.28,1.238
72997,60212,5.54,1.452
72999,60584,5.82,1.622
73001,60004,7.77,1.065
73003,60381,7.69,1.365
73005,60453,7.69,0.945
73007,60588,7.38,0.569
73009,116251,7.2,0.92
73011,116278,7.36,0.976
73013,116279,7.61,0.081
73015,117227,7.02,1.04
73017,117450,6.33,-0.007
73019,117775,6.71,1.56
73021,117830,6.92,0.626
73023,118090,6.63,1.64
73025,118116,6.47,0.029
73027,116549,7.09,1.661
73029,116650,6.99,1.008
73031,116743,7.53,0.864
73033,116843,7.22,0.193
73035,116912,6.24,1.025
73037,117029,7.14,0.645
73039,117104,7.81,0.988
73041,117133,6.46,0.992
73043,117299,5.55,1.63
73045,117301,4.88,1.122
73047,117472,6.36,0.408
73049,117554,7.94,0.091
73051,117772,7.86,1.05
73053,117842,7.19,1.614
73055,117863,4.51,1.19
73057,117930,7.38,1.115
73059,117955,7.28,1.134
73061,117957,6.03,0.155
73063,118010,7.67,0.638
73065,118023,7.99,-0.063
73067,118057,6.56,1.149
73069,118135,7.31,0.22
73071,118276,7.2,0.14
73073,116692,7.51,1.089
73075,116828,7.64,0.026
73077,117103,7.17,1.41
73079,117109,7.75,0.074
73081,117259,7.86,0.464
73083,117282,7.44,0.137
73085,117419,7.68,0.057
73087,118077,5.57,0.478
73089,118243,4.88,-0.071
73091,118287,7.73,0.525
73093,58828,7.76,1.021
73095,58989,6.14,1.178
73097,60111,7.85,0.189
73099,60180,7.21,1.766
73101,60192,7.22,1.032
73103,60316,6.74,1.104
73105,60589,6.31,0.919
73107,60796,8.0,0.203
73109,61164,7.95,0.903
73111,58631,7.16,1.42
73113,58650,7.24,0.26
73115,58876,7.92,0.596
73117,59207,7.7,0.574
73119,59497,7.55,1.2
73121,59658,6.74,1.313
73123,60053,7.7,1.56
73125,60175,7.12,0.066
73127,60937,7.03,0.906
73129,61068,6.93,0.211
73131,58567,7.42,0.367
73133,58798,7.0,1.322
73135,58808,7.96,1.093
73137,58976,7.7,1.513
73139,58979,7.39,1.074
73141,59017,7.1,0.464
73143,59975,7.65,0.853
73145,60998,5.01,1.621
73147,61157,7.37,0.529
73149,61483,7.4,0.713
73151,115645,6.81,1.208
73153,115735,8.0,0.35
73155,116856,7.7,0.356
73157,116908,7.88,-0.003
73159,115654,7.67,0.065
73161,115772,6.84,1.03
73163,115788,7.32,1.326
73165,116022,7.25,0.223
73167,116161,6.65,0.23
73169,116394,7.19,1.089
73171,116503,7.25,0.131
73173,116948,6.52,1.878
73175,117062,7.94,0.121
73177,117257,7.28,1.07
73179,117265,5.95,-0.049
73181,117329,7.87,0.037
73183,117371,5.05,0.007
73185,117430,6.41,0.062
73187,116044,7.66,0.023
73189,116221,7.47,0.773
73191,116687,6.59,0.517
73193,116703,7.92,1.442
73195,116765,6.85,0.103
73197,116962,6.4,1.25
73199,117217,7.72,0.04
73201,117220,7.77,0.112
73203,117387,7.39,0.103
73205,117447,5.43,0.67
73207,117514,7.74,0.001
73209,117553,6.95,1.565
73211,117602,6.81,0.066
73213,117705,7.24,0.59
73215,117884,7.22,0.63
73217,118112,7.72,0.138
73219,118303,7.94,1.656
73221,58591,6.75,0.101
73223,58651,7.24,1.111
73225,59746,5.72,1.179
73227,61058,6.95,1.019
73229,61281,3.85,-0.116
73231,61384,4.95,1.312
73233,61564,6.54,1.408
73235,58947,7.5,1.113
73237,59291,6.34,0.511
73239,59796,6.29,1.145
73241,60044,5.47,0.054
73243,60331,7.97,0.744
73245,60699,6.33,1.028
73247,61169,7.42,1.089
73249,61293,7.5,0.571
73251,61315,7.03,1.308
73253,61759,7.32,0.992
73255,58823,7.69,0.271
73257,58924,7.31,0.431
73259,58952,5.78,1.029
73261,59294,6.87,1.032
73263,59463,6.76,0.042
73265,59504,5.14,0.358
73267,60685,7.89,1.199
73269,61065,7.43,1.188
73271,61543,7.97,1.673
73273,61849,7.3,1.198
73275,62929,7.64,0.964
73277,62975,6.95,0.929
73279,63061,7.66,1.229
73281,58545,6.21,1.61
73283,58781,7.5,0.943
73285,59384,6.0,1.618
73287,59832,7.8,0.418
73289,59836,7.22,0.348
73291,61351,7.28,0.376
73293,61597,6.99,0.633
73295,62170,6.33,0.16
73297,62208,7.55,1.212
73299,62542,7.55,0.97
73301,62971,7.14,1.119
73303,63444,7.26,0.742
73305,64437,6.25,0.955
73307,64440,7.52,1.113
73309,58874,6.27,0.56
73311,60146,7.84,1.069
73313,61396,7.21,0.249
73315,61731,7.33,0.599
73317,62561,5.92,0.015
73319,62572,5.38,0.033
73321,63163,7.8,0.435
73323,64655,7.27,0.53
73325,64901,7.57,0.413
73327,65429,7.24,0.7
73329,65572,7.93,0.441
73331,66878,5.92,0.993
73333,67134,7.73,1.211
73335,67437,7.3,0.413
73337,59767,6.27,0.346
73339,59879,6.33,0.437
73341,62945,7.47,1.425
73343,71161,7.12,0.926
73345,71725,6.91,1.46
73347,72973,7.46,1.026
73349,84535,6.31,1.575
73351,85699,5.78,0.239
73353,85822,4.35,0.021
73355,87663,7.67,1.137
73357,89465,6.51,1.604
73359,103435,7.42,0.1
73361,108862,7.45,0.108
73363,109693,5.27,-0.03
73365,109694,6.59,1.186
73367,115550,6.61,0.55
73369,115746,5.56,0.25
73371,115813,7.2,0.482
73373,118285,6.75,0.081
73375,107334,7.11,0.267
73377,108363,7.79,0.294
73379,109127,7.9,0.105
73381,109985,7.57,0.061
73383,110485,7.15,0.973
73385,112172,7.57,0.039
73387,112519,4.77,1.257
73389,112527,7.53,0.867
73391,112592,7.09,1.079
73393,112833,5.89,1.34
73395,112882,7.32,1.365
73397,113116,4.7,1.418
73399,114697,7.83,-0.038
73401,115753,7.57,0.895
73403,116109,7.09,0.171
73405,116496,7.5,1.122
73407,116945,7.7,1.046
73409,117166,7.8,0.98
73411,117350,7.77,0.89
73413,118027,6.57,0.064
73415,110472,7.09,0.427
73417,111852,6.82,0.757
73419,112165,7.57,1.171
73421,112246,7.02,0.962
73423,112721,7.0,1.032
73425,113046,7.3,1.34
73427,113066,7.78,1.127
73429,113108,7.59,0.962
73431,113499,7.11,1.22
73433,113664,6.68,0.241
73435,114178,7.88,-0.036
73437,114194,7.28,0.115
73439,114298,7.63,1.206
73441,114546,7.53,0.699
73443,114828,7.86,0.043
73445,115044,6.98,0.122
73447,115773,7.67,0.228
73449,116974,7.87,0.036
73451,117249,7.97,0.264
73453,118068,7.75,0.392
73455,113125,7.98,1.083
73457,113299,7.6,0.796
73459,113648,7.5,0.858
73461,113656,7.88,0.15
73463,113928,7.83,0.032
73465,114078,6.81,0.026
73467,114222,4.41,0.802
73469,114833,7.26,0.918
73471,114883,7.39,0.308
73473,114984,6.35,0.049
73475,115147,7.53,0.893
73477,115262,7.65,0.415
73479,115353,7.62,1.123
73481,115513,7.5,0.7
73483,116023,7.12,0.05
73485,116114,7.05,0.035
73487,116727,3.21,1.031
73489,116760,7.31,0.381
73491,116858,7.33,1.045
73493,117681,6.56,0.43
73495,117712,6.36,0.977
73497,117973,7.78,1.05
73499,118102,7.8,0.076
73501,114745,5.89,-0.01
73503,115039,7.16,1.107
73505,115165,7.59,0.321
73507,115810,7.23,0.344
73509,115894,7.74,0.499
73511,115902,6.65,0.011
73513,116188,6.73,0.116
73515,116260,8.0,1.419
73517,116321,7.38,0.21
73519,116714,5.95,0.124
73521,116725,7.65,0.296
73523,116728,5.98,0.889
73525,116932,7.89,0.247
73527,117893,6.59,0.018
73529,118014,7.83,1.133
73531,118093,7.84,0.13
73533,118117,7.58,0.508
73535,118257,7.87,0.302
73537,115678,6.66,0.297
73539,115770,5.6,0.163
73541,116272,7.81,1.891
73543,116380,5.86,1.681
73545,116757,7.99,1.159
73547,117146,7.15,0.042
73549,117355,7.46,0.99
73551,55980,7.58,0.46
73553,56379,6.69,0.009
73555,56552,7.98,0.683
73557,56673,6.62,0.518
73559,56937,7.27,1.3
73561,57043,7.95,0.123
73563,57352,7.99,0.68
73565,57696,4.98,1.36
73567,58097,7.89,1.352
73569,58247,7.9,0.059
73571,58402,7.01,-0.03
73573,54452,7.84,0.91
73575,54653,7.64,0.538
73577,54735,7.97,0.425
73579,55237,7.72,0.529
73581,55308,6.26,-0.016
73583,55332,6.46,0.004
73585,55350,6.41,0.019
73587,55657,5.55,0.017
73589,55712,8.0,0.015
73591,55735,6.88,0.378
73593,55979,6.09,0.101
73595,56246,6.88,0.204
73597,56558,6.53,1.161
73599,56625,7.84,0.342
73601,56797,7.03,0.193
73603,57092,6.48,0.528
73605,57143,7.11,0.051
73607,57287,7.52,1.76
73609,57296,6.96,1.385
73611,58441,7.73,1.4
73613,53999,7.99,0.086
73615,54166,6.9,0.118
73617,54257,7.68,0.152
73619,54852,7.68,0.326
73621,54958,7.59,0.521
73623,55257,7.37,1.728
73625,55497,6.43,0.202
73627,55888,7.67,1.158
73629,56675,5.64,0.362
73631,57027,6.93,0.402
73633,57374,7.89,0.086
73635,57505,7.67,1.518
73637,58410,6.73,0.214
73639,58484,4.88,-0.054
73641,50607,7.23,0.239
73643,51284,7.56,1.107
73645,51557,7.05,-0.067
73647,51605,7.39,0.991
73649,51632,7.77,0.124
73651,51713,7.18,0.415
73653,52340,5.97,-0.071
73655,52595,5.46,0.957
73657,52633,4.45,-0.188
73659,53151,6.36,1.46
73661,53700,6.7,0.534
73663,54017,7.88,0.563
73665,55225,6.35,0.266
73667,57137,6.38,0.894
73669,57192,6.61,0.084
73671,58291,7.45,0.4
73673,45357,7.86,1.022
73675,45532,7.14,1.134
73677,49442,7.18,0.591
73679,50461,6.68,0.996
73681,51472,6.64,0.119
73683,51723,7.66,1.16
73685,52020,7.82,0.018
73687,53629,7.51,0.048
73689,53702,6.19,0.1
73691,54279,7.26,-0.03
73693,54391,7.89,1.129
73695,54474,6.87,1.741
73697,55746,7.64,0.475
73699,56706,7.47,0.409
73701,56996,6.32,1.08
73703,30678,7.36,-0.02
73705,32500,6.46,0.429
73707,40514,6.76,0.064
73709,40861,7.64,0.45
73711,42708,7.2,1.712
73713,43908,5.43,0.306
73715,46870,7.6,0.537
73717,46892,7.08,0.431
73719,48620,7.31,1.401
73721,48752,7.84,0.097
73723,50605,7.8,0.441
73725,52065,7.51,0.77
73727,54065,7.54,0.331
73729,1007,7.22,0.054
73731,5953,7.93,1.614
73733,8469,7.94,0.051
73735,10993,7.82,0.375
73737,18872,7.95,0.323
73739,20325,7.5,0.473
73741,22379,7.17,1.728
73743,620,7.39,-0.018
73745,1074,5.78,1.71
73747,3053,7.74,0.754
73749,3114,6.81,1.26
73751,3911,7.94,0.522
73753,4926,7.96,1.07
73755,5084,7.37,1.08
73757,7560,7.15,0.866
73759,7568,5.66,0.939
73761,7601,5.88,0.62
73763,7637,7.32,1.031
73765,8018,7.22,0.71
73767,8976,6.97,1.628
73769,12078,7.22,1.088
73771,317,7.91,0.314
73773,446,7.71,1.093
73775,814,5.29,1.049
73777,938,7.21,0.916
73779,1292,6.59,0.749
73781,1425,7.92,0.621
73783,3131,7.9,0.744
73785,5228,7.59,1.341
73787,5964,7.91,1.131
73789,122,4.78,1.254
73791,596,7.56,0.419
73793,647,7.79,1.45
73795,648,7.18,0.156
73797,819,7.88,0.476
73799,829,6.97,1.377
73801,1268,6.49,0.983
73803,1342,6.78,0.451
73805,1531,7.8,0.363
73807,1623,7.87,0.552
73809,1706,5.96,1.397
73811,1838,7.99,0.475
73813,2021,2.82,0.618
73815,2907,6.72,0.394
73817,2947,7.98,0.188
73819,3490,6.61,1.079
73821,4479,7.39,1.086
73823,4869,7.24,1.39
73825,5112,7.96,-0.064
73827,357,7.33,0.444
73829,698,7.38,1.326
73831,865,6.66,0.372
73833,965,7.49,1.6
73835,1126,6.97,1.341
73837,2812,7.84,0.896
73839,3010,7.43,0.482
73841,3042,6.87,0.114
73843,3451,7.57,0.509
73845,3781,5.09,1.345
73847,4157,7.61,0.678
73849,372,7.46,1.072
73851,377,5.59,-0.1
73853,1309,7.18,0.251
73855,2629,6.11,0.265
73857,56050,6.45,0.32
73859,56156,7.89,0.131
73861,56162,7.95,1.12
73863,56201,6.28,0.473
73865,56550,6.23,0.131
73867,56556,7.34,2.215
73869,56561,3.11,-0.044
73871,56606,5.84,-0.102
73873,56612,7.13,0.083
73875,56619,7.51,1.847
73877,56656,5.14,1.105
73879,56726,7.14,-0.012
73881,56754,5.15,-0.04
73883,56757,7.32,0.003
73885,56769,6.46,0.043
73887,56897,7.6,0.062
73889,56917,7.32,0.048
73891,56929,6.91,1.285
73893,56961,6.32,0.029
73895,56986,4.93,1.111
73897,57004,6.78,1.311
73899,57033,7.24,0.932
73901,57057,7.82,1.656
73903,57108,7.31,0.02
73905,57175,5.0,0.784
73907,57211,6.1,0.063
73909,57439,4.11,0.895
73911,57455,7.69,1.476
73913,57669,4.3,-0.149
73915,57741,5.68,0.233
73917,57808,6.51,0.255
73919,57899,7.81,1.712
73921,57900,7.7,1.18
73923,57907,7.23,-0.024
73925,58103,5.89,0.21
73927,58128,7.99,-0.033
73929,58146,7.86,0.391
73931,58266,7.21,-0.002
73933,58278,7.59,0.646
73935,58307,7.31,1.673
73937,58326,5.59,-0.152
73939,58469,6.34,0.317
73941,58498,7.6,1.816
73943,55702,7.76,0.097
73945,55956,7.71,0.069
73947,55986,7.5,0.082
73949,56287,5.89,1.136
73951,56363,7.74,0.828
73953,56727,5.94,1.013
73955,56743,7.4,0.1
73957,56862,5.01,0.804
73959,57145,7.92,1.651
73961,57334,7.91,1.887
73963,57363,3.63,0.16
73965,57451,6.89,0.068
73967,57542,7.58,0.164
73969,57547,6.75,1.064
73971,57581,4.75,1.522
73973,57848,7.19,0.03
73975,57851,4.89,-0.123
73977,57940,7.85,1.24
73979,57963,7.34,0.005
73981,58085,6.38,0.406
73983,58182,7.82,1.147
73985,58350,7.48,0.509
73987,58427,5.59,0.174
73989,57189,6.99,0.387
73991,57783,7.65,1.043
73993,57814,7.55,0.471
73995,58166,7.57,1.734
73997,1647,5.5,-0.046
73999,2106,6.98,1.378
74001,55,7.4,0.551
74003,519,7.92,0.459
74005,631,6.83,1.158
74007,809,7.93,0.964
74009,1312,7.74,1.167
74011,1419,7.79,0.772
74013,1599,4.23,0.576
74015,1707,7.26,1.249
74017,1714,7.36,0.006
74019,1764,7.84,1.452
74021,1823,7.88,0.579
74023,2013,7.55,1.227
74025,2019,7.93,0.95
74027,2234,7.73,0.33
74029,115,7.46,0.16
74031,468,7.36,0.993
74033,621,7.5,1.703
74035,785,7.4,1.571
74037,798,6.34,0.164
74039,1146,6.63,1.697
74041,1481,7.46,0.537
74043,1751,7.82,1.179
74045,1877,7.59,0.85
74047,2484,4.36,-0.064
74049,2487,4.53,0.147
74051,56740,7.86,1.007
74053,56985,7.76,1.419
74055,56992,6.96,0.323
74057,56993,7.42,0.022
74059,57182,7.95,0.208
74061,57293,7.6,0.129
74063,56243,5.07,1.026
74065,56250,5.12,0.432
74067,56301,6.78,0.164
74069,56393,7.87,-0.001
74071,56422,7.26,0.473
74073,56442,7.52,1.271
74075,56465,7.41,1.26
74077,56507,6.97,0.917
74079,56607,8.0,0.979
74081,56839,7.15,1.052
74083,56841,6.97,-0.023
74085,56913,7.24,0.944
74087,57097,7.08,-0.02
74089,57282,7.75,1.284
74091,57291,7.47,0.721
74093,57432,7.66,-0.079
74095,57512,5.42,1.664
74097,57644,6.86,0.1
74099,57704,7.86,1.595
74101,57870,5.56,0.069
74103,58041,6.05,0.05
74105,58059,6.92,1.674
74107,58106,6.7,0.646
74109,58356,7.25,1.119
74111,58367,7.45,-0.045
74113,58379,5.44,-0.062
74115,58391,7.35,0.022
74117,58444,7.73,1.139
74119,58465,6.77,0.173
74121,58509,7.7,-0.11
74123,56247,7.22,0.039
74125,56249,7.87,0.043
74127,56281,7.84,-0.051
74129,56519,6.57,0.363
74131,56595,7.67,0.926
74133,56617,7.76,0.006
74135,56701,7.05,0.228
74137,56702,6.56,1.276
74139,56711,7.34,0.01
74141,56771,7.69,1.7
74143,57064,6.82,0.351
74145,57270,7.75,1.762
74147,57653,7.42,1.891
74149,57796,7.69,0.578
74151,58334,6.83,1.057
74153,58488,7.79,0.116
74155,243,7.82,1.041
74157,1413,7.67,0.271
74159,1582,7.97,0.552
74161,1777,7.3,0.035
74163,445,7.42,0.191
74165,605,7.48,1.532
74167,612,7.48,0.466
74169,975,7.62,0.758
74171,1031,7.22,0.775
74173,1114,7.15,0.513
74175,1356,7.65,1.122
74177,1560,7.96,0.973
74179,970,7.8,1.634
74181,1140,6.66,0.462
74183,1314,7.81,0.933
74185,1912,7.59,0.407
74187,56904,6.67,0.008
74189,56963,7.83,0.157
74191,57006,7.74,1.014
74193,57052,7.38,0.401
74195,57322,6.26,1.174
74197,57861,6.99,-0.1
74199,58301,6.68,0.349
74201,58394,7.78,1.311
74203,58475,7.39,-0.05
74205,56688,7.89,1.26
74207,56725,7.87,0.638
74209,56853,7.44,1.582
74211,56970,5.95,1.67
74213,57162,7.99,1.111
74215,57179,6.85,0.996
74217,57299,7.58,0.129
74219,57435,7.63,0.739
74221,57628,7.74,-0.056
74223,57885,6.59,1.322
74225,57913,7.37,1.178
74227,58144,7.66,1.109
74229,58275,6.52,1.072
74231,58416,7.48,0.226
74233,58453,6.04,1.277
74235,50,6.49,0.616
74237,370,7.13,1.26
74239,420,7.53,0.577
74241,730,6.32,0.738
74243,1349,6.84,0.655
74245,1555,7.78,1.71
74247,1862,7.61,1.001
74249,75,7.42,1.524
74251,88,5.71,0.911
74253,107,5.53,1.615
74255,469,7.36,1.444
74257,522,5.7,0.519
74259,744,7.05,-0.122
74261,944,7.91,1.126
74263,1101,6.97,0.18
74265,1476,7.27,1.129
74267,1571,7.44,1.654
74269,1766,6.68,1.102
74271,56893,7.78,0.21
74273,56902,7.25,1.029
74275,56998,7.77,1.064
74277,57066,7.89,0.395
74279,57073,7.68,1.334
74281,57074,7.97,0.148
74283,57371,5.28,-0.118
74285,57657,7.18,0.275
74287,57682,7.59,1.3
74289,57738,7.66,0.427
74291,57803,4.47,1.283
74293,57809,6.62,-0.027
74295,58050,7.96,0.957
74297,58092,7.43,1.257
74299,58409,7.88,0.569
74301,58452,6.36,-0.081
74303,56814,7.09,1.301
74305,57981,7.22,1.005
74307,58242,6.26,0.407
74309,58380,6.76,0.527
74311,58482,6.65,0.558
74313,709,7.81,0.481
74315,1487,7.47,0.468
74317,1551,7.45,1.535
74319,25,6.28,0.763
74321,573,7.62,0.955
74323,765,3.88,1.013
74325,805,7.19,0.974
74327,1181,7.13,1.17
74329,1307,7.88,1.287
74331,1382,7.96,0.651
74333,57021,6.86,0.59
74335,57201,7.63,0.503
74337,57340,7.0,1.003
74339,57443,4.89,0.664
74341,57567,7.94,0.23
74343,57700,7.28,0.996
74345,57826,7.75,0.456
74347,57840,7.6,1.072
74349,57847,7.35,0.458
74351,58177,6.13,1.01
74353,58254,7.94,0.65
74355,58388,6.77,0.963
74357,57013,5.54,0.044
74359,57817,7.0,1.168
74361,57942,7.69,0.289
74363,58064,7.6,1.513
74365,58090,7.77,0.358
74367,58131,7.35,0.3
74369,90,7.64,0.5
74371,102,7.05,1.55
74373,151,7.78,0.411
74375,457,7.47,1.62
74377,490,7.51,0.595
74379,966,6.53,1.041
74381,1019,7.53,0.98
74383,1058,7.57,0.453
74385,1502,6.33,1.21
74387,48,7.31,1.164
74389,133,6.62,0.545
74391,441,6.93,0.94
74393,567,6.91,1.123
74395,726,7.72,0.62
74397,913,7.7,1.2
74399,1225,7.5,1.032
74401,1243,7.65,1.184
74403,57423,7.71,-0.017
74405,57502,7.64,0.316
74407,57574,7.1,0.756
74409,57971,6.17,0.089
74411,58288,7.76,1.502
74413,58477,7.23,1.058
74415,57165,5.98,1.449
74417,57225,7.94,0.519
74419,57297,7.45,0.792
74421,57344,7.89,0.434
74423,57365,7.81,1.253
74425,57497,6.16,0.952
74427,57607,7.02,1.295
74429,57747,7.68,0.923
74431,57807,7.78,0.041
74433,57912,7.73,0.435
74435,57926,7.49,1.464
74437,57960,6.62,0.333
74439,58039,7.55,0.246
74441,58057,6.46,0.528
74443,58316,7.26,0.076
74445,150,7.04,1.06
74447,158,7.09,0.999
74449,277,6.96,0.353
74451,413,7.73,0.537
74453,456,7.78,1.123
74455,546,7.71,1.038
74457,1066,7.21,1.53
74459,1138,7.84,1.195
74461,242,7.76,0.967
74463,706,7.88,0.473
74465,732,7.78,0.417
74467,881,6.89,0.951
74469,928,7.75,1.152
74471,950,5.24,0.459
74473,1195,6.17,1.344
74475,57444,7.91,1.399
74477,57507,6.48,0.681
74479,57526,7.32,-0.052
74481,57533,7.86,1.29
74483,57672,7.95,0.543
74485,57759,7.36,0.701
74487,57841,5.85,0.554
74489,57936,4.29,-0.1
74491,58040,7.3,1.632
74493,58142,7.82,1.52
74495,58240,7.8,0.67
74497,58241,7.83,0.64
74499,58272,6.2,-0.044
74501,58324,7.67,1.537
74503,58363,7.09,0.478
74505,58463,6.83,1.601
74507,290,7.78,0.563
74509,328,7.09,-0.085
74511,396,7.83,1.256
74513,430,7.1,1.128
74515,655,5.67,1.119
74517,1236,7.89,1.08
74519,1288,5.66,1.35
74521,1315,7.34,1.201
74523,1330,6.67,1.077
74525,57421,7.56,0.515
74527,57515,7.33,0.266
74529,57560,7.59,0.333
74531,57613,5.1,1.594
74533,57749,6.48,0.98
74535,57798,7.18,1.201
74537,58158,5.93,1.499
74539,58317,7.01,0.423
74541,58345,6.99,1.128
74543,57217,6.97,0.552
74545,57271,7.97,0.805
74547,183,5.04,-0.15
74549,345,6.38,0.006
74551,349,7.77,-0.058
74553,512,7.9,-0.03
74555,178,7.97,0.556
74557,305,7.66,0.741
74559,761,5.42,0.414
74561,930,5.41,1.346
74563,1013,7.95,0.945
74565,1069,7.44,1.279
74567,1096,5.94,1.548
74569,1099,6.14,1.49
74571,1144,7.42,0.64
74573,57411,7.54,1.438
74575,57433,7.68,0.548
74577,57436,7.35,1.664
74579,57594,7.41,0.755
74581,57597,7.95,0.348
74583,57822,7.96,0.46
74585,58082,5.26,0.883
74587,58148,6.8,1.1
74589,58151,7.93,1.27
74591,58178,7.46,0.6
74593,58298,7.48,0.5
74595,58436,6.42,0.038
74597,253,6.46,1.176
74599,255,7.96,0.421
74601,560,6.19,0.386
74603,606,7.06,0.463
74605,636,5.93,0.141
74607,688,7.59,0.508
74609,720,7.13,1.64
74611,810,7.66,0.139
74613,937,7.85,0.561
74615,964,7.91,0.392
74617,1046,6.66,0.961
74619,1071,7.98,0.396
74621,1102,6.86,1.096
74623,57522,6.82,1.25
74625,57528,7.93,0.275
74627,57875,7.42,0.294
74629,58343,7.64,1.018
74631,58451,7.92,0.974
74633,57345,7.81,0.539
74635,57827,7.56,0.427
74637,58172,7.66,0.856
74639,724,7.21,1.087
74641,878,7.68,1.028
74643,1072,7.45,0.48
74645,1147,6.89,0.502
74647,238,6.25,0.526
74649,646,7.58,1.271
74651,893,7.78,1.302
74653,932,6.93,0.994
74655,1170,4.44,1.64
74657,57559,7.89,0.461
74659,57576,7.75,1.399
74661,57621,7.62,1.585
74663,57732,6.13,0.947
74665,57744,7.84,0.58
74667,57775,7.57,1.129
74669,57789,7.89,0.39
74671,57919,7.88,1.052
74673,57966,7.62,0.281
74675,57979,7.43,1.2
74677,58188,5.17,-0.022
74679,58408,7.58,0.437
74681,58424,7.99,0.456
74683,39,7.46,0.475
74685,138,7.83,1.074
74687,301,4.55,-0.047
74689,343,5.78,1.084
74691,529,7.31,0.402
74693,602,6.2,0.133
74695,669,7.04,0.624
74697,696,6.11,1.664
74699,910,4.89,0.487
74701,983,5.29,1.478
74703,1065,7.55,1.24
74705,1115,7.39,-0.165
74707,1176,6.63,1.03
74709,57611,6.85,1.029
74711,57680,7.39,1.128
74713,57753,7.24,1.527
74715,57792,7.32,0.049
74717,57819,6.34,0.41
74719,57894,7.66,0.566
74721,58263,7.13,0.503
74723,58264,6.54,0.592
74725,179,6.9,0.534
74727,454,7.39,0.99
74729,873,5.84,1.0
74731,887,7.71,1.253
74733,973,6.56,1.074
74735,1161,6.95,0.494
74737,1177,7.92,1.2
74739,57585,7.66,1.096
74741,57587,6.24,0.585
74743,57599,7.93,1.194
74745,57631,7.41,1.075
74747,57641,6.96,1.543
74749,57730,7.71,0.485
74751,57763,7.68,0.937
74753,57790,7.64,0.347
74755,57806,6.87,1.232
74757,58248,7.41,0.453
74759,58331,6.58,0.568
74761,58333,8.0,0.531
74763,58336,7.41,1.125
74765,58450,6.49,1.45
74767,355,4.99,1.619
74769,458,6.97,1.444
74771,462,7.13,0.446
74773,520,7.6,1.539
74775,649,7.85,0.505
74777,671,5.99,1.034
74779,771,7.94,1.439
74781,818,7.1,0.345
74783,1053,7.58,1.097
74785,1134,7.32,0.521
74787,1141,7.99,1.145
74789,1158,5.13,1.601
74791,57456,7.57,0.396
74793,57536,7.97,0.838
74795,57648,7.31,1.429
74797,57791,5.62,1.058
74799,58007,7.36,0.894
74801,58137,7.22,0.282
74803,58268,6.73,0.486
74805,58368,6.93,0.413
74807,87,7.8,0.43
74809,91,7.66,1.3
74811,154,4.37,1.631
74813,443,4.61,1.029
74815,453,7.59,1.045
74817,692,7.76,1.618
74819,840,5.84,0.973
74821,1120,7.41,0.947
74823,57419,7.65,1.183
74825,57593,7.87,0.281
74827,57629,6.15,0.518
74829,57740,7.85,0.644
74831,58093,7.6,0.69
74833,58457,7.49,1.628
74835,58480,7.14,0.968
74837,14,7.25,1.2
74839,44,7.91,1.104
74841,145,5.13,-0.128
74843,159,6.93,0.292
74845,417,6.32,1.099
74847,438,7.95,0.991
74849,635,6.43,-0.146
74851,664,6.18,1.366
74853,700,7.05,0.963
74855,803,6.84,1.611
74857,892,7.93,1.096
74859,906,6.74,1.025
74861,931,7.56,0.551
74863,1018,7.22,1.051
74865,1033,7.37,1.619
74867,57467,7.88,1.043
74869,57681,7.77,0.513
74871,57757,3.59,0.518
74873,58002,6.31,0.207
74875,58113,7.74,0.22
74877,58133,7.16,0.402
74879,58375,7.38,0.977
74881,58377,6.7,1.618
74883,58445,6.18,1.257
74885,58466,6.82,1.457
74887,31,7.63,1.453
74889,223,7.17,0.617
74891,368,7.9,1.249
74893,675,8.0,1.193
74895,717,7.31,1.43
74897,769,7.27,1.22
74899,870,7.51,0.503
74901,1107,6.79,1.257
74903,57378,7.68,0.47
74905,57380,4.04,1.501
74907,57401,6.91,1.645
74909,57636,6.55,1.152
74911,57676,7.9,0.641
74913,57829,7.56,1.621
74915,58027,7.8,1.53
74917,58251,7.59,1.009
74919,58329,7.33,1.295
74921,58510,5.36,-0.001
74923,109,7.23,0.388
74925,294,7.89,0.401
74927,448,6.91,1.12
74929,581,7.44,0.203
74931,682,7.59,0.626
74933,802,7.77,1.219
74935,900,7.44,0.998
74937,57562,5.31,0.038
74939,57856,7.93,0.49
74941,57858,7.4,0.97
74943,57888,7.61,1.055
74945,57990,7.9,1.017
74947,58035,7.9,1.019
74949,58049,7.97,0.423
74951,58110,5.58,0.937
74953,58260,7.97,0.397
74955,58337,7.41,1.066
74957,21,7.55,1.438
74959,186,6.33,0.182
74961,194,5.7,0.315
74963,510,7.8,0.501
74965,603,7.64,0.493
74967,710,7.43,0.296
74969,909,7.69,1.163
74971,954,7.45,0.891
74973,1073,7.72,0.333
74975,1103,7.41,0.44
74977,57506,7.94,0.281
74979,57606,5.9,0.303
74981,57779,6.37,0.294
74983,57821,7.05,0.473
74985,57941,7.51,1.0
74987,58006,7.71,0.282
74989,58031,7.97,0.931
74991,58069,7.82,0.439
74993,58221,6.74,1.46
74995,23,7.57,0.456
74997,36,7.68,1.15
74999,283,7.45,0.353
75001,308,7.09,0.303
75003,316,7.26,0.355
75005,476,5.55,0.901
75007,704,7.84,1.125
75009,813,5.54,-0.064
75011,57470,7.86,0.326
75013,57630,6.84,1.066
75015,57632,2.14,0.09
75017,57646,6.05,0.278
75019,57897,7.95,0.8
75021,57920,6.83,0.222
75023,58034,7.85,0.495
75025,58159,5.53,0.116
75027,58327,6.8,0.392
75029,199,7.24,0.074
75031,258,6.59,1.122
75033,378,7.37,0.422
75035,482,7.75,0.414
75037,503,7.89,0.93
75039,759,7.07,0.644
75041,1057,6.52,1.05
75043,1067,2.83,-0.19
75045,57335,7.54,1.097
75047,57529,7.36,0.495
75049,57617,7.99,0.573
75051,57666,7.87,1.26
75053,57410,7.68,0.941
75055,57565,4.5,0.547
75057,57898,7.26,0.47
75059,276,7.49,0.636
75061,598,7.99,1.441
75063,1168,4.79,1.572
75065,1194,7.06,1.0
75067,282,7.92,1.408
75069,493,7.45,0.596
75071,729,5.57,1.043
75073,740,7.11,0.476
75075,768,7.94,0.66
75077,773,7.59,1.005
75079,57240,6.02,1.533
75081,57488,6.94,0.521
75083,57513,7.85,1.253
75085,58135,6.97,1.223
75087,67,7.83,0.495
75089,136,6.6,1.153
75091,400,7.82,0.755
75093,496,6.9,1.564
75095,504,7.51,1.112
75097,716,6.24,0.976
75099,754,7.78,0.68
75101,824,7.77,1.603
75103,969,6.58,0.99
75105,989,7.69,1.709
75107,1193,6.25,-0.004
75109,57279,7.04,0.006
75111,57563,7.48,0.871
75113,57591,7.24,0.392
75115,57604,7.05,0.076
75117,57643,7.37,0.933
75119,57761,7.91,0.455
75121,58206,7.29,1.056
75123,58213,6.79,0.382
75125,58306,7.44,0.957
75127,57239,7.9,0.046
75129,57664,7.57,0.931
75131,544,6.07,0.752
75133,650,7.54,0.408
75135,677,2.07,-0.038
75137,34,6.43,0.514
75139,121,6.83,1.197
75141,171,5.8,0.69
75143,228,7.64,0.532
75145,399,6.25,1.368
75147,410,6.47,0.946
75149,502,6.62,1.531
75151,540,6.68,0.986
75153,607,7.33,1.011
75155,728,6.47,0.242
75157,852,7.11,1.528
75159,956,7.51,0.491
75161,971,7.19,0.398
75163,1076,6.24,0.68
75165,1133,7.0,0.534
75167,1215,6.35,-0.002
75169,1234,7.33,0.441
75171,57176,6.79,1.085
75173,57561,7.86,1.246
75175,57785,7.17,1.031
75177,57805,6.25,0.345
75179,57998,7.0,0.323
75181,58250,7.98,1.168
75183,58369,6.42,0.331
75185,58398,7.89,1.066
75187,58460,5.95,1.153
75189,58512,6.49,0.243
75191,114,7.95,0.654
75193,392,7.93,0.478
75195,423,7.8,0.437
75197,461,7.86,0.494
75199,563,7.93,1.107
75201,619,6.87,1.124
75203,652,7.12,0.184
75205,659,7.27,0.207
75207,858,6.83,1.429
75209,882,7.55,1.354
75211,886,7.91,0.024
75213,919,7.95,0.755
75215,1123,6.22,0.009
75217,1207,7.34,1.02
75219,1208,6.34,1.555
75221,57670,5.73,0.467
75223,58184,6.74,0.525
75225,58208,6.62,0.4
75227,58222,7.37,1.118
75229,57250,7.86,1.477
75231,57362,6.91,1.377
75233,57801,7.56,1.1
75235,57939,6.42,0.754
75237,58119,6.47,1.581
75239,58202,7.91,1.12
75241,58422,7.84,1.034
75243,19,6.53,0.955
75245,220,7.52,0.18
75247,634,7.44,0.478
75249,699,6.21,0.504
75251,880,7.77,0.405
75253,1030,6.71,-0.116
75255,1049,7.62,1.217
75257,1333,6.99,0.05
75259,1336,7.74,0.472
75261,1366,4.61,0.059
75263,1403,7.57,0.958
75265,374,7.02,1.1
75267,394,6.09,0.632
75269,432,6.88,0.174
75271,689,7.41,0.606
75273,1048,7.69,0.958
75275,1211,7.99,0.389
75277,58003,6.73,1.06
75279,58129,7.03,0.99
75281,58193,6.9,1.115
75283,58277,7.12,1.04
75285,58287,6.6,0.513
75287,57053,6.92,0.437
75289,57191,6.71,0.974
75291,58217,7.04,0.981
75293,137,6.25,-0.042
75295,216,7.94,0.016
75297,254,6.73,0.051
75299,288,7.9,1.071
75301,300,7.45,0.244
75303,365,6.11,0.159
75305,1093,7.26,1.257
75307,3,6.61,-0.019
75309,244,7.9,0.668
75311,508,6.65,0.912
75313,525,6.93,1.086
75315,625,7.39,1.008
75317,626,6.73,0.951
75319,640,7.66,0.181
75321,712,7.58,0.994
75323,714,6.82,1.568
75325,737,6.93,0.8
75327,926,7.47,1.532
75329,986,7.43,0.335
75331,1086,5.71,0.331
75333,1164,6.68,1.172
75335,1445,7.71,1.382
75337,57014,7.98,0.14
75339,57038,7.88,1.603
75341,57242,7.77,0.476
75343,57748,7.89,0.78
75345,58112,6.54,0.117
75347,58117,7.03,0.015
75349,120082,7.52,0.412
75351,57257,7.12,1.43
75353,57399,3.69,1.181
75355,58223,7.92,1.114
75357,58406,6.93,0.413
75359,11,7.34,0.081
75361,195,7.62,0.517
75363,297,6.8,0.06
75365,591,7.92,1.054
75367,967,6.18,1.467
75369,980,7.36,1.082
75371,982,7.6,1.314
75373,1090,7.98,0.214
75375,1346,7.18,1.071
75377,1372,5.86,-0.079
75379,63,6.36,-0.047
75381,119,6.82,1.071
75383,404,7.47,0.55
75385,424,6.71,0.068
75387,498,7.93,0.239
75389,767,7.17,0.031
75391,817,7.51,0.251
75393,841,5.01,0.405
75395,988,7.95,1.537
75397,1008,7.44,1.522
75399,1009,6.5,1.112
75401,1011,7.01,1.106
75403,1026,6.63,0.402
75405,1233,6.76,-0.046
75407,1302,6.12,0.068
75409,1409,7.89,0.02
75411,1434,7.38,1.029
75413,1456,6.83,1.319
75415,1474,7.19,1.608
75417,1496,7.05,0.115
75419,1501,6.1,-0.074
75421,1593,7.52,1.6
75423,56730,7.91,0.533
75425,56731,6.14,1.068
75427,57406,7.68,0.279
75429,57556,7.1,0.062
75431,57876,7.08,1.298
75433,58080,7.32,0.95
75435,56665,7.94,0.98
75437,57203,7.4,0.172
75439,57431,7.63,0.94
75441,57720,6.74,1.074
75443,57774,7.51,1.499
75445,58001,2.41,0.044
75447,89,7.87,1.566
75449,213,7.7,1.003
75451,347,7.79,-0.089
75453,466,7.23,1.174
75455,622,7.56,0.9
75457,691,7.78,0.358
75459,697,7.76,0.415
75461,800,7.93,1.301
75463,838,7.2,-0.053
75465,855,7.75,1.487
75467,859,7.7,0.144
75469,981,6.87,0.262
75471,1143,7.84,0.035
75473,1202,7.68,1.188
75475,1204,7.67,-0.086
75477,1310,7.22,1.025
75479,1357,7.75,-0.013
75481,1415,6.11,-0.151
75483,1417,7.88,1.4
75485,1519,7.64,0.962
75487,1918,7.52,0.485
75489,106,6.22,0.97
75491,175,7.84,0.923
75493,323,7.38,1.003
75495,497,7.55,0.3
75497,1043,7.17,0.202
75499,1075,7.32,0.061
75501,1247,7.45,1.62
75503,1352,6.52,1.775
75505,1478,7.84,0.586
75507,1524,7.83,0.198
75509,1603,6.53,0.051
75511,1604,7.8,1.243
75513,1639,6.46,0.564
75515,56935,7.78,0.417
75517,57045,6.28,1.491
75519,57477,5.27,1.276
75521,57602,7.89,1.12
75523,56538,7.53,1.309
75525,56622,7.16,0.71
75527,56944,6.35,-0.092
75529,57144,7.47,1.49
75531,57383,7.85,1.006
75533,57820,7.86,0.971
75535,58181,5.83,1.101
75537,58225,7.47,1.335
75539,56979,7.89,0.417
75541,57000,7.03,0.868
75543,57284,7.7,1.412
75545,58338,7.85,1.492
75547,99,7.04,2.835
75549,181,6.77,1.832
75551,526,7.97,0.256
75553,836,7.83,1.311
75555,1118,6.91,1.12
75557,1132,7.7,0.661
75559,1269,6.43,0.838
75561,1526,7.83,0.592
75563,1840,7.6,0.234
75565,1892,6.57,0.38
75567,1925,7.55,0.067
75569,2146,7.57,1.302
75571,43,6.18,1.032
75573,164,7.98,0.97
75575,322,7.65,0.992
75577,398,6.61,0.025
75579,518,5.98,0.687
75581,746,2.28,0.38
75583,848,7.74,0.473
75585,857,6.74,-0.074
75587,860,6.7,-0.017
75589,874,7.85,0.099
75591,902,6.68,1.212
75593,940,7.09,0.137
75595,945,7.47,0.2
75597,951,7.06,0.63
75599,1023,7.34,1.639
75601,1039,7.94,0.501
75603,1259,7.9,0.045
75605,1363,7.61,0.053
75607,1428,7.71,-0.041
75609,1543,7.83,0.372
75611,1550,7.26,0.049
75613,1592,7.78,1.532
75615,1644,6.73,0.817
75617,1730,7.92,0.056
75619,2074,6.71,0.879
75621,278,7.94,-0.023
75623,472,6.99,1.187
75625,641,7.82,0.61
75627,1139,7.7,1.468
75629,1329,7.43,0.266
75631,1381,7.93,0.046
75633,1794,7.16,0.874
75635,56031,7.73,0.495
75637,56290,5.46,0.515
75639,56351,7.78,1.155
75641,56686,7.33,1.577
75643,56710,7.24,0.38
75645,56933,7.08,0.55
75647,57498,6.59,0.242
75649,58259,6.22,0.955
75651,58389,6.74,1.054
75653,58458,7.58,0.191
75655,55803,7.62,1.182
75657,56042,7.1,1.238
75659,56063,7.54,0.371
75661,56423,7.29,0.549
75663,56599,7.87,0.5
75665,56773,7.78,0.067
75667,56816,6.49,0.154
75669,57111,5.32,1.267
75671,57303,7.76,1.404
75673,57495,7.56,0.076
75675,57639,7.45,0.722
75677,58160,7.29,0.568
75679,58232,6.51,1.006
75681,58358,6.96,1.153
75683,56211,3.82,1.613
75685,56547,7.66,0.911
75687,56583,5.19,0.974
75689,57813,7.23,0.179
75691,440,7.08,-0.006
75693,1629,7.66,0.337
75695,2796,6.92,2.04
75697,73,6.9,1.446
75699,142,7.33,0.73
75701,207,5.87,1.073
75703,209,7.2,0.085
75705,302,6.31,1.629
75707,336,7.59,1.68
75709,379,5.68,1.051
75711,422,7.41,1.288
75713,531,5.57,-0.023
75715,755,7.02,0.932
75717,957,7.32,0.038
75719,1674,7.91,0.815
75721,1700,7.23,0.01
75723,1725,6.55,0.981
75725,1748,7.78,0.372
75727,2037,7.45,0.261
75729,2371,7.27,0.007
75731,2474,6.18,-0.1
75733,2707,6.47,-0.049
75735,2719,7.36,0.183
75737,58,7.05,0.52
75739,124,5.58,0.407
75741,274,6.24,0.332
75743,330,5.9,0.274
75745,418,5.8,-0.067
75747,505,7.36,0.126
75749,695,6.41,0.998
75751,1042,7.8,1.099
75753,1063,6.63,0.226
75755,1354,5.74,0.898
75757,1355,7.88,0.075
75759,1466,7.63,0.267
75761,1486,6.97,1.52
75763,1521,7.7,0.349
75765,1652,6.8,2.02
75767,1844,7.82,1.376
75769,1960,5.38,0.008
75771,2320,7.0,1.06
75773,2409,7.39,-0.013
75775,57304,7.76,0.075
75777,54935,7.65,0.002
75779,54952,7.68,1.043
75781,55144,7.64,1.017
75783,57277,7.04,1.392
75785,57964,7.54,0.981
75787,57994,6.77,0.574
75789,58026,7.55,0.474
75791,53389,6.81,1.532
75793,53761,6.18,0.966
75795,53774,7.9,0.529
75797,54039,7.24,1.275
75799,54571,7.03,1.607
75801,55048,6.89,1.315
75803,55123,7.57,1.3
75805,55561,7.44,0.464
75807,56716,6.49,1.61
75809,51081,7.8,1.191
75811,51278,7.68,0.662
75813,51788,7.95,0.301
75815,51883,6.48,0.963
75817,52078,7.53,1.183
75819,52464,6.7,0.062
75821,53339,7.67,1.223
75823,53709,7.32,0.551
75825,53889,7.51,0.964
75827,54632,7.15,0.7
75829,54640,7.73,0.774
75831,56253,6.12,0.264
75833,57261,7.83,0.944
75835,58495,7.72,0.584
75837,48489,7.82,0.978
75839,49688,6.31,1.549
75841,50034,7.37,1.246
75843,50971,6.84,0.999
75845,51384,5.52,0.244
75847,51462,7.91,1.098
75849,51502,5.25,0.399
75851,51819,7.29,0.819
75853,54901,7.31,0.236
75855,56340,7.22,0.965
75857,56666,7.32,0.39
75859,32948,6.59,1.177
75861,37391,5.05,1.604
75863,38225,7.88,0.601
75865,41128,7.4,0.915
75867,45241,7.89,1.422
75869,45919,7.1,0.174
75871,49768,7.75,1.029
75873,55483,7.5,-0.009
75875,5372,4.24,1.213
75877,5928,6.2,1.114
75879,7283,6.46,0.107
75881,8846,7.86,1.207
75883,10800,6.98,0.904
75885,11767,1.97,0.636
75887,12952,7.82,0.106
75889,14285,7.85,0.379
75891,19454,5.84,0.393
75893,217,7.29,0.118
75895,1359,7.8,0.204
75897,2794,7.94,0.154
75899,2953,7.95,0.974
75901,3006,7.11,0.554
75903,4283,5.59,0.105
75905,4617,7.86,0.557
75907,4965,6.74,0.246
75909,9467,7.87,1.021
75911,221,7.74,0.483
75913,760,6.01,0.203
75915,2142,6.53,-0.083
75917,3132,6.38,0.551
75919,3380,7.91,1.301
75921,3905,7.38,1.084
75923,4090,7.73,0.079
75925,4704,6.67,0.393
75927,4843,6.9,0.01
75929,5108,7.96,0.024
75931,5412,6.24,0.922
75933,5626,5.6,0.008
75935,5947,6.27,0.44
75937,6090,7.62,0.969
75939,6167,7.22,0.385
75941,6198,6.7,0.022
75943,1124,7.17,1.626
75945,1150,7.72,1.029
75947,1296,6.35,-0.044
75949,1484,7.18,-0.052
75951,2422,6.18,0.883
75953,3145,6.73,1.199
75955,3472,7.81,1.627
75957,3533,7.19,0.76
75959,3796,7.11,0.972
75961,3964,6.76,0.274
75963,123,7.21,1.169
75965,128,6.5,0.182
75967,270,7.36,0.146
75969,597,7.88,0.407
75971,701,7.44,-0.006
75973,918,7.15,1.004
75975,1461,7.56,0.237
75977,1549,7.31,1.059
75979,2036,6.91,-0.023
75981,2968,6.96,-0.005
75983,3572,5.64,0.078
75985,3721,5.42,-0.066
75987,3750,5.86,1.01
75989,3966,7.81,1.56
75991,4172,7.61,0.327
75993,105,7.73,0.455
75995,1756,7.61,1.505
75997,2453,7.37,0.504
75999,2628,6.41,-0.007
76001,3172,7.3,0.026
76003,3348,7.22,0.019
76005,51843,7.75,0.031
76007,52079,7.67,-0.061
76009,53272,5.99,-0.02
76011,54079,7.88,0.06
76013,54115,7.96,0.341
76015,54327,5.58,-0.07
76017,54712,7.01,0.024
76019,54923,7.83,0.044
76021,55072,7.8,0.104
76023,50954,3.99,0.369
76025,50976,6.18,0.071
76027,51141,6.61,1.725
76029,51438,4.72,0.042
76031,51495,4.94,1.677
76033,51913,7.95,0.179
76035,51967,6.92,1.083
76037,52150,6.08,1.683
76039,52291,7.85,1.748
76041,52427,7.48,0.534
76043,52507,7.47,1.649
76045,52520,6.25,0.208
76047,52535,6.26,0.51
76049,52537,6.43,0.227
76051,52631,7.95,0.003
76053,52947,7.54,0.402
76055,53296,7.39,0.0
76057,53588,7.99,0.083
76059,53921,7.25,0.495
76061,53925,7.38,0.154
76063,54006,6.78,0.017
76065,54044,7.62,0.447
76067,54083,7.72,0.553
76069,54099,7.88,1.047
76071,54249,7.86,0.38
76073,54673,6.34,1.373
76075,54740,7.54,0.028
76077,50002,7.86,0.432
76079,51121,7.8,0.296
76081,51835,6.29,1.205
76083,51873,7.42,1.187
76085,52131,6.75,0.169
76087,52397,6.85,0.126
76089,52614,7.64,0.122
76091,53024,8.0,0.435
76093,53074,6.68,0.087
76095,53401,7.85,0.558
76097,53546,6.16,1.531
76099,45071,7.86,0.149
76101,45829,7.41,0.965
76103,46148,7.85,0.053
76105,46928,5.07,-0.139
76107,47658,7.3,1.14
76109,48027,7.84,1.689
76111,48174,7.76,-0.021
76113,48320,6.47,0.074
76115,49326,6.6,0.919
76117,49416,7.32,0.248
76119,50126,7.7,-0.07
76121,50379,7.97,1.041
76123,51050,7.95,0.21
76125,51839,4.11,1.58
76127,52069,7.8,0.278
76129,42059,6.84,0.436
76131,44800,7.64,0.535
76133,45061,7.57,1.096
76135,45183,7.49,0.556
76137,46107,5.34,0.454
76139,46399,7.88,1.493
76141,46557,7.64,0.058
76143,47299,6.72,1.018
76145,49065,5.53,0.035
76147,49261,7.34,1.079
76149,32351,7.6,0.401
76151,32435,7.46,0.46
76153,33675,7.42,1.04
76155,34753,7.53,0.006
76157,34905,7.98,1.657
76159,37356,7.28,1.28
76161,37512,7.52,1.094
76163,39998,7.73,1.731
76165,17287,7.67,0.406
76167,17328,6.4,-0.005
76169,19732,7.2,-0.094
76171,19890,6.99,1.131
76173,20446,6.77,0.209
76175,21480,7.15,1.093
76177,21967,7.74,1.591
76179,23824,6.8,0.573
76181,25776,6.18,-0.003
76183,26661,6.77,0.94
76185,26932,7.93,0.483
76187,9697,7.99,-0.005
76189,10806,7.82,1.138
76191,12018,7.44,0.684
76193,13999,7.84,0.347
76195,14700,7.61,0.38
76197,6828,7.97,0.986
76199,7231,7.21,0.122
76201,7271,6.11,0.97
76203,7879,6.33,0.947
76205,7958,7.94,0.397
76207,8366,6.05,0.338
76209,8499,7.48,1.216
76211,8991,6.15,0.448
76213,9052,6.93,0.38
76215,9140,7.66,0.463
76217,9414,6.84,0.576
76219,11757,5.27,0.981
76221,11857,7.96,1.015
76223,12173,7.66,1.025
76225,6161,7.87,0.556
76227,6184,7.57,0.507
76229,6821,7.58,1.692
76231,7128,7.62,1.297
76233,7853,7.81,0.446
76235,8199,7.35,0.501
76237,8273,7.35,0.803
76239,8866,7.01,0.293
76241,9078,7.47,1.375
76243,10137,6.66,0.335
76245,4291,6.68,0.987
76247,4793,7.76,1.095
76249,5082,7.37,1.086
76251,5623,7.17,0.587
76253,5695,7.99,0.907
76255,6256,7.45,0.332
76257,6534,7.8,0.144
76259,6812,7.26,0.962
76261,3961,6.86,0.447
76263,6377,7.26,0.424
76265,53734,7.29,1.399
76267,54175,7.6,-0.057
76269,54301,4.62,0.988
76271,54461,5.11,0.195
76273,55153,7.44,0.12
76275,55163,7.79,1.101
76277,55202,7.38,1.213
76279,55466,7.36,1.095
76281,55691,7.22,1.271
76283,55707,7.4,0.318
76285,55831,5.22,-0.077
76287,55854,7.77,0.098
76289,55863,6.72,1.983
76291,53057,7.45,0.073
76293,53815,7.41,1.614
76295,53909,6.94,0.467
76297,53913,7.52,0.065
76299,54168,7.23,0.01
76301,54283,7.7,0.108
76303,54289,6.39,0.114
76305,54449,7.08,1.105
76307,54727,7.74,0.3
76309,54767,5.22,-0.082
76311,54774,7.76,0.074
76313,54813,7.79,0.524
76315,54971,6.86,1.9
76317,55188,7.86,0.167
76319,55280,5.99,0.471
76321,55356,7.5,0.11
76323,55597,5.09,-0.061
76325,55779,5.18,0.495
76327,55780,7.74,0.578
76329,52068,7.95,0.088
76331,52730,6.34,0.18
76333,52785,6.35,-0.085
76335,52868,7.8,0.127
76337,53190,6.7,1.678
76339,53205,7.44,1.386
76341,53524,7.36,0.23
76343,53556,6.48,0.0
76345,54276,7.3,1.702
76347,54310,7.58,0.078
76349,54931,6.98,1.627
76351,55046,7.18,1.52
76353,55140,6.06,1.753
76355,4084,6.67,0.518
76357,4088,7.56,0.676
76359,4293,5.45,1.095
76361,5398,7.93,1.399
76363,5842,7.22,1.0
76365,5896,4.25,0.48
76367,6221,7.07,0.508
76369,2889,6.43,1.26
76371,3001,7.37,0.611
76373,3330,5.38,0.515
76375,3351,7.01,0.192
76377,3395,7.69,0.991
76379,3497,6.55,0.655
76381,3924,7.98,0.562
76383,4273,7.94,0.506
76385,4395,7.17,0.808
76387,4509,7.74,1.11
76389,4512,7.17,0.823
76391,4879,6.25,1.634
76393,5043,7.61,1.185
76395,5514,7.98,0.47
76397,2578,5.07,0.038
76399,2646,7.76,0.0
76401,3489,6.06,0.446
76403,3517,6.94,1.504
76405,3614,7.72,0.26
76407,4149,7.88,0.615
76409,4200,5.73,1.574
76411,54659,8.0,0.574
76413,55109,6.77,0.423
76415,55425,3.9,-0.157
76417,56005,6.79,0.167
76419,56095,7.74,1.4
76421,56097,7.83,0.632
76423,56435,7.79,1.55
76425,54147,7.67,0.998
76427,54294,6.07,1.21
76429,54306,7.78,-0.026
76431,54337,7.39,0.013
76433,54463,3.93,1.225
76435,54475,7.09,0.08
76437,54499,7.85,0.363
76439,54543,6.79,0.831
76441,54630,6.88,-0.087
76443,54708,6.24,1.495
76445,54800,7.41,1.682
76447,54830,7.52,0.037
76449,54896,7.77,-0.03
76451,54946,7.69,-0.05
76453,54957,7.94,0.983
76455,54991,7.94,0.921
76457,55003,6.42,0.098
76459,55018,7.89,0.028
76461,55036,7.54,0.265
76463,55080,7.63,0.81
76465,55113,7.41,0.015
76467,55149,6.7,-0.01
76469,55175,7.02,-0.08
76471,55181,7.14,-0.041
76473,55238,6.61,1.324
76475,55336,7.58,-0.09
76477,55342,7.3,-0.005
76479,55400,7.47,1.258
76481,55415,7.02,0.996
76483,55517,7.23,1.446
76485,55518,6.64,0.948
76487,55566,7.81,-0.117
76489,55581,5.82,-0.004
76491,55594,7.14,1.22
76493,55645,6.5,1.504
76495,55801,7.51,-0.01
76497,55865,6.68,1.197
76499,55938,7.63,-0.12
76501,55999,7.2,-0.017
76503,56033,7.47,0.23
76505,56057,7.21,0.042
76507,56137,7.33,1.431
76509,56163,7.64,0.868
76511,53996,6.96,0.313
76513,54021,6.67,2.033
76515,54122,7.76,0.117
76517,54179,6.57,0.186
76519,54184,7.72,0.181
76521,54266,6.7,-0.137
76523,54358,7.42,0.138
76525,54448,7.56,0.418
76527,54572,7.73,-0.088
76529,54574,8.0,0.069
76531,54684,6.68,-0.025
76533,54751,4.59,0.541
76535,54764,7.23,-0.024
76537,54829,5.74,-0.106
76539,55222,7.46,0.222
76541,55420,7.93,0.156
76543,55719,7.69,1.057
76545,55928,6.86,1.551
76547,56167,7.26,-0.046
76549,2841,6.91,0.368
76551,3352,5.99,1.318
76553,3804,7.95,0.317
76555,4563,6.23,0.096
76557,2682,7.98,1.068
76559,2684,7.66,1.298
76561,3084,6.81,0.471
76563,3170,5.89,0.564
76565,3178,7.49,1.38
76567,3277,5.72,0.131
76569,3290,7.65,0.492
76571,3405,4.36,0.024
76573,3619,7.23,1.17
76575,3634,7.39,1.564
76577,3894,7.19,1.558
76579,2253,7.79,1.086
76581,2406,7.54,0.203
76583,2642,7.21,0.0
76585,2789,6.04,1.001
76587,2937,6.4,0.995
76589,55208,7.31,0.051
76591,56497,5.5,1.041
76593,56577,7.8,0.34
76595,54840,5.75,1.309
76597,54851,7.91,1.163
76599,54854,6.82,0.258
76601,55096,7.87,0.399
76603,55319,7.32,1.187
76605,55329,7.81,0.169
76607,55373,7.54,0.985
76609,55537,6.77,0.037
76611,55569,6.87,1.067
76613,55723,7.98,1.398
76615,55849,5.8,0.517
76617,55975,7.69,0.925
76619,56089,7.39,0.419
76621,56317,7.93,1.006
76623,56354,7.8,0.324
76625,56480,4.62,-0.077
76627,56506,6.91,1.278
76629,1954,7.27,0.681
76631,2020,7.58,1.037
76633,2218,7.67,0.983
76635,2489,7.88,0.037
76637,2711,5.57,0.472
76639,2957,7.87,1.176
76641,2993,7.96,0.181
76643,3210,7.37,0.539
76645,3527,6.15,0.524
76647,3640,7.8,0.458
76649,1828,7.63,1.463
76651,1880,7.7,1.636
76653,1955,6.81,0.596
76655,2256,6.26,1.09
76657,2446,7.73,1.138
76659,2472,4.76,0.018
76661,2888,6.79,0.639
76663,3459,6.86,0.139
76665,3471,7.72,0.028
76667,55283,7.89,1.41
76669,55387,6.91,0.37
76671,55474,7.12,1.025
76673,55528,6.1,0.926
76675,55776,7.04,0.965
76677,55983,7.73,0.724
76679,56004,7.76,0.578
76681,56024,6.96,1.26
76683,56104,7.45,1.547
76685,56190,7.64,1.378
76687,56193,7.14,0.933
76689,56214,7.97,0.17
76691,56220,7.9,0.111
76693,56228,6.96,1.531
76695,56329,7.95,0.062
76697,56353,7.81,1.719
76699,56759,7.16,0.27
76701,55303,7.15,1.261
76703,55430,7.51,1.029
76705,55479,7.88,1.025
76707,55869,7.59,1.07
76709,56304,7.78,0.027
76711,56492,7.7,1.561
76713,56518,5.64,1.682
76715,56573,5.26,0.257
76717,56588,7.64,1.067
76719,56696,7.81,0.315
76721,56700,5.46,1.23
76723,2383,5.67,0.367
76725,2616,7.47,0.285
76727,2802,5.51,0.461
76729,3020,7.41,0.496
76731,3245,4.59,0.953
76733,2072,3.93,0.175
76735,2465,7.53,0.143
76737,2470,7.83,0.918
76739,2708,6.8,1.293
76741,3137,6.0,1.142
76743,55899,7.32,0.079
76745,56010,7.59,0.844
76747,56160,7.23,0.967
76749,56319,5.64,1.578
76751,56391,5.39,0.117
76753,56649,6.95,0.045
76755,56698,6.85,1.571
76757,56813,6.95,0.964
76759,56851,7.87,0.946
76761,56925,7.55,0.293
76763,55552,7.41,1.673
76765,55667,6.13,-0.175
76767,55760,7.98,0.259
76769,56000,5.14,-0.028
76771,56001,7.8,0.164
76773,56180,7.21,-0.055
76775,1970,7.63,0.843
76777,2081,2.4,1.083
76779,2388,6.18,0.315
76781,2701,6.88,0.18
76783,2997,7.23,0.667
76785,3065,7.67,0.95
76787,1667,7.14,0.506
76789,1795,6.75,0.371
76791,2001,6.91,0.95
76793,2076,7.11,0.997
76795,2240,5.42,1.556
76797,2304,6.82,1.273
76799,2392,6.6,1.141
76801,2607,7.64,1.473
76803,2650,7.86,0.363
76805,2665,7.42,-0.016
76807,2790,7.45,0.726
76809,56623,7.57,0.495
76811,56876,7.82,0.711
76813,56888,7.48,1.671
76815,56922,4.7,-0.07
76817,55710,8.0,1.208
76819,55756,5.21,0.979
76821,55763,5.87,1.503
76823,55841,7.89,0.05
76825,55946,7.9,1.187
76827,55953,6.44,1.614
76829,56081,6.74,0.944
76831,56168,8.0,0.917
76833,56189,7.58,1.494
76835,56326,6.68,0.593
76837,56443,7.42,1.291
76839,56520,6.88,0.109
76841,56621,6.81,0.258
76843,56632,6.3,0.062
76845,56640,7.94,1.082
76847,56694,7.56,0.481
76849,56863,7.42,0.48
76851,56909,6.65,0.966
76853,57016,7.08,0.262
76855,1469,6.67,1.304
76857,1610,7.68,1.024
76859,1694,7.14,1.575
76861,1804,7.03,1.588
76863,2638,7.88,0.83
76865,2645,7.27,0.609
76867,2663,6.41,0.617
76869,2723,7.42,1.132
76871,55921,7.81,0.49
76873,55993,7.61,0.213
76875,56332,5.13,1.581
76877,56343,3.54,0.947
76879,56452,5.96,0.811
76881,56504,7.22,1.086
76883,56505,7.23,0.401
76885,56620,5.71,1.02
76887,56657,6.32,0.439
76889,56721,6.92,0.858
76891,56772,7.28,0.056
76893,56908,6.84,0.65
76895,56912,7.92,0.9
76897,57047,5.2,1.475
76899,1830,6.55,-0.06
76901,1976,7.57,0.616
76903,2045,7.52,0.99
76905,2177,7.73,0.401
76907,2210,4.86,1.634
76909,2319,7.62,0.465
76911,2330,6.59,1.351
76913,56011,7.76,1.282
76915,56293,6.15,1.67
76917,56454,7.7,0.41
76919,56733,7.75,1.644
76921,56762,7.57,1.136
76923,56846,8.0,1.531
76925,56931,7.03,1.661
76927,57017,7.53,0.499
76929,56076,6.67,1.35
76931,56280,4.93,0.54
76933,56300,7.36,1.602
76935,57001,6.44,0.651
76937,57118,7.44,1.263
76939,1708,5.18,1.006
76941,1849,6.81,1.56
76943,2169,7.01,0.967
76945,2227,6.75,1.127
76947,2239,7.1,0.5
76949,1936,7.92,0.94
76951,2032,6.88,1.293
76953,2278,8.0,0.953
76955,56078,5.77,0.067
76957,56085,7.2,0.636
76959,56130,6.59,1.055
76961,56339,7.45,0.262
76963,56639,6.97,1.423
76965,56654,6.51,1.259
76967,56830,6.4,0.821
76969,56852,7.61,0.993
76971,57072,6.9,0.37
76973,1306,7.9,0.673
76975,1597,7.45,1.125
76977,1660,6.78,0.311
76979,1732,7.4,0.631
76981,1765,7.57,1.322
76983,1915,7.83,1.001
76985,2159,5.99,1.022
76987,2263,7.14,0.318
76989,2381,5.17,0.128
76991,57161,7.05,1.596
76993,57283,4.71,0.958
76995,56084,7.93,0.7
76997,56179,7.87,0.453
76999,56245,6.24,0.537
77001,56515,7.77,0.587
77003,56645,7.81,1.068
77005,56823,7.89,0.187
77007,57079,6.21,0.949
77009,57199,7.32,0.435
77011,57253,6.85,0.136
77013,1331,6.5,-0.108
77015,1464,6.69,-0.008
77017,1570,7.75,1.537
77019,1728,5.61,1.58
77021,2017,7.7,0.559
77023,2027,7.64,0.056
77025,2079,7.57,1.28
77027,2184,6.78,0.261
77029,2237,6.44,0.594
77031,1402,6.46,0.386
77033,1854,7.11,0.993
77035,1962,6.9,1.426
77037,2086,6.24,1.622
77039,56100,7.78,1.497
77041,56103,7.75,1.204
77043,56364,6.05,0.59
77045,56418,6.99,1.463
77047,56614,7.08,0.561
77049,56746,7.42,0.079
77051,56835,7.78,1.574
77053,56899,6.17,1.579
77055,57003,6.99,1.135
77057,57005,7.58,1.27
77059,57078,7.6,0.49
77061,57173,6.93,-0.054
77063,1231,7.67,0.417
77065,1565,7.95,0.818
77067,1600,6.73,1.249
77069,1821,6.43,1.595
77071,1899,7.42,0.51
77073,2003,7.06,1.427
77075,2190,7.2,0.498
77077,2290,7.68,1.491
77079,56154,7.06,0.384
77081,56279,7.34,1.361
77083,56494,7.24,1.083
77085,56536,7.15,0.459
77087,56683,7.15,1.089
77089,56802,5.48,0.52
77091,56864,6.8,0.987
77093,56901,6.21,-0.007
77095,1185,6.82,0.257
77097,1318,7.15,0.222
77099,1444,6.51,0.599
77101,1611,6.85,1.028
77103,1803,6.39,0.659
77105,2215,7.35,1.205
77107,2246,6.86,0.535
77109,2283,7.35,1.616
77111,56318,5.94,1.38
77113,56631,7.4,0.061
77115,56633,4.7,-0.073
77117,56883,7.39,1.036
77119,56960,7.41,0.549
77121,56980,7.29,1.107
77123,57049,7.22,0.824
77125,57138,7.45,0.955
77127,57213,6.88,1.043
77129,1191,5.77,-0.084
77131,1499,6.47,0.674
77133,1562,3.56,1.214
77135,1573,7.03,0.508
77137,1792,7.94,1.169
77139,2038,7.41,1.152
77141,2140,7.29,0.931
77143,2167,7.89,0.47
77145,56260,6.74,1.05
77147,56295,7.89,1.259
77149,56392,7.66,1.098
77151,56444,6.76,0.343
77153,56479,7.9,0.019
77155,56500,6.43,1.167
77157,56699,7.81,1.113
77159,56982,7.92,1.326
77161,57116,7.77,1.054
77163,57214,6.05,0.96
77165,57232,7.54,0.46
77167,57275,7.63,0.444
77169,1230,7.75,1.015
77171,1265,7.48,0.949
77173,1755,7.11,0.146
77175,1812,7.49,1.227
77177,1941,7.55,1.515
77179,2138,7.05,1.119
77181,56263,7.34,0.003
77183,56482,7.76,1.064
77185,56493,7.91,1.61
77187,56647,4.3,0.983
77189,56676,7.73,1.129
77191,56738,7.61,0.561
77193,56775,6.22,1.119
77195,56988,7.18,1.276
77197,57133,7.55,-0.013
77199,57306,7.32,0.916
77201,1153,7.19,1.34
77203,1192,6.64,1.499
77205,1424,7.1,0.9
77207,1470,7.21,1.311
77209,1587,6.96,0.848
77211,1684,6.92,1.036
77213,1691,7.36,0.529
77215,1873,7.78,0.785
77217,1900,7.35,0.134
77219,1939,6.08,1.216
77221,2100,6.16,0.893
77223,56209,7.47,0.316
77225,56371,7.27,1.154
77227,56388,6.49,1.601
77229,56445,5.76,0.48
77231,56598,7.18,0.931
77233,56941,6.87,0.215
77235,57107,6.94,0.488
77237,57158,7.83,0.14
77239,1169,7.03,0.461
77241,1325,6.98,1.6
77243,1397,7.71,0.599
77245,1421,6.19,0.937
77247,1545,7.93,0.398
77249,1596,7.62,0.986
77251,1609,7.53,1.655
77253,1869,7.74,0.389
77255,1924,7.78,0.649
77257,2006,5.77,0.855
77259,2166,7.18,0.894
77261,56618,6.83,0.952
77263,56679,7.12,0.217
77265,56832,7.6,0.71
77267,56951,7.52,0.47
77269,57034,7.99,0.382
77271,57083,7.28,0.617
77273,57339,7.06,0.954
77275,1249,6.98,1.151
77277,1272,7.13,0.046
77279,1455,7.2,0.309
77281,1602,6.81,1.532
77283,1628,7.68,1.013
77285,1894,7.89,1.032
77287,2080,6.9,-0.128
77289,2083,7.87,0.406
77291,2195,7.96,1.253
77293,56185,7.97,0.672
77295,56234,7.78,0.3
77297,56756,6.18,1.081
77299,56779,5.24,1.499
77301,56968,7.34,0.22
77303,57328,4.84,0.174
77305,1196,6.02,0.312
77307,1197,7.58,0.396
77309,1286,7.59,0.323
77311,1319,6.12,0.919
77313,1339,6.51,1.864
77315,1392,6.66,0.589
77317,1435,7.53,0.312
77319,1645,5.38,1.343
77321,2025,6.77,1.3
77323,2118,7.96,0.391
77325,2235,6.05,0.447
77327,2264,7.75,1.034
77329,56242,6.27,0.57
77331,56411,7.85,1.14
77333,56429,6.54,0.188
77335,56535,6.61,1.039
77337,56553,6.57,0.139
77339,56624,7.99,0.408
77341,56739,7.41,1.394
77343,57080,7.08,0.498
77345,57320,6.51,1.165
77347,1245,7.87,1.6
77349,1340,7.46,0.167
77351,1439,6.54,0.97
77353,1465,6.07,1.036
77355,1638,7.03,1.039
77357,1670,6.57,0.056
77359,1677,7.2,0.271
77361,1772,6.25,1.225
77363,1858,7.65,1.212
77365,1948,6.48,1.161
77367,56219,7.1,0.007
77369,56267,7.84,1.45
77371,56321,7.26,0.513
77373,56473,5.95,-0.156
77375,56548,7.27,1.18
77377,1427,7.21,0.477
77379,1595,6.6,0.979
77381,1736,7.57,0.48
77383,1989,7.89,0.538
77385,2178,6.44,0.23
77387,2219,5.01,1.584
77389,2220,7.68,0.409
77391,2224,6.05,1.58
77393,56146,5.54,1.056
77395,56875,7.2,0.42
77397,57126,7.39,-0.151
77399,56383,7.01,1.28
77401,56508,6.45,1.01
77403,56975,5.26,0.984
77405,1429,6.91,1.585
77407,1559,7.68,1.256
77409,1956,7.87,1.195
77411,2050,7.5,0.929
77413,2058,6.67,-0.036
77415,2213,6.4,0.99
77417,2222,7.48,1.585
77419,1664,7.65,0.924
77421,56091,7.88,0.489
77423,56106,7.73,1.018
77425,56111,7.62,1.37
77427,56207,7.84,0.21
77429,56255,7.14,1.371
77431,56613,7.01,0.199
77433,56806,7.53,0.96
77435,56860,7.78,0.586
77437,56920,6.88,0.3
77439,57082,6.65,0.364
77441,57198,7.4,0.874
77443,1353,6.95,1.06
77445,1377,7.9,0.097
77447,1480,7.98,0.511
77449,1495,7.14,0.885
77451,1619,7.56,1.14
77453,1689,7.56,1.567
77455,1759,7.81,0.157
77457,1813,7.57,0.639
77459,2023,8.0,0.253
77461,2088,7.6,0.976
77463,2135,6.66,0.487
77465,2152,7.49,1.19
77467,2193,8.0,1.034
77469,2314,7.78,0.556
77471,56601,5.8,0.248
77473,56672,7.66,1.068
77475,57160,7.69,0.329
77477,56109,6.9,0.371
77479,56178,6.74,1.523
77481,56296,7.8,0.463
77483,1799,6.95,0.212
77485,2055,7.64,1.533
77487,2300,7.34,1.474
77489,2355,5.2,0.271
77491,1488,7.27,0.174
77493,1553,7.58,0.913
77495,1656,7.39,1.417
77497,1704,7.73,0.419
77499,2174,7.56,0.585
77501,2231,7.81,0.601
77503,55821,6.33,0.454
77505,55877,7.23,0.99
77507,56054,7.18,0.472
77509,56186,7.17,0.476
77511,56265,7.76,1.135
77513,56346,7.22,1.32
77515,56359,8.0,0.502
77517,56503,7.39,1.069
77519,56750,7.11,0.411
77521,56784,6.29,1.325
77523,56997,5.31,0.723
77525,57029,5.73,0.44
77527,1367,7.63,1.665
77529,1477,7.08,1.186
77531,1493,5.88,-0.014
77533,1630,5.89,-0.098
77535,1640,7.52,0.961
77537,1657,5.79,1.595
77539,1669,6.9,0.478
77541,1952,6.76,-0.058
77543,2104,7.53,1.619
77545,2144,7.35,1.689
77547,2241,7.13,1.018
77549,2243,6.87,0.106
77551,2249,7.47,1.47
77553,2324,7.68,1.05
77555,2326,7.9,0.494
77557,2393,7.63,0.458
77559,2407,7.52,0.464
77561,2475,5.88,1.133
77563,55641,6.93,0.259
77565,55930,7.27,0.573
77567,56121,7.11,1.252
77569,56274,6.59,0.956
77571,56410,6.38,1.057
77573,1473,4.51,0.054
77575,1492,7.73,1.342
77577,1579,7.26,1.304
77579,1598,6.97,0.64
77581,1686,5.16,0.442
77583,1688,7.37,0.238
77585,1715,6.86,1.094
77587,1760,7.5,0.979
77589,1769,7.02,1.61
77591,2054,7.53,0.14
77593,2180,7.67,2.1
77595,2270,6.28,0.916
77597,2336,7.47,0.544
77599,2539,6.74,0.191
77601,2587,7.94,-0.017
77603,2753,6.58,1.445
77605,2851,7.08,1.641
77607,1996,7.37,1.573
77609,55549,6.58,0.483
77611,56002,7.62,0.957
77613,56034,5.3,0.019
77615,56275,7.99,0.323
77617,56324,7.88,0.14
77619,56352,7.94,0.961
77621,56362,7.81,0.65
77623,56818,7.32,1.621
77625,56826,7.76,0.446
77627,55503,7.91,0.949
77629,55761,7.86,0.581
77631,55784,7.86,1.45
77633,56018,7.18,1.292
77635,56026,7.68,1.145
77637,56148,5.94,0.524
77639,56165,6.95,0.456
77641,56257,7.35,0.617
77643,56827,7.77,0.518
77645,56915,7.55,1.556
77647,2420,7.64,0.182
77649,2966,7.93,0.464
77651,1575,6.35,1.179
77653,1809,6.69,1.556
77655,2008,7.73,1.158
77657,2145,7.67,1.503
77659,2305,7.95,0.691
77661,2473,7.32,0.11
77663,2576,6.9,0.364
77665,2643,7.76,0.556
77667,2948,6.85,0.021
77669,55391,6.73,0.34
77671,55560,4.99,0.998
77673,55936,6.68,1.53
77675,55944,6.84,0.387
77677,55950,6.9,1.131
77679,55994,7.65,0.997
77681,56145,6.67,0.912
77683,56708,6.84,0.027
77685,56770,5.56,0.348
77687,56809,6.29,0.566
77689,55141,7.83,1.142
77691,55917,7.79,0.544
77693,56020,7.9,0.786
77695,56129,7.43,0.96
77697,56135,6.3,1.265
77699,56170,6.4,0.879
77701,56424,7.95,0.578
77703,56789,6.09,0.401
77705,1671,7.97,-0.101
77707,1987,7.52,0.629
77709,2271,7.04,1.617
77711,2414,7.74,0.652
77713,2712,7.38,0.549
77715,2860,7.52,-0.096
77717,2974,7.85,1.595
77719,2981,7.53,0.463
77721,3045,6.72,0.96
77723,3159,7.64,0.767
77725,1641,7.93,0.174
77727,1642,7.0,0.563
77729,1818,7.31,0.087
77731,1879,7.61,0.975
77733,1905,6.66,0.413
77735,2225,5.18,0.043
77737,2455,6.76,-0.064
77739,2507,7.48,1.104
77741,2553,6.69,-0.006
77743,2668,7.5,1.614
77745,2866,7.31,-0.058
77747,2900,5.14,1.587
77749,2962,7.9,1.402
77751,3071,7.86,0.078
77753,55086,5.88,1.102
77755,55682,6.78,1.598
77757,56147,7.39,-0.044
77759,56194,6.54,0.937
77761,54674,6.68,0.225
77763,54837,7.71,1.122
77765,54908,7.46,0.881
77767,55043,7.9,0.601
77769,55044,6.51,0.437
77771,55418,7.32,0.399
77773,55630,7.96,0.412
77775,55796,7.32,0.437
77777,56474,7.84,1.089
77779,1921,5.58,-0.11
77781,1982,5.72,-0.056
77783,2085,7.8,0.635
77785,2204,7.78,0.453
77787,2497,5.59,1.163
77789,2503,7.58,-0.034
77791,2531,7.92,1.083
77793,2537,6.94,1.522
77795,2557,6.94,1.101
77797,2581,6.91,1.249
77799,2697,7.6,0.108
77801,2760,7.37,0.602
77803,2782,6.95,0.097
77805,2795,7.27,0.064
77807,2854,5.08,-0.098
77809,2890,7.92,0.047
77811,2920,3.69,-0.196
77813,3018,7.67,0.198
77815,3153,7.8,0.962
77817,3240,6.74,0.072
77819,3346,6.94,0.059
77821,3476,7.53,0.058
77823,2087,6.94,1.294
77825,2151,6.95,-0.014
77827,2437,7.37,0.873
77829,2514,7.88,0.126
77831,2814,6.89,0.615
77833,3083,5.45,1.644
77835,3108,7.76,1.046
77837,3273,7.64,0.495
77839,3300,4.8,-0.105
77841,3444,7.1,1.05
77843,54765,6.63,0.098
77845,55882,7.72,1.0
77847,56120,6.52,0.937
77849,56510,5.63,1.032
77851,54517,7.03,0.923
77853,54687,7.35,0.644
77855,54775,7.72,0.4
77857,54835,7.44,0.469
77859,55028,7.94,0.209
77861,55223,7.38,1.108
77863,55267,7.94,1.36
77865,55459,7.65,0.642
77867,55485,6.43,0.161
77869,55797,5.73,0.988
77871,55972,7.67,0.23
77873,56083,6.29,0.157
77875,56158,7.11,0.309
77877,56202,7.31,0.244
77879,56216,7.6,1.541
77881,56289,7.5,0.488
77883,56387,7.88,1.147
77885,54495,7.16,0.989
77887,54558,7.68,0.89
77889,55060,6.91,0.172
77891,55148,6.65,1.037
77893,55697,7.81,0.931
77895,2377,5.94,-0.003
77897,2647,7.89,-0.007
77899,2876,5.78,0.294
77901,3030,6.77,1.725
77903,3058,6.72,-0.019
77905,3171,7.26,1.92
77907,3289,7.42,0.279
77909,3649,6.41,1.081
77911,3932,7.59,0.309
77913,4182,7.78,0.105
77915,4427,2.15,-0.046
77917,4437,7.84,0.018
77919,4440,5.56,-0.054
77921,2096,7.82,0.073
77923,2101,6.58,0.021
77925,2191,7.47,0.043
77927,2267,7.3,0.894
77929,2329,7.54,0.002
77931,2413,7.72,0.747
77933,2440,6.57,1.154
77935,2442,7.71,0.14
77937,2526,7.52,1.211
77939,2543,7.1,0.377
77941,2813,7.9,-0.046
77943,2859,7.61,1.132
77945,2886,7.97,0.544
77947,2935,7.39,-0.004
77949,3034,7.67,0.094
77951,3166,7.04,1.122
77953,3179,2.24,1.17
77955,3227,7.44,0.122
77957,3329,8.0,0.893
77959,3334,6.18,-0.004
77961,3347,7.54,0.008
77963,3413,7.86,1.012
77965,3544,5.41,0.022
77967,3584,6.95,0.414
77969,3589,7.63,0.517
77971,3611,6.51,0.181
77973,3784,7.93,0.171
77975,3821,3.46,0.587
77977,3833,7.12,1.722
77979,4155,7.26,-0.026
77981,4292,4.83,1.216
77983,2024,6.78,1.676
77985,2063,7.12,1.201
77987,2505,4.74,-0.098
77989,2611,5.93,1.037
77991,2850,7.86,0.264
77993,2901,6.77,1.419
77995,2922,7.43,1.266
77997,2955,7.6,0.638
77999,3590,7.8,1.211
78001,54061,1.81,1.061
78003,54549,7.91,0.531
78005,54716,7.38,0.187
78007,54869,7.8,0.969
78009,55256,6.93,1.117
78011,55397,8.0,0.412
78013,55593,7.97,0.392
78015,56035,5.83,0.382
78017,53463,7.22,0.959
78019,53860,6.38,0.169
78021,53891,7.8,1.04
78023,54218,7.36,0.372
78025,54275,7.65,0.932
78027,54540,6.07,0.225
78029,54655,7.59,1.198
78031,54801,6.6,0.931
78033,55039,7.02,1.188
78035,55241,7.1,0.279
78037,55412,6.2,1.018
78039,55564,6.02,0.085
78041,52338,5.74,1.315
78043,52425,5.01,1.406
78045,52577,5.95,2.382
78047,54721,6.4,0.127
78049,3641,6.39,0.424
78051,4116,7.2,0.1
78053,4446,6.39,0.375
78055,4789,6.67,0.019
78057,4907,7.67,0.756
78059,5518,5.32,-0.014
78061,5531,6.55,0.553
78063,3267,6.95,0.579
78065,3299,5.83,1.042
78067,3367,7.28,0.637
78069,3509,6.9,0.492
78071,3587,7.54,0.545
78073,3755,6.91,0.95
78075,3951,5.35,0.528
78077,4006,6.87,0.494
78079,4142,7.99,0.37
78081,4239,7.05,0.402
78083,4318,7.59,0.293
78085,4449,6.98,0.918
78087,4567,7.74,0.554
78089,4572,5.97,-0.008
78091,5147,7.26,0.104
78093,5210,7.52,0.587
78095,2599,4.17,0.13
78097,2716,7.67,0.503
78099,2756,7.26,0.566
78101,3136,7.72,0.542
78103,3363,7.79,0.15
78105,3532,6.62,1.33
78107,3767,7.86,1.153
78109,3976,8.0,1.58
78111,3988,6.04,1.88
78113,4151,4.8,0.54
78115,4475,6.44,0.94
78117,4894,7.25,0.914
78119,53257,5.91,1.01
78121,53682,7.12,1.589
78123,54038,6.44,1.28
78125,51521,7.01,1.187
78127,51734,7.57,0.188
78129,52290,7.68,0.48
78131,52639,7.0,1.597
78133,54442,7.06,0.385
78135,48854,7.81,0.751
78137,49057,7.96,1.535
78139,50980,7.74,1.249
78141,51573,7.92,1.022
78143,51779,7.6,1.128
78145,51808,4.86,0.957
78147,52433,7.76,-0.079
78149,53062,7.17,0.246
78151,53683,7.58,0.442
78153,47730,7.81,1.162
78155,47884,6.25,1.353
78157,48017,6.09,0.303
78159,48769,7.47,1.119
78161,48938,7.9,0.6
78163,50308,6.85,0.105
78165,50879,7.32,1.14
78167,41195,7.69,0.467
78169,41208,6.28,0.035
78171,43068,6.86,-0.003
78173,43826,7.56,-0.006
78175,43886,7.48,0.556
78177,44088,7.74,0.323
78179,44187,7.13,1.122
78181,44402,6.99,0.401
78183,44815,7.84,0.393
78185,45097,6.37,0.385
78187,45421,6.3,0.339
78189,45771,7.9,0.553
78191,46883,7.86,1.13
78193,47185,7.02,0.427
78195,47193,4.28,1.488
78197,47556,7.49,0.172
78199,48154,7.89,0.336
78201,28532,6.17,1.564
78203,28956,7.5,1.086
78205,33952,7.35,0.878
78207,35159,7.22,1.614
78209,36547,4.92,1.633
78211,37311,7.58,1.609
78213,38061,7.87,1.38
78215,40073,7.59,0.046
78217,40559,6.45,0.052
78219,43446,7.42,0.483
78221,16489,5.62,0.894
78223,18300,7.66,0.019
78225,20860,5.51,-0.106
78227,20982,5.47,0.855
78229,21319,7.34,1.371
78231,21386,6.55,0.529
78233,22166,7.31,0.974
78235,23206,7.64,0.059
78237,23392,7.71,0.13
78239,25911,6.5,0.36
78241,26407,7.14,-0.001
78243,27015,6.69,0.02
78245,8979,6.85,1.641
78247,9615,7.92,1.744
78249,10144,6.84,0.4
78251,10623,6.45,0.951
78253,12208,7.91,1.694
78255,12232,6.67,1.36
78257,13055,5.8,1.3
78259,13602,7.33,0.072
78261,13859,7.87,0.993
78263,14844,5.92,0.149
78265,14859,7.06,0.983
78267,15792,7.01,1.551
78269,16129,7.31,1.51
78271,18954,7.22,1.056
78273,6385,7.22,1.26
78275,6522,6.07,0.389
78277,7813,7.14,-0.005
78279,8244,7.55,1.621
78281,8519,7.07,0.033
78283,8624,7.42,0.134
78285,8908,6.67,1.011
78287,9014,7.09,1.22
78289,9544,7.93,0.402
78291,9568,6.04,1.107
78293,9908,7.56,0.16
78295,10054,6.05,0.118
78297,10285,7.17,0.311
78299,10309,6.46,0.24
78301,10560,7.09,0.065
78303,10750,7.66,1.28
78305,10956,7.74,0.068
78307,11202,7.96,0.278
78309,12121,7.44,1.005
78311,4519,7.49,0.14
78313,6175,7.29,1.241
78315,6261,6.31,0.912
78317,6347,7.19,0.307
78319,6378,6.37,0.283
78321,6379,7.17,0.826
78323,6718,7.76,0.545
78325,7557,6.58,0.008
78327,7846,6.73,-0.015
78329,8057,7.57,1.819
78331,8082,6.59,1.035
78333,8145,7.26,0.333
78335,8690,6.94,0.491
78337,8962,6.97,0.375
78339,9147,6.62,0.962
78341,9174,7.75,1.012
78343,9388,7.01,1.858
78345,9727,5.27,0.345
78347,9763,5.22,0.954
78349,5070,6.82,0.044
78351,5707,7.7,0.786
78353,5816,7.57,1.043
78355,5926,5.87,2.042
78357,5950,7.07,0.056
78359,6133,6.99,1.201
78361,6139,6.87,1.207
78363,6547,7.07,0.57
78365,6661,7.76,0.298
78367,6685,6.34,-0.011
78369,6914,7.24,0.673
78371,7413,6.83,0.768
78373,7650,5.28,0.972
78375,3445,6.75,0.921
78377,3876,7.75,0.9
78379,3892,7.54,0.062
78381,3901,6.9,-0.055
78383,4179,7.08,1.481
78385,4550,6.97,-0.054
78387,4709,6.4,0.135
78389,4800,7.77,0.399
78391,5233,6.63,0.164
78393,5370,7.48,0.034
78395,5414,6.93,0.24
78397,50942,7.11,1.654
78399,47623,6.54,0.01
78401,48430,6.91,-0.03
78403,48458,7.25,1.15
78405,48523,7.04,-0.055
78407,48715,6.3,-0.056
78409,48882,7.47,-0.025
78411,48941,7.85,0.448
78413,49086,7.59,0.496
78415,49105,7.34,0.486
78417,49546,6.58,0.48
78419,50099,3.29,-0.074
78421,50231,7.88,0.463
78423,50626,6.96,1.578
78425,51424,7.17,1.7
78427,44699,7.71,0.07
78429,45581,5.28,0.021
78431,45585,5.86,-0.024
78433,45799,7.6,-0.037
78435,45803,7.41,0.048
78437,46229,7.84,0.943
78439,46452,7.76,-0.056
78441,46720,7.33,0.402
78443,46741,5.46,1.556
78445,46760,7.72,-0.036
78447,46849,7.7,0.121
78449,47019,7.9,1.053
78451,47728,7.86,0.137
78453,47783,7.82,0.556
78455,47922,7.62,0.096
78457,47956,5.43,0.901
78459,48095,6.8,0.483
78461,48244,7.93,0.086
78463,40702,4.05,0.413
78465,41871,7.58,0.607
78467,42984,6.85,0.059
78469,43888,7.78,0.983
78471,44189,7.61,1.777
78473,44669,7.53,0.027
78475,45166,6.13,1.09
78477,45271,7.71,0.051
78479,45734,8.0,0.725
78481,46046,7.08,0.629
78483,46138,7.78,1.086
78485,46185,7.73,1.81
78487,35671,7.57,1.264
78489,36039,5.54,1.281
78491,37372,6.64,0.186
78493,38017,6.79,0.16
78495,38916,7.73,1.648
78497,39173,7.55,0.882
78499,39818,7.04,0.975
78501,40415,7.03,-0.019
78503,40888,4.34,1.161
78505,41191,5.67,1.018
78507,41995,7.02,1.399
78509,42637,5.46,-0.101
78511,42794,6.05,0.229
78513,43012,5.79,1.595
78515,28993,7.12,0.317
78517,29076,7.2,0.313
78519,29155,7.61,-0.015
78521,31897,5.61,0.214
78523,32564,7.25,1.424
78525,33308,7.75,1.341
78527,33384,5.45,0.041
78529,34554,7.81,0.166
78531,37817,7.49,0.21
78533,20297,5.78,0.359
78535,21101,7.85,1.472
78537,22260,7.85,0.362
78539,23148,5.84,0.932
78541,24084,7.58,0.513
78543,24187,7.92,1.123
78545,24256,6.51,1.107
78547,25079,7.2,0.279
78549,26269,7.12,0.496
78551,26394,5.65,0.6
78553,27566,5.46,-0.076
78555,16190,7.77,1.168
78557,16290,5.68,0.932
78559,16815,6.84,1.015
78561,16827,6.29,1.15
78563,18847,6.63,1.075
78565,19188,7.89,0.632
78567,20049,5.67,0.836
78569,20144,6.96,0.201
78571,21087,7.87,0.225
78573,21519,7.99,1.085
78575,12949,7.38,1.062
78577,13442,7.69,1.603
78579,13673,7.87,1.17
78581,14311,7.94,0.715
78583,14515,7.79,0.441
78585,14521,5.67,0.298
78587,14815,7.99,0.34
78589,15201,5.51,0.438
78591,15886,6.8,0.2
78593,16140,7.41,1.046
78595,9472,6.8,1.63
78597,10179,6.89,1.208
78599,10206,7.14,0.986
78601,10422,6.57,0.895
78603,10923,7.7,1.613
78605,11095,5.99,1.088
78607,11196,7.69,1.01
78609,11434,7.1,1.131
78611,11629,7.89,0.546
78613,11866,7.87,0.616
78615,11886,6.86,0.45
78617,11944,7.5,0.142
78619,13119,6.94,1.61
78621,13244,4.76,1.337
78623,7256,7.83,0.389
78625,8485,7.82,-0.079
78627,9540,6.89,1.36
78629,9773,7.31,1.068
78631,10256,7.1,0.995
78633,51453,7.57,-0.045
78635,51461,6.41,1.65
78637,51576,3.3,-0.089
78639,52138,7.54,1.376
78641,52436,6.62,-0.011
78643,52670,7.32,-0.059
78645,52977,7.16,0.08
78647,53007,6.84,-0.024
78649,53121,7.46,0.013
78651,53270,7.73,0.025
78653,53300,7.75,2.065
78655,53334,5.95,1.736
78657,53701,6.16,-0.064
78659,50520,5.66,0.042
78661,50562,6.35,1.556
78663,51071,7.88,1.411
78665,51083,7.05,0.006
78667,51131,7.42,0.007
78669,51177,7.57,0.56
78671,51194,6.0,0.091
78673,51265,6.42,-0.039
78675,51313,5.27,1.856
78677,51327,6.42,1.675
78679,51554,7.49,0.215
78681,51794,7.39,0.047
78683,52044,7.58,0.38
78685,52059,6.73,-0.075
78687,52116,6.97,0.023
78689,52132,7.57,0.045
78691,52160,6.33,-0.072
78693,52221,5.51,-0.158
78695,52261,6.81,-0.023
78697,52293,6.73,-0.049
78699,52328,7.16,0.0
78701,52357,7.31,0.21
78703,52370,4.76,-0.139
78705,52419,2.74,-0.22
78707,52487,5.74,0.012
78709,52502,4.8,-0.134
78711,52678,5.33,-0.096
78713,52690,6.97,0.934
78715,52701,5.23,-0.077
78717,52736,4.87,-0.149
78719,52766,7.62,0.079
78721,52799,6.54,-0.002
78723,52815,6.46,0.008
78725,52970,7.87,0.066
78727,53016,7.74,0.106
78729,53089,7.79,0.04
78731,53210,7.32,0.477
78733,49034,7.97,1.008
78735,49457,7.17,1.159
78737,49764,5.8,0.015
78739,49804,7.34,0.939
78741,49828,6.88,0.034
78743,49835,7.1,-0.047
78745,49892,6.83,1.172
78747,49978,7.54,1.41
78749,49996,7.5,1.445
78751,50083,5.15,0.217
78753,50087,7.92,1.15
78755,50107,7.76,0.101
78757,50108,6.73,-0.017
78759,50181,7.83,0.471
78761,50217,7.31,0.931
78763,50377,7.8,0.038
78765,50403,6.79,0.149
78767,50503,7.9,1.193
78769,50530,7.95,1.556
78771,50589,7.07,0.1
78773,50612,7.53,0.068
78775,50659,7.67,-0.006
78777,50788,7.87,0.257
78779,50847,4.97,-0.128
78781,50945,7.67,0.069
78783,51421,7.97,-0.029
78785,51425,6.19,-0.004
78787,51507,7.23,0.04
78789,51508,7.39,0.078
78791,51514,7.94,-0.026
78793,51810,6.87,1.715
78795,52162,7.45,0.938
78797,48641,6.73,-0.07
78799,48782,6.18,-0.1
78801,8869,7.94,1.435
78803,5943,6.91,0.378
78805,6065,7.28,1.165
78807,6446,7.56,1.105
78809,6886,7.49,1.185
78811,6918,7.93,1.57
78813,7615,7.65,1.503
78815,7973,7.97,0.578
78817,8751,6.77,-0.05
78819,8928,4.68,0.931
78821,8995,7.1,0.906
78823,5992,6.23,0.052
78825,6039,6.92,1.571
78827,6369,6.94,0.224
78829,6631,5.92,1.561
78831,7082,7.24,0.893
78833,7298,6.91,0.314
78835,7360,7.94,1.028
78837,7656,7.11,1.187
78839,5268,5.36,0.884
78841,5321,7.48,0.246
78843,5872,7.85,1.186
78845,6412,7.22,1.651
78847,7114,7.39,0.397
78849,54542,7.07,-0.061
78851,52538,7.74,1.24
78853,52588,7.63,1.074
78855,52611,7.2,1.487
78857,52742,5.14,-0.08
78859,52762,6.96,0.15
78861,52797,6.29,1.673
78863,52878,7.94,-0.082
78865,53100,6.29,0.226
78867,53109,6.88,0.423
78869,53113,6.53,1.482
78871,53137,7.96,1.493
78873,53154,5.26,0.13
78875,53260,6.45,1.392
78877,53347,6.76,1.256
78879,53353,7.74,-0.068
78881,53469,7.94,1.514
78883,53470,7.16,1.589
78885,53479,7.32,0.462
78887,53610,7.03,1.444
78889,54082,6.16,-0.167
78891,54476,7.8,1.606
78893,51601,7.77,0.295
78895,51732,6.25,1.399
78897,51912,5.08,1.172
78899,51934,7.04,-0.104
78901,51940,7.55,-0.094
78903,52004,5.47,0.5
78905,52046,7.98,1.588
78907,52102,4.69,1.562
78909,52103,6.5,-0.098
78911,52106,7.62,0.1
78913,52127,5.96,1.692
78915,52274,6.9,0.947
78917,52308,6.35,0.088
78919,52405,5.36,0.213
78921,52468,4.58,1.7
78923,52488,6.45,-0.017
78925,52526,6.32,-0.31
78927,52558,7.35,0.145
78929,52578,7.77,0.642
78931,52628,7.26,0.219
78933,52679,6.26,0.038
78935,52806,6.47,-0.121
78937,52827,5.98,0.274
78939,52922,5.85,0.008
78941,52991,7.75,2.344
78943,53029,6.79,-0.044
78945,53231,6.26,-0.104
78947,53253,3.78,0.945
78949,53394,5.93,1.065
78951,53461,7.09,0.54
78953,53589,6.36,0.84
78955,4772,6.91,0.65
78957,4934,6.81,0.48
78959,6253,7.29,1.461
78961,6395,7.52,0.842
78963,6424,7.84,1.03
78965,6531,7.66,1.598
78967,6651,7.07,0.385
78969,4254,7.33,1.036
78971,4618,7.78,1.085
78973,4697,7.91,1.045
78975,4829,6.12,0.935
78977,5094,7.82,0.182
78979,5348,3.94,-0.12
78981,5428,7.14,0.464
78983,5477,6.41,0.888
78985,5488,6.98,0.309
78987,5822,7.41,1.348
78989,5843,7.61,1.626
78991,6235,7.44,0.443
78993,6271,7.0,0.545
78995,4228,7.6,1.14
78997,53837,7.59,0.637
78999,53939,7.73,0.125
79001,54185,6.11,-0.019
79003,54380,6.44,1.486
79005,54616,7.51,-0.094
79007,54665,7.96,0.226
79009,54746,5.37,0.175
79011,54783,6.12,1.055
79013,54814,6.87,0.426
79015,53018,7.78,-0.127
79017,53103,7.95,1.018
79019,53146,7.52,-0.057
79021,53269,7.31,0.942
79023,53395,7.59,0.315
79025,53407,7.27,-0.068
79027,53500,7.28,0.441
79029,53530,5.9,0.173
79031,53586,7.6,1.135
79033,53685,6.81,0.501
79035,53739,7.68,0.151
79037,53771,6.15,0.188
79039,53806,7.63,-0.013
79041,53811,6.44,1.28
79043,53836,6.82,0.004
79045,54025,7.76,0.927
79047,54060,6.74,0.328
79049,54071,7.21,1.282
79051,54087,6.54,1.11
79053,54129,7.94,0.253
79055,54264,6.28,0.943
79057,54286,7.05,1.656
79059,54291,6.31,1.156
79061,54293,7.94,-0.021
79063,54317,7.43,1.547
79065,54424,6.85,0.408
79067,3832,7.56,0.505
79069,3949,5.24,0.356
79071,4105,7.88,0.72
79073,4360,6.61,1.093
79075,4588,7.53,1.419
79077,4658,7.39,1.579
79079,4685,7.56,1.169
79081,4724,7.34,0.402
79083,3548,7.62,0.293
79085,4232,6.82,0.962
79087,4261,7.92,0.483
79089,53762,5.81,-0.064
79091,54201,7.8,0.413
79093,54287,7.23,0.68
79095,54671,7.6,0.186
79097,54811,5.77,1.661
79099,54929,6.22,1.606
79101,54983,7.7,0.237
79103,55179,7.2,1.071
79105,53462,7.6,1.219
79107,53484,7.95,0.285
79109,53576,6.83,1.142
79111,53782,7.33,0.6
79113,53783,7.75,0.049
79115,54010,7.8,1.115
79117,54137,5.67,0.256
79119,54157,7.91,0.188
79121,54180,7.29,0.024
79123,54231,6.82,0.043
79125,54624,7.08,1.386
79127,54718,6.27,0.155
79129,54750,7.54,0.559
79131,54795,6.65,0.634
79133,54836,7.8,0.446
79135,55019,6.54,-0.022
79137,55038,7.28,1.071
79139,55068,6.3,0.403
79141,3578,7.88,0.677
79143,3583,5.8,0.635
79145,3807,6.28,0.897
79147,4289,7.43,1.061
79149,4311,6.73,0.5
79151,4807,7.94,0.407
79153,4882,7.7,0.591
79155,4890,5.39,0.9
79157,5026,6.84,1.596
79159,3397,6.98,1.046
79161,4049,6.89,0.362
79163,4309,7.96,1.005
79165,54467,7.11,0.068
79167,54949,6.87,0.108
79169,55013,7.36,0.626
79171,55526,7.34,0.006
79173,53777,7.8,0.236
79175,53938,7.7,0.151
79177,53949,7.84,1.603
79179,54095,7.42,0.369
79181,54116,7.07,0.927
79183,54123,7.71,1.621
79185,54222,7.36,0.427
79187,54248,7.84,0.085
79189,54360,5.15,0.029
79191,54411,7.79,1.205
79193,54545,7.63,0.359
79195,54680,7.72,1.172
79197,54903,7.29,0.367
79199,54982,7.15,1.542
79201,54984,7.43,0.503
79203,55045,7.01,0.094
79205,55126,6.85,0.328
79207,55133,6.46,0.015
79209,55271,7.36,0.251
79211,3078,7.81,1.367
79213,3288,7.06,0.365
79215,3521,5.94,0.297
79217,3588,7.89,1.251
79219,3820,7.58,-0.115
79221,3903,6.49,0.286
79223,55679,7.62,0.062
79225,54395,7.33,1.358
79227,54593,7.47,1.536
79229,54643,7.57,0.426
79231,54752,7.73,0.197
79233,54893,7.73,1.549
79235,54986,7.36,1.127
79237,55063,6.8,0.16
79239,55100,6.88,1.1
79241,55105,6.89,1.384
79243,55130,6.24,0.105
79245,55164,6.44,0.408
79247,55168,6.67,0.976
79249,55279,7.87,0.965
79251,55399,7.6,0.411
79253,55436,7.4,0.276
79255,55520,7.96,0.461
79257,55588,5.0,1.464
79259,55629,6.99,0.011
79261,2944,6.99,0.723
79263,3344,7.07,1.605
79265,3356,6.05,-0.024
79267,3391,7.88,0.716
79269,3434,7.63,0.491
79271,3456,5.9,1.144
79273,3704,7.85,0.539
79275,3811,7.59,0.972
79277,3999,7.14,0.593
79279,54561,5.79,0.027
79281,54611,7.24,0.456
79283,54725,6.35,1.683
79285,54938,6.98,0.374
79287,55165,6.84,0.508
79289,55201,7.36,1.129
79291,55258,7.89,0.601
79293,55292,7.96,-0.061
79295,55388,7.51,0.158
79297,55469,7.75,0.523
79299,55492,7.73,1.317
79301,3142,6.68,0.519
79303,3506,7.66,1.034
79305,3592,7.83,0.553
79307,3637,6.81,1.225
79309,3715,7.09,1.394
79311,54704,7.05,0.76
79313,54807,7.27,0.137
79315,55385,7.95,0.558
79317,55640,7.65,1.06
79319,55774,7.95,0.321
79321,54703,6.43,0.924
79323,54731,7.11,1.654
79325,55075,7.5,0.511
79327,55099,7.26,0.94
79329,55293,7.32,0.903
79331,55328,7.06,1.129
79333,55374,6.68,1.124
79335,55576,7.52,0.003
79337,55689,7.73,1.553
79339,2661,5.55,1.262
79341,2998,7.74,1.137
79343,3105,7.84,1.274
79345,3188,6.75,0.996
79347,3733,7.59,0.313
79349,3788,6.78,0.348
79351,2649,7.29,1.462
79353,2745,7.62,0.98
79355,2893,7.94,0.392
79357,3479,7.78,0.664
79359,54820,8.0,1.659
79361,54843,7.29,0.232
79363,55002,7.07,0.226
79365,55173,7.34,1.309
79367,55228,6.69,1.18
79369,55375,8.0,1.48
79371,55409,8.0,0.658
79373,55480,7.34,-0.061
79375,55519,7.83,1.124
79377,55596,7.16,0.941
79379,55670,7.58,1.488
79381,55700,7.41,0.271
79383,55892,7.48,1.606
79385,55898,7.62,1.182
79387,55912,6.75,1.032
79389,55981,7.26,1.415
79391,56016,7.7,1.339
79393,2544,7.32,0.391
79395,2572,6.72,1.176
79397,2775,8.0,1.034
79399,2852,6.06,0.297
79401,2902,7.94,0.824
79403,2941,5.57,0.715
79405,3035,7.11,0.423
79407,3056,6.43,1.482
79409,3064,7.77,0.231
79411,3185,6.14,0.718
79413,3266,6.55,1.244
79415,3607,5.49,0.978
79417,3672,7.5,0.231
79419,55894,7.57,0.983
79421,54960,6.89,0.08
79423,55056,7.67,1.075
79425,55363,7.54,0.594
79427,55570,7.48,0.216
79429,55598,5.08,0.439
79431,55740,7.03,0.252
79433,55802,6.72,0.203
79435,55830,6.88,-0.011
79437,55867,7.24,1.24
79439,2771,7.78,1.371
79441,2853,7.88,0.447
79443,3025,6.73,-0.129
79445,3259,7.68,1.549
79447,3505,5.22,0.35
79449,2403,7.55,0.506
79451,2527,7.07,1.245
79453,55095,7.37,1.292
79455,55282,3.56,1.112
79457,55607,7.76,1.009
79459,55705,4.06,0.216
79461,55777,7.16,1.454
79463,55875,7.65,0.748
79465,56019,7.5,1.556
79467,3419,2.04,1.019
79469,2337,6.15,0.388
79471,2389,7.97,1.086
79473,2846,6.45,1.063
79475,3002,7.91,1.091
79477,3175,6.49,0.91
79479,55247,8.0,0.536
79481,55365,7.52,1.299
79483,55437,7.44,0.356
79485,55464,7.86,0.521
79487,55500,7.99,0.993
79489,55600,7.99,1.146
79491,55687,4.81,1.556
79493,55795,6.52,1.72
79495,55874,5.93,0.49
79497,55900,7.4,0.722
79499,2910,7.93,1.183
79501,3122,6.83,0.432
79503,3316,6.78,1.348
79505,3436,6.01,1.107
79507,55389,6.54,1.084
79509,55531,6.91,0.149
79511,55815,7.68,1.297
79513,56077,7.26,0.298
79515,2408,7.43,1.567
79517,2431,6.86,0.2
79519,3029,7.83,1.287
79521,3126,7.67,1.08
79523,3169,7.43,0.571
79525,3203,7.02,0.62
79527,3283,7.97,1.395
79529,3369,6.63,0.529
79531,55106,6.11,0.211
79533,55210,7.29,0.732
79535,55322,7.91,0.387
79537,55443,7.64,0.211
79539,55482,7.81,0.689
79541,55666,6.94,0.541
79543,56049,7.42,0.569
79545,56166,7.54,0.505
79547,2292,7.78,0.649
79549,2353,5.72,1.545
79551,2612,7.36,1.301
79553,2710,6.9,0.481
79555,2713,7.02,0.732
79557,2762,5.2,0.567
79559,2843,6.72,0.466
79561,3193,5.9,1.091
79563,3220,8.0,1.056
79565,3385,7.22,0.435
79567,3402,7.42,1.333
79569,55288,6.61,0.57
79571,55304,7.9,0.569
79573,55713,6.75,0.277
79575,55941,6.23,1.037
79577,55960,7.11,0.032
79579,56056,7.87,1.583
79581,56061,7.03,1.355
79583,56127,4.77,1.529
79585,2312,6.95,1.307
79587,2323,6.89,1.457
79589,2333,7.83,1.024
79591,2343,7.46,0.353
79593,2496,7.07,0.071
79595,2641,7.18,0.338
79597,2787,5.94,0.444
79599,2917,7.88,1.228
79601,2994,6.64,1.301
79603,3115,7.88,0.518
79605,55137,5.18,1.511
79607,55249,5.9,1.04
79609,55277,7.36,1.073
79611,55369,7.67,0.944
79613,55416,7.58,0.403
79615,55595,6.05,1.464
79617,55650,5.39,0.938
79619,55699,7.62,0.941
79621,55769,6.73,0.207
79623,55846,6.49,0.778
79625,55848,7.58,1.002
79627,55906,7.41,1.003
79629,55907,7.15,0.975
79631,55945,4.95,1.0
79633,55982,7.24,0.503
79635,56015,7.87,1.062
79637,2677,7.47,0.94
79639,2954,6.43,1.339
79641,2988,7.67,1.082
79643,3086,7.34,0.633
79645,3265,7.9,0.296
79647,3296,7.79,1.428
79649,3302,7.88,0.94
79651,55423,7.16,0.43
79653,55434,4.05,-0.058
79655,55455,6.69,0.523
79657,55589,6.9,0.864
79659,55733,7.4,1.452
79661,55791,6.35,0.345
79663,56073,7.45,1.019
79665,2358,6.52,0.453
79667,2510,7.99,0.325
79669,2548,5.69,-0.014
79671,2688,7.64,0.426
79673,2781,7.64,0.203
79675,2847,7.77,0.563
79677,3208,7.99,0.903
79679,3326,7.59,0.515
79681,3338,7.69,0.127
79683,55246,7.69,0.346
79685,55488,6.69,0.298
79687,55642,4.0,0.423
79689,55751,7.56,0.455
79691,55816,6.73,1.407
79693,56028,6.97,0.482
79695,56079,6.73,0.521
79697,2315,7.29,1.183
79699,2332,7.88,1.123
79701,2340,7.93,1.232
79703,2441,7.62,1.359
79705,2491,6.99,1.405
79707,2695,6.76,0.949
79709,2873,7.85,0.817
79711,2999,7.97,1.56
79713,3236,6.52,0.528
79715,55016,5.31,1.189
79717,55029,6.82,-0.026
79719,55033,6.66,0.29
79721,55167,7.6,1.25
79723,55209,6.66,0.059
79725,55254,6.6,0.586
79727,55262,7.12,0.507
79729,55716,5.8,1.376
79731,55958,6.55,1.599
79733,2479,7.18,0.275
79735,2498,7.25,0.906
79737,2626,7.81,0.521
79739,2734,6.39,1.136
79741,2832,6.32,0.517
79743,2936,7.04,0.325
79745,3119,7.43,0.538
79747,3262,7.7,0.647
79749,54975,7.43,0.886
79751,55359,7.74,1.359
79753,55382,7.14,0.12
79755,55533,7.03,1.064
79757,55614,7.22,0.141
79759,55673,7.44,0.982
79761,55674,7.57,0.578
79763,55765,5.58,0.39
79765,56043,7.71,0.812
79767,56080,5.74,1.371
79769,55486,7.93,0.894
79771,3452,7.83,1.468
79773,2374,7.4,1.282
79775,2415,6.83,0.126
79777,2490,6.89,1.267
79779,2508,7.9,0.964
79781,2512,7.22,0.535
79783,2595,6.9,0.508
79785,2696,7.9,0.408
79787,2815,7.32,0.435
79789,2903,5.89,-0.146
79791,3162,7.58,1.086
79793,3371,6.56,1.181
79795,54872,2.56,0.128
79797,54895,7.34,0.96
79799,55305,7.53,1.48
79801,55331,7.91,1.105
79803,55353,7.69,0.988
79805,55677,7.78,0.485
79807,55823,7.93,0.599
79809,55868,7.59,0.63
79811,2480,7.17,1.352
79813,2481,7.48,1.606
79815,2502,7.44,0.955
79817,2517,6.87,1.638
79819,2560,6.79,1.54
79821,2568,5.38,1.069
79823,2658,7.86,0.315
79825,2965,6.84,1.101
79827,3052,7.97,0.405
79829,3093,5.88,0.85
79831,3138,5.36,1.16
79833,3225,7.05,1.05
79835,3272,7.84,0.528
79837,2597,7.58,0.384
79839,54906,7.76,0.845
79841,54951,4.56,1.657
79843,55166,7.38,0.139
79845,55171,7.8,1.021
79847,55193,6.84,0.925
79849,55808,7.41,0.333
79851,55873,7.71,0.343
79853,2573,6.84,0.921
79855,2774,8.0,1.2
79857,2856,7.23,1.092
79859,2926,6.18,1.17
79861,3165,7.21,0.19
79863,3167,7.98,1.061
79865,3269,6.06,0.298
79867,3310,7.95,0.979
79869,3541,7.4,0.001
79871,3693,4.08,1.1
79873,3713,7.88,0.04
79875,55781,7.3,0.241
79877,54685,7.98,0.493
79879,54798,7.92,0.353
79881,54818,7.72,1.326
79883,54967,7.13,0.267
79885,55170,6.96,0.2
79887,55361,7.76,1.416
79889,55741,7.72,0.382
79891,55766,6.88,0.322
79893,55861,7.65,0.327
79895,2583,6.26,0.965
79897,2844,7.96,0.672
79899,3031,4.34,0.871
79901,3251,7.89,0.291
79903,3331,7.2,0.343
79905,3568,7.73,0.218
79907,3830,7.18,0.932
79909,2565,6.68,0.084
79911,2865,6.51,-0.07
79913,2896,7.8,0.445
79915,3070,6.92,1.383
79917,3585,7.41,1.52
79919,3719,6.93,1.085
79921,54567,7.16,1.07
79923,54819,6.62,1.007
79925,54962,7.78,1.089
79927,55219,3.49,1.4
79929,55302,6.57,1.035
79931,55362,7.22,1.566
79933,55405,7.95,0.991
79935,55563,7.41,0.335
79937,55708,7.7,0.94
79939,4058,6.87,1.375
79941,2694,7.78,0.4
79943,2912,4.34,-0.123
79945,2923,7.64,0.317
79947,3092,3.27,1.268
79949,3214,7.6,0.458
79951,3301,7.65,0.014
79953,3360,7.37,1.077
79955,3438,6.92,0.311
79957,3473,7.8,0.23
79959,3569,7.78,0.299
79961,3617,7.15,0.964
79963,3620,7.34,1.122
79965,3805,7.95,0.363
79967,3884,7.6,1.064
79969,4005,7.28,0.559
79971,54178,7.83,0.488
79973,54235,6.92,1.301
79975,54465,7.32,0.941
79977,54522,5.71,1.4
79979,54581,7.88,0.037
79981,54726,7.45,1.005
79983,54734,6.93,1.103
79985,54745,6.41,0.6
79987,54763,7.2,1.024
79989,54941,7.53,0.812
79991,55243,6.67,1.118
79993,55266,4.76,0.113
79995,55316,7.21,0.404
79997,55506,7.95,1.027
79999,55546,7.44,1.415
80001,2783,7.72,0.041
80003,2942,5.45,0.886
80005,3740,7.85,0.556
80007,3897,7.26,0.609
80009,3981,7.15,1.345
80011,4129,6.7,0.028
80013,4185,6.07,1.139
80015,54107,7.14,0.215
80017,54858,7.88,0.653
80019,55470,7.23,0.522
80021,54537,5.89,1.564
80023,54614,7.72,0.767
80025,54692,7.19,0.553
80027,54842,6.33,1.15
80029,54915,7.96,0.626
80031,55101,7.74,1.296
80033,55218,6.94,1.009
80035,3293,7.03,0.452
80037,3494,7.18,1.613
80039,3597,7.57,0.497
80041,3817,7.62,1.16
80043,3840,7.06,1.018
80045,3881,4.53,-0.136
80047,4017,7.26,-0.022
80049,4127,6.76,0.595
80051,4205,7.19,0.622
80053,4411,6.53,1.028
80055,3184,7.71,1.51
80057,3206,7.36,0.937
80059,3231,5.3,0.891
80061,3237,7.99,-0.236
80063,3284,7.65,-0.057
80065,3692,7.55,1.3
80067,3900,8.0,1.026
80069,4144,7.76,0.576
80071,4255,7.69,0.218
80073,53831,7.68,1.606
80075,54053,7.33,0.873
80077,54232,7.43,1.503
80079,54323,7.55,0.22
80081,54539,3.0,1.144
80083,54947,7.63,0.669
80085,53681,6.91,1.214
80087,53781,5.47,1.466
80089,53855,7.62,1.31
80091,53876,7.01,0.911
80093,54598,7.25,0.469
80095,54981,7.54,0.24
80097,55004,7.78,1.351
80099,3365,7.06,1.52
80101,3414,4.95,0.17
80103,3454,7.49,0.475
80105,3478,5.66,-0.113
80107,3504,4.48,-0.069
80109,3621,7.62,0.16
80111,3638,6.86,1.2
80113,3662,7.48,0.717
80115,3854,7.18,1.019
80117,3865,6.66,0.277
80119,4038,7.49,1.103
80121,4100,7.44,1.534
80123,4178,7.69,0.079
80125,4192,7.57,1.595
80127,4306,7.76,0.999
80129,4358,7.98,-0.02
80131,4364,7.77,0.983
80133,4386,7.68,0.553
80135,4501,6.1,1.028
80137,4554,7.72,1.375
80139,4555,7.23,0.209
80141,4581,7.58,0.4
80143,4584,6.84,-0.1
80145,4672,7.13,-0.104
80147,4675,5.69,-0.01
80149,4688,7.28,1.436
80151,4771,6.86,0.897
80153,4812,7.73,0.389
80155,4911,6.46,0.248
80157,4983,6.82,-0.055
80159,3252,7.67,0.976
80161,3324,7.33,1.043
80163,3604,6.03,-0.063
80165,3779,7.57,1.587
80167,3824,7.64,0.918
80169,3857,7.78,0.594
80171,3919,6.13,0.043
80173,53258,7.8,0.12
80175,54382,7.91,1.462
80177,54850,7.41,1.28
80179,53134,6.63,1.431
80181,53155,6.76,1.071
80183,53157,6.44,1.114
80185,53173,7.02,0.373
80187,53604,7.94,1.516
80189,53706,6.22,1.352
80191,53798,6.41,1.007
80193,53890,7.08,1.092
80195,54233,7.04,0.524
80197,54250,7.26,1.22
80199,54251,7.58,1.634
80201,54407,7.36,0.583
80203,54518,6.82,1.484
80205,54552,6.9,0.866
80207,5016,6.84,0.528
80209,5347,7.11,0.078
80211,3698,7.8,1.493
80213,3736,6.86,0.1
80215,3787,6.82,0.844
80217,3801,4.9,-0.091
80219,3926,7.83,0.483
80221,3965,6.38,0.307
80223,4023,6.22,0.032
80225,4051,7.4,1.087
80227,4112,7.9,0.094
80229,4212,6.27,0.191
80231,4393,7.53,0.667
80233,4477,7.1,1.65
80235,4523,7.3,0.11
80237,4600,7.75,0.449
80239,4744,7.67,-0.046
80241,4766,7.66,0.034
80243,4844,6.48,0.122
80245,4875,7.39,0.033
80247,4902,6.84,-0.019
80249,4918,7.39,1.53
80251,4952,7.8,0.775
80253,4987,7.69,1.238
80255,4998,5.99,1.447
80257,5062,6.53,-0.081
80259,5236,7.86,1.386
80261,5251,6.31,1.499
80263,5468,7.92,0.795
80265,5508,7.49,0.167
80267,3771,7.73,-0.021
80269,4042,7.54,1.356
80271,4174,7.11,-0.015
80273,4285,7.69,0.015
80275,4298,6.28,1.681
80277,4637,6.9,0.41
80279,4786,6.48,1.099
80281,4989,7.19,0.442
80283,5028,7.97,0.321
80285,52416,7.39,1.543
80287,52478,5.79,-0.038
80289,52650,7.11,0.311
80291,52684,7.99,1.093
80293,52685,6.34,1.568
80295,52859,7.97,0.553
80297,53036,7.45,0.043
80299,53043,5.66,1.132
80301,53261,5.12,1.355
80303,53304,7.75,1.114
80305,53481,6.8,0.995
80307,53680,7.94,1.054
80309,53910,2.34,0.033
80311,53951,6.63,1.574
80313,53974,7.51,0.481
80315,54314,7.29,1.39
80317,52064,6.77,0.465
80319,52786,7.35,0.273
80321,52978,7.99,1.013
80323,53064,5.57,1.16
80325,53750,7.12,1.2
80327,4422,4.62,0.957
80329,4674,7.09,0.969
80331,4871,7.83,1.481
80333,4961,6.75,1.688
80335,5232,6.87,0.002
80337,5768,7.18,0.031
80339,5784,7.18,0.546
80341,5829,7.25,0.469
80343,5841,7.94,0.383
80345,5882,7.91,1.205
80347,6229,6.99,0.412
80349,6242,4.95,0.683
80351,6300,7.55,-0.026
80353,6399,7.79,0.364
80355,6562,7.73,1.584
80357,6686,2.66,0.16
80359,6793,7.89,0.457
80361,4121,7.81,0.101
80363,4237,7.41,0.38
80365,4264,7.16,0.29
80367,4305,7.43,1.779
80369,4383,6.2,1.376
80371,4407,7.65,0.007
80373,4466,7.14,0.12
80375,4713,7.12,0.197
80377,4811,6.77,0.28
80379,4834,6.71,1.109
80381,5013,7.04,1.017
80383,5029,7.54,0.086
80385,5067,7.92,0.186
80387,5161,7.12,0.019
80389,5240,6.41,1.188
80391,5252,7.64,0.092
80393,5333,7.61,0.362
80395,5336,5.17,0.704
80397,5361,5.77,-0.019
80399,5440,6.65,0.439
80401,5458,6.75,1.14
80403,5536,7.24,-0.023
80405,5542,4.34,0.17
80407,5776,7.97,1.431
80409,5934,7.93,1.734
80411,6016,7.68,1.521
80413,6027,6.86,0.047
80415,6057,6.68,1.021
80417,6093,6.39,1.589
80419,6189,7.61,0.072
80421,52451,7.74,1.382
80423,50448,5.74,0.163
80425,50933,4.94,-0.052
80427,50995,7.56,1.467
80429,51401,6.32,1.141
80431,51435,7.33,0.993
80433,51448,6.07,0.178
80435,52353,5.12,1.207
80437,52597,7.93,1.252
80439,52794,6.94,1.522
80441,52805,7.68,0.538
80443,52877,6.4,-0.022
80445,52929,6.42,1.287
80447,48813,7.73,1.051
80449,49230,7.88,0.51
80451,49414,7.06,1.098
80453,49765,7.11,1.039
80455,50652,7.75,1.068
80457,50685,5.88,0.241
80459,50778,7.47,1.136
80461,51002,7.58,1.042
80463,51091,7.55,1.116
80465,51223,7.91,1.047
80467,51517,7.24,0.427
80469,51782,7.6,1.29
80471,51890,7.93,1.098
80473,8878,7.03,1.635
80475,9604,7.75,0.081
80477,6099,6.68,0.02
80479,6692,4.72,1.047
80481,7019,7.85,1.8
80483,7050,6.15,0.07
80485,7166,6.82,1.238
80487,7318,7.86,1.022
80489,7339,6.52,0.686
80491,7486,7.14,0.066
80493,7902,7.7,0.691
80495,7949,7.53,0.586
80497,7956,6.96,1.16
80499,7965,5.57,-0.049
80501,8164,7.02,1.137
80503,8662,7.71,0.248
80505,8896,7.31,0.012
80507,9009,4.97,-0.084
80509,9184,7.79,1.216
80511,5239,7.54,1.476
80513,5506,7.3,0.223
80515,5566,5.56,-0.052
80517,5589,5.57,-0.072
80519,5659,7.55,0.394
80521,5696,7.3,1.208
80523,6296,7.7,1.434
80525,6312,6.33,0.113
80527,6811,6.98,1.843
80529,6974,6.71,1.334
80531,7088,7.52,0.48
80533,7192,7.18,1.303
80535,7261,7.07,1.166
80537,7291,7.9,0.141
80539,7400,6.73,0.985
80541,7512,7.6,0.101
80543,7593,6.49,0.776
80545,7616,7.58,1.007
80547,4962,5.92,0.512
80549,5021,5.83,0.569
80551,5186,6.52,0.214
80553,5203,7.75,1.108
80555,5445,7.72,0.701
80557,5688,6.4,0.018
80559,5913,7.32,0.417
80561,6084,7.67,1.756
80563,7127,7.93,1.143
80565,47469,7.46,0.53
80567,47654,5.15,1.029
80569,48486,7.92,1.197
80571,48545,7.77,0.033
80573,48893,5.86,1.155
80575,49594,7.67,1.028
80577,49649,7.99,0.422
80579,49733,7.49,1.305
80581,49881,7.43,1.021
80583,50433,6.66,0.342
80585,50435,7.36,0.295
80587,50447,6.53,0.336
80589,50526,7.0,1.05
80591,45291,7.55,0.96
80593,45764,6.42,1.05
80595,45938,7.43,0.297
80597,46410,6.2,0.115
80599,46693,7.42,1.432
80601,46763,7.52,1.004
80603,47013,5.77,0.53
80605,47119,6.46,-0.083
80607,47198,7.43,0.483
80609,47259,7.88,0.296
80611,47260,6.39,0.352
80613,47330,6.64,1.057
80615,47405,7.12,0.157
80617,47492,7.31,1.158
80619,47777,6.78,0.31
80621,49163,6.91,1.043
80623,49915,7.78,0.137
80625,41239,6.96,1.346
80627,41636,7.93,0.363
80629,42279,7.29,0.54
80631,43200,7.66,0.375
80633,43431,6.93,1.506
80635,44060,7.34,0.354
80637,44463,7.86,0.69
80639,44615,7.78,0.117
80641,45550,6.98,0.08
80643,45760,7.89,0.962
80645,36715,7.41,0.574
80647,36858,6.54,0.965
80649,37961,7.87,0.086
80651,38784,6.55,0.719
80653,38813,7.72,1.327
80655,38869,7.16,1.334
80657,38900,6.87,0.235
80659,39069,6.84,1.355
80661,39110,7.72,1.036
80663,39538,5.39,-0.04
80665,41755,7.08,0.932
80667,28646,7.54,0.489
80669,29883,7.92,0.182
80671,30129,7.54,0.48
80673,30242,7.91,1.108
80675,31222,7.95,0.505
80677,31462,7.16,1.348
80679,31922,6.74,0.066
80681,32296,6.61,0.182
80683,32439,5.44,0.525
80685,32503,7.32,1.201
80687,34952,6.93,0.284
80689,35874,7.2,0.99
80691,36019,6.3,-0.031
80693,20288,7.46,0.055
80695,20402,7.6,0.145
80697,20957,7.16,0.125
80699,21487,7.38,0.26
80701,22090,7.88,1.041
80703,22093,6.67,0.016
80705,22154,7.67,1.383
80707,22405,7.9,1.059
80709,23265,5.09,1.304
80711,25110,5.08,0.506
80713,25924,7.62,1.48
80715,26103,7.3,0.094
80717,27209,7.76,1.047
80719,27230,7.95,1.024
80721,28249,7.89,0.881
80723,15187,6.7,1.069
80725,16148,7.76,0.533
80727,17810,7.13,-0.049
80729,17881,7.16,1.228
80731,18209,7.99,0.919
80733,18913,6.98,1.051
80735,18936,7.67,0.438
80737,18940,7.71,1.182
80739,19123,7.94,0.018
80741,19265,7.96,0.119
80743,19390,7.76,-0.005
80745,19461,5.1,0.589
80747,19619,6.92,1.146
80749,20039,6.39,0.947
80751,20225,6.95,1.003
80753,20776,5.42,1.179
80755,20896,7.76,0.465
80757,21558,7.37,0.311
80759,11906,7.67,0.695
80761,11978,6.75,1.733
80763,13634,7.52,1.219
80765,13683,7.92,0.44
80767,13686,7.88,0.387
80769,13897,6.88,0.859
80771,14205,7.54,1.107
80773,14295,7.16,-0.007
80775,14417,5.49,1.569
80777,14526,7.14,1.916
80779,14712,7.69,0.294
80781,15011,7.28,1.249
80783,15296,6.76,0.257
80785,15547,5.44,0.211
80787,15620,7.82,0.422
80789,16437,7.32,1.219
80791,17333,7.88,0.118
80793,9419,7.86,0.956
80795,9494,6.64,-0.03
80797,9586,6.12,0.162
80799,9802,7.49,0.224
80801,9881,7.67,0.128
80803,10350,6.25,0.915
80805,11252,7.61,0.082
80807,11462,7.78,0.046
80809,11467,7.28,0.352
80811,11675,7.79,1.76
80813,12276,7.94,0.312
80815,12959,7.19,0.21
80817,13413,7.64,0.176
80819,7078,5.82,0.489
80821,7471,7.8,1.143
80823,7992,7.92,0.506
80825,8016,5.18,-0.022
80827,8719,7.63,0.549
80829,9042,7.24,2.239
80831,9097,7.21,0.136
80833,9242,6.87,1.216
80835,9480,4.49,0.164
80837,9598,3.95,-0.002
80839,9665,7.68,0.367
80841,9949,7.78,1.022
80843,10031,6.57,0.551
80845,7182,6.96,-0.004
80847,45238,1.67,0.07
80849,46143,6.45,1.275
80851,46145,7.8,-0.04
80853,46755,7.03,-0.037
80855,47892,7.14,-0.016
80857,42532,7.78,0.665
80859,42644,7.07,0.428
80861,43201,7.85,0.283
80863,43351,6.1,0.185
80865,43747,8.0,0.179
80867,43930,6.99,1.351
80869,43958,7.05,1.438
80871,44192,6.85,-0.064
80873,44445,6.93,0.305
80875,44599,4.47,0.607
80877,44626,4.66,-0.149
80879,45275,7.79,0.013
80881,45757,7.99,0.4
80883,46040,7.78,0.198
80885,46358,5.46,1.079
80887,46407,6.33,0.413
80889,40386,6.64,0.212
80891,40725,7.81,0.155
80893,41003,5.28,0.014
80895,41070,7.25,0.026
80897,41254,7.17,0.671
80899,41478,6.81,0.118
80901,41604,6.88,0.211
80903,41837,6.72,1.122
80905,41907,6.11,0.946
80907,42342,6.62,0.265
80909,42388,6.82,1.048
80911,42649,7.0,-0.001
80913,42690,7.42,-0.028
80915,42858,7.91,0.035
80917,42915,6.66,1.22
80919,43700,7.45,1.293
80921,34381,7.67,1.386
80923,34449,7.97,1.116
80925,35102,7.49,0.539
80927,36097,7.63,1.242
80929,36556,7.55,0.268
80931,36577,7.48,0.415
80933,36744,7.16,0.067
80935,36914,6.33,0.016
80937,36941,7.32,0.539
80939,36982,6.72,1.728
80941,29284,6.83,0.028
80943,29684,7.94,0.245
80945,29695,7.72,0.931
80947,30048,7.9,1.073
80949,30170,7.31,1.036
80951,30795,6.94,0.062
80953,30837,7.55,0.327
80955,31314,6.66,0.489
80957,31678,7.99,1.414
80959,32548,7.0,0.869
80961,32884,7.57,0.219
80963,33140,7.51,0.284
80965,23251,6.29,1.517
80967,23391,7.86,1.193
80969,23413,7.53,0.482
80971,23776,7.32,0.652
80973,24085,7.73,1.102
80975,24219,7.85,1.095
80977,25003,7.9,0.327
80979,25351,7.17,0.538
80981,25918,5.18,1.13
80983,26264,6.04,-0.018
80985,26869,7.86,0.362
80987,27715,7.75,1.159
80989,18493,7.79,0.422
80991,19790,7.24,1.58
80993,20537,7.95,1.059
80995,20610,8.0,0.516
80997,21611,6.05,1.08
80999,22022,7.74,0.513
81001,22871,5.47,1.518
81003,14345,6.81,1.28
81005,14739,6.9,0.521
81007,14828,7.49,1.035
81009,14860,7.71,0.341
81011,15438,7.23,0.413
81013,16300,7.52,0.145
81015,16797,7.62,1.115
81017,16914,6.89,0.328
81019,16999,7.68,1.192
81021,17388,7.53,0.241
81023,17678,3.26,1.59
81025,17764,7.13,0.4
81027,17955,7.35,1.526
81029,11909,6.84,0.568
81031,12548,7.76,0.7
81033,12674,7.76,1.584
81035,12884,6.67,0.449
81037,14102,7.72,1.356
81039,14131,5.51,-0.125
81041,14366,7.4,0.99
81043,14373,7.72,1.234
81045,14468,6.99,1.199
81047,15485,7.94,1.066
81049,11303,7.64,0.355
81051,11926,7.89,1.648
81053,12338,6.7,1.431
81055,50855,7.48,1.247
81057,48166,7.72,0.045
81059,48310,5.56,1.316
81061,48539,7.86,0.132
81063,48779,7.93,-0.045
81065,48849,7.04,-0.028
81067,48873,6.87,0.933
81069,48942,6.68,0.908
81071,49051,7.93,1.062
81073,49223,6.41,1.688
81075,49281,6.14,-0.032
81077,49360,6.91,-0.059
81079,49405,7.79,1.626
81081,49462,6.91,0.885
81083,49642,6.45,-0.095
81085,49711,7.5,1.08
81087,49751,6.94,1.5
81089,49833,6.89,-0.02
81091,49894,7.47,1.039
81093,49912,7.97,1.229
81095,49945,7.18,-0.084
81097,50020,7.89,0.637
81099,50067,6.42,-0.111
81101,50242,7.03,-0.027
81103,50371,3.39,1.541
81105,50619,7.94,-0.023
81107,50821,7.64,0.016
81109,50953,7.61,-0.05
81111,46370,7.82,-0.028
81113,46737,6.27,1.348
81115,46827,7.56,1.445
81117,46978,7.45,0.004
81119,47017,8.0,0.47
81121,47115,6.55,0.092
81123,47183,7.9,-0.01
81125,47335,7.39,0.299
81127,47343,6.83,1.161
81129,47505,6.85,0.861
81131,47591,6.33,0.075
81133,47827,7.59,1.677
81135,47857,7.4,-0.056
81137,47876,7.84,0.033
81139,48002,2.92,0.273
81141,48030,7.89,1.2
81143,48066,7.73,1.315
81145,48326,7.94,1.054
81147,48806,6.59,1.122
81149,48886,7.83,0.081
81151,48939,7.54,-0.003
81153,49184,7.26,0.023
81155,49695,7.39,-0.03
81157,49698,5.26,0.973
81159,50038,7.0,-0.026
81161,44786,7.53,-0.086
81163,45135,7.45,0.494
81165,45315,7.3,1.264
81167,45566,6.79,1.308
81169,45571,5.38,0.415
81171,45738,7.47,1.631
81173,46177,7.72,0.473
81175,46460,5.9,0.012
81177,46600,7.91,1.249
81179,47083,7.16,0.0
81181,47378,7.86,1.015
81183,47549,7.11,-0.065
81185,48223,6.7,0.905
81187,10548,7.3,0.976
81189,10742,7.74,1.575
81191,10862,7.38,0.233
81193,11001,4.08,0.034
81195,11302,7.86,0.187
81197,11364,7.67,1.427
81199,11455,7.17,1.269
81201,11621,7.81,1.531
81203,11712,7.29,0.883
81205,12269,6.91,0.91
81207,12394,4.12,-0.061
81209,12485,6.58,0.66
81211,12715,6.66,1.0
81213,9149,6.36,0.906
81215,9308,7.3,0.423
81217,9318,6.09,1.176
81219,9437,7.49,1.645
81221,9547,7.93,1.608
81223,9686,7.27,0.418
81225,9870,6.71,0.883
81227,10116,7.5,0.62
81229,10299,7.26,1.2
81231,10417,7.83,0.933
81233,10418,5.57,1.556
81235,10513,5.67,1.306
81237,11177,7.87,1.562
81239,11293,6.39,1.511
81241,11482,7.06,1.118
81243,8278,7.69,0.453
81245,8512,7.43,1.26
81247,8561,7.39,1.107
81249,9236,2.86,0.29
81251,9377,7.66,0.486
81253,9469,6.88,0.561
81255,50221,6.64,1.108
81257,50233,7.92,-0.026
81259,50279,6.85,0.058
81261,50437,7.88,0.007
81263,50493,5.8,0.481
81265,50518,7.01,0.2
81267,50555,4.59,1.6
81269,50662,7.76,0.35
81271,50676,4.5,-0.102
81273,50789,7.78,1.42
81275,50797,7.91,0.178
81277,51049,7.0,1.603
81279,51140,5.58,1.556
81281,51234,7.86,0.219
81283,51402,7.36,0.115
81285,51444,6.62,-0.099
81287,51466,7.93,1.521
81289,51661,6.68,0.99
81291,51662,7.32,0.04
81293,51807,7.2,0.815
81295,51849,4.45,1.604
81297,52043,5.89,-0.128
81299,52130,7.05,0.083
81301,52146,7.49,1.558
81303,52154,4.29,1.025
81305,52161,7.11,-0.1
81307,52320,6.81,-0.004
81309,49245,7.75,-0.024
81311,49662,6.63,0.616
81313,49723,7.5,-0.06
81315,49863,7.46,0.044
81317,49926,6.07,1.647
81319,49934,5.7,-0.118
81321,49975,7.92,0.579
81323,50044,6.07,-0.072
81325,50069,6.48,1.45
81327,50272,7.84,0.691
81329,50287,6.22,0.194
81331,50481,7.82,0.387
81333,50561,6.95,-0.12
81335,50576,7.58,0.566
81337,50596,7.92,0.068
81339,50646,7.76,-0.105
81341,50695,7.25,0.872
81343,50769,7.85,0.466
81345,50785,6.34,0.884
81347,50843,7.42,0.881
81349,50916,6.34,1.517
81351,50993,5.93,0.315
81353,51006,7.84,1.083
81355,51011,7.0,-0.088
81357,51150,7.07,0.468
81359,51192,4.65,0.474
81361,51232,3.81,0.317
81363,51246,6.83,-0.141
81365,51307,6.69,1.058
81367,51310,7.61,0.259
81369,51593,7.36,-0.11
81371,51623,5.98,0.29
81373,51676,6.09,0.325
81375,51806,6.84,0.861
81377,51857,6.68,0.042
81379,51866,6.52,0.009
81381,51899,7.75,1.871
81383,48859,7.62,0.895
81385,49069,7.64,1.257
81387,49138,7.84,-0.005
81389,49164,5.93,0.263
81391,49233,6.18,0.175
81393,49290,7.31,0.888
81395,8132,6.79,-0.067
81397,8957,6.43,0.409
81399,8983,6.07,0.356
81401,7040,7.91,0.601
81403,7106,7.97,0.475
81405,7387,6.03,0.382
81407,7433,7.83,0.173
81409,7506,6.18,1.607
81411,7588,0.45,-0.158
81413,7599,7.33,0.629
81415,7805,7.62,0.42
81417,7921,5.7,1.264
81419,8547,7.36,1.117
81421,7094,7.85,1.33
81423,7429,7.85,0.556
81425,7699,7.08,0.466
81427,7751,5.76,0.88
81429,7753,7.47,1.42
81431,7950,7.81,1.351
81433,8056,7.97,1.077
81435,53106,6.56,0.513
81437,51558,7.2,-0.054
81439,51706,7.92,1.0
81441,51834,7.69,1.51
81443,51868,7.98,1.447
81445,51870,6.95,0.13
81447,52095,7.96,1.724
81449,52100,7.92,0.035
81451,52203,6.88,0.021
81453,52204,6.97,1.58
81455,52420,6.99,1.636
81457,52503,7.18,0.483
81459,52506,6.87,1.219
81461,52564,7.7,0.836
81463,52711,7.65,0.15
81465,52727,2.69,0.901
81467,52816,6.74,-0.008
81469,52912,7.96,0.931
81471,50653,7.64,0.523
81473,50970,6.8,1.51
81475,51013,7.88,0.022
81477,51087,6.99,1.972
81479,51212,7.99,1.08
81481,51266,7.73,0.824
81483,51523,4.89,0.5
81485,51615,7.77,1.12
81487,51984,6.43,-0.15
81489,52117,7.93,-0.088
81491,52269,7.7,1.271
81493,6183,7.31,1.446
81495,7015,7.02,1.499
81497,7111,7.78,0.459
81499,7430,7.82,1.011
81501,7673,7.11,0.433
81503,5794,7.34,1.13
81505,5797,7.52,1.212
81507,6076,7.4,0.293
81509,6262,7.68,0.54
81511,6282,7.9,1.157
81513,6333,6.75,0.444
81515,6336,6.6,1.085
81517,6756,7.53,1.017
81519,6861,6.96,0.788
81521,6949,7.69,0.839
81523,6958,7.36,1.47
81525,7060,7.76,0.624
81527,7086,7.36,0.36
81529,53729,7.32,1.46
81531,51908,7.3,0.58
81533,51916,7.7,-0.058
81535,51947,7.21,0.934
81537,51976,7.74,0.95
81539,51981,7.76,-0.062
81541,52229,7.61,0.096
81543,52230,6.99,-0.07
81545,52271,7.08,1.342
81547,52332,7.43,0.461
81549,52378,6.96,1.33
81551,52622,6.64,1.571
81553,52740,7.98,0.067
81555,52855,7.87,-0.022
81557,52858,7.05,0.422
81559,52865,6.51,0.946
81561,52898,7.8,-0.077
81563,52927,7.97,0.057
81565,53162,7.76,0.19
81567,53542,7.37,0.338
81569,53638,7.42,1.176
81571,51986,3.84,0.3
81573,6693,7.86,0.75
81575,4839,7.79,0.334
81577,5165,3.32,0.885
81579,5188,7.8,0.26
81581,5363,6.89,0.292
81583,5862,4.97,0.571
81585,6207,7.48,1.64
81587,6348,7.46,0.368
81589,4850,7.79,1.157
81591,52624,7.64,0.194
81593,52636,6.84,1.033
81595,52676,7.49,0.595
81597,52694,7.0,0.382
81599,52709,6.29,0.202
81601,52710,7.22,0.935
81603,52916,7.17,0.037
81605,52924,6.77,1.195
81607,52928,7.95,1.045
81609,53194,7.88,1.631
81611,53218,7.99,0.086
81613,53264,7.51,1.514
81615,53282,7.48,1.064
81617,53344,7.02,-0.046
81619,53356,6.95,1.036
81621,53378,7.97,1.419
81623,53379,6.08,-0.061
81625,53411,6.4,0.068
81627,53451,7.96,1.569
81629,53574,7.91,0.405
81631,53605,7.07,0.175
81633,53773,4.37,0.116
81635,53784,7.57,0.484
81637,53793,7.97,0.579
81639,53840,6.77,0.532
81641,53940,6.48,1.474
81643,6137,6.78,1.491
81645,4935,6.99,1.59
81647,4985,7.03,0.147
81649,4997,7.28,0.446
81651,5054,7.72,0.613
81653,5099,7.18,0.421
81655,5160,7.73,1.409
81657,5198,6.64,1.548
81659,5280,7.01,0.567
81661,5300,5.21,0.159
81663,5395,7.86,0.651
81665,5709,7.26,0.424
81667,5927,6.58,1.189
81669,5962,7.41,1.101
81671,5988,7.87,-0.093
81673,4770,5.59,1.185
81675,52778,7.9,0.01
81677,52960,7.34,0.088
81679,53011,7.95,0.409
81681,53046,7.66,1.104
81683,53211,6.79,-0.065
81685,53289,6.73,0.466
81687,53437,7.37,0.752
81689,53502,4.6,1.006
81691,53618,7.86,0.659
81693,53655,7.53,0.995
81695,53684,7.86,-0.055
81697,53689,7.76,1.175
81699,53741,7.52,0.231
81701,53920,7.51,1.684
81703,54106,7.11,0.234
81705,54173,5.43,0.021
81707,54228,7.93,1.332
81709,4628,7.67,0.965
81711,4719,6.99,1.428
81713,4794,6.61,0.905
81715,5085,7.86,0.941
81717,5193,6.61,0.137
81719,5661,5.95,0.281
81721,53226,8.0,0.544
81723,53372,7.91,0.213
81725,53433,7.34,0.029
81727,53516,7.43,0.355
81729,53818,6.06,0.527
81731,54030,6.44,1.616
81733,54139,7.86,1.133
81735,54192,7.49,1.098
81737,54332,6.68,1.086
81739,54349,6.58,0.363
81741,54400,6.51,0.606
81743,52965,5.61,0.038
81745,52992,7.54,1.065
81747,53279,7.87,0.432
81749,53699,5.7,0.374
81751,54074,7.27,1.252
81753,54354,7.58,1.498
81755,4776,7.66,1.405
81757,5042,6.44,1.071
81759,4148,7.15,0.936
81761,4649,7.51,1.473
81763,4852,5.5,0.083
81765,4939,7.53,1.468
81767,54605,7.33,0.282
81769,53412,7.08,1.334
81771,53617,7.64,1.23
81773,53712,7.56,0.582
81775,53963,6.21,0.307
81777,54031,7.5,0.237
81779,54204,4.92,0.369
81781,54255,5.69,-0.067
81783,54311,6.76,0.035
81785,54372,7.46,1.16
81787,54430,6.47,0.029
81789,54468,7.23,1.069
81791,54477,5.43,0.069
81793,54570,6.83,1.335
81795,54578,7.87,1.569
81797,54588,7.64,0.888
81799,4363,6.11,1.674
81801,4577,4.3,-0.154
81803,4930,7.99,0.983
81805,4932,6.28,0.932
81807,5105,7.89,1.375
81809,54149,8.0,0.546
81811,54329,7.73,0.314
81813,54576,7.25,1.103
81815,54682,4.46,0.025
81817,53823,7.85,0.047
81819,54019,6.72,0.275
81821,4547,7.89,1.115
81823,4716,7.34,0.975
81825,3834,5.9,0.944
81827,3850,7.15,0.769
81829,3858,6.27,0.132
81831,3893,7.6,1.414
81833,4020,7.93,1.013
81835,4072,7.13,0.53
81837,4104,5.47,1.275
81839,4164,6.44,0.439
81841,4326,7.07,1.013
81843,4442,7.19,0.124
81845,53595,7.48,0.433
81847,53675,6.84,1.062
81849,53740,4.08,1.079
81851,53816,7.09,0.778
81853,53970,7.28,1.004
81855,54075,6.64,0.206
81857,54302,7.33,0.065
81859,54420,7.5,1.057
81861,54493,6.92,0.019
81863,54505,7.74,-0.006
81865,54742,6.11,-0.004
81867,54749,6.39,1.381
81869,3741,5.57,-0.058
81871,3825,7.04,0.907
81873,4073,7.64,0.479
81875,4093,7.84,0.654
81877,4106,7.44,1.633
81879,4354,7.98,1.212
81881,4496,6.92,0.082
81883,4525,7.75,0.418
81885,4586,7.12,1.6
81887,4606,7.64,0.94
81889,4723,7.22,1.273
81891,54366,7.8,0.542
81893,54866,7.79,0.355
81895,54876,7.08,1.001
81897,53703,7.61,0.183
81899,53758,7.63,1.029
81901,53849,6.35,1.172
81903,53886,7.58,0.543
81905,53928,7.87,0.403
81907,54290,7.18,1.491
81909,54434,7.96,0.468
81911,3717,5.7,1.3
81913,3792,7.87,1.061
81915,4160,7.64,0.321
81917,4240,7.64,1.261
81919,4310,7.92,0.991
81921,4506,7.6,0.418
81923,4540,7.07,0.455
81925,4721,7.88,0.383
81927,3576,6.47,0.314
81929,3593,7.27,0.448
81931,3918,7.82,1.323
81933,53841,7.77,0.069
81935,53879,7.9,0.68
81937,54029,5.51,0.938
81939,54048,6.34,0.86
81941,54172,7.89,0.579
81943,54214,6.09,0.301
81945,54296,7.32,1.064
81947,54315,6.51,0.311
81949,54523,7.35,1.56
81951,54580,7.7,0.661
81953,54623,7.64,0.971
81955,54645,7.63,1.092
81957,54776,7.09,0.512
81959,54782,7.22,0.315
81961,54974,6.86,1.589
81963,54999,6.51,1.517
81965,3483,7.58,0.516
81967,3526,7.24,1.059
81969,3559,6.15,0.603
81971,3610,7.68,0.73
81973,3670,7.99,1.03
81975,3725,7.74,1.326
81977,3849,5.59,1.325
81979,3861,7.62,1.187
81981,4101,7.93,0.436
81983,4209,7.48,0.944
81985,4333,7.86,0.498
81987,4371,5.35,1.505
81989,4587,5.62,0.949
81991,53868,7.46,1.593
81993,53926,7.94,0.943
81995,53975,7.32,1.488
81997,54069,7.38,0.946
81999,54350,7.86,1.319
82001,54582,6.81,0.613
82003,54599,7.96,0.534
82005,54722,7.55,0.385
82007,54877,7.12,1.603
82009,55027,7.66,1.319
82011,55040,7.64,0.956
82013,3455,4.77,0.998
82015,3458,7.85,0.292
82017,3734,7.73,0.512
82019,3874,7.84,1.306
82021,3909,5.17,0.514
82023,3995,6.89,0.49
82025,4031,7.23,1.422
82027,4071,7.57,1.586
82029,4257,6.15,0.911
82031,4346,5.88,1.52
82033,4380,7.44,0.554
82035,4385,7.74,0.47
82037,4488,7.64,-0.042
82039,53995,7.67,1.289
82041,54155,7.64,0.77
82043,54265,7.68,1.009
82045,54769,7.78,1.271
82047,55081,6.76,0.182
82049,55084,4.45,0.21
82051,3552,6.15,1.652
82053,3645,7.57,0.822
82055,3935,7.97,0.401
82057,3979,6.98,0.663
82059,4207,6.53,0.991
82061,4374,7.41,0.444
82063,53978,7.55,0.512
82065,53984,6.81,0.95
82067,54013,7.19,0.999
82069,54027,6.12,0.269
82071,54049,5.95,1.218
82073,54085,7.79,0.548
82075,54110,6.89,0.054
82077,54292,7.91,0.42
82079,54432,6.66,0.997
82081,54445,7.45,1.535
82083,54455,7.69,1.082
82085,54515,6.82,0.165
82087,54656,7.49,1.104
82089,54802,7.61,0.915
82091,54849,5.4,-0.02
82093,54910,6.63,1.112
82095,55051,7.4,-0.21
82097,3708,7.17,1.537
82099,3763,7.64,1.389
82101,3889,6.64,1.37
82103,4021,7.25,0.122
82105,4147,4.78,1.55
82107,4439,6.99,0.292
82109,4511,6.56,1.004
82111,54260,6.98,1.588
82113,54305,7.31,1.153
82115,54336,5.52,0.955
82117,54425,7.81,0.126
82119,54451,7.61,1.094
82121,54541,7.69,0.777
82123,54857,6.75,0.398
82125,3407,7.92,0.398
82127,3518,7.73,1.537
82129,3540,7.01,0.537
82131,3591,7.68,0.941
82133,3973,7.63,0.61
82135,3992,6.39,1.069
82137,4336,7.89,1.306
82139,4464,7.63,1.131
82141,4500,6.97,1.19
82143,4504,7.99,0.464
82145,54080,7.23,0.347
82147,54108,7.84,1.672
82149,54274,7.28,0.43
82151,54331,7.74,1.183
82153,54887,7.88,0.587
82155,54904,7.08,1.132
82157,3697,5.98,0.941
82159,3765,5.74,0.89
82161,3869,7.51,1.428
82163,3972,7.96,0.931
82165,4056,7.86,0.486
82167,4176,7.2,0.362
82169,4231,7.93,1.065
82171,4323,7.37,1.143
82173,4559,6.74,1.063
82175,53977,7.22,0.114
82177,54057,7.25,1.045
82179,54182,4.62,0.332
82181,54356,7.31,0.458
82183,54604,7.48,1.625
82185,54817,7.45,1.22
82187,54863,5.79,1.128
82189,3574,7.83,0.963
82191,3760,5.92,1.104
82193,3786,4.44,1.5
82195,3904,7.64,0.974
82197,4413,7.81,1.23
82199,4526,7.86,1.269
82201,53859,7.91,0.965
82203,54141,6.87,0.042
82205,54241,7.56,0.466
82207,54300,7.89,0.955
82209,54370,7.69,0.998
82211,54383,7.32,0.551
82213,54386,8.0,0.478
82215,54596,7.89,1.1
82217,54613,7.16,1.504
82219,54688,6.3,0.209
82221,3625,7.51,1.325
82223,3675,5.51,0.987
82225,3702,7.56,1.128
82227,4025,6.7,0.339
82229,4089,7.38,0.077
82231,4382,6.46,0.962
82233,4520,6.3,0.895
82235,54113,7.86,0.965
82237,54318,7.43,1.615
82239,54573,7.51,0.413
82241,54879,3.33,-0.003
82243,53693,7.44,1.13
82245,53881,7.64,0.935
82247,54319,6.4,1.555
82249,54470,6.8,1.025
82251,3810,5.07,0.502
82253,4048,7.88,1.09
82255,4303,7.96,0.241
82257,4573,7.84,1.0
82259,4689,7.34,1.073
82261,4696,7.25,1.019
82263,3632,5.36,1.559
82265,3823,6.95,1.519
82267,53654,6.8,1.336
82269,53659,7.86,0.218
82271,53954,4.42,0.053
82273,54338,7.5,1.058
82275,54377,7.38,0.14
82277,54626,7.31,0.882
82279,54844,6.93,0.75
82281,3650,6.95,0.561
82283,3685,6.11,0.27
82285,3705,7.67,0.202
82287,3730,6.51,0.521
82289,3795,7.6,0.614
82291,3798,7.93,-0.004
82293,3800,7.9,1.432
82295,3936,7.67,0.958
82297,4087,7.28,0.493
82299,4171,7.42,0.362
82301,4184,7.86,0.958
82303,4190,7.87,0.89
82305,4267,5.8,-0.016
82307,4486,7.02,1.099
82309,4558,6.47,0.089
82311,4703,6.83,1.372
82313,4705,7.16,1.099
82315,53545,7.6,1.009
82317,53615,7.6,0.962
82319,53766,7.29,1.122
82321,54196,7.6,0.594
82323,54347,6.86,0.513
82325,54388,6.48,0.164
82327,54487,5.7,0.081
82329,54592,7.5,0.344
82331,53492,6.36,1.036
82333,54063,6.97,0.265
82335,4809,6.71,0.783
82337,3943,7.74,1.172
82339,3946,7.21,0.903
82341,4030,7.14,1.028
82343,4083,7.68,1.154
82345,4235,7.26,1.061
82347,4288,5.46,1.012
82349,4290,7.41,0.652
82351,4301,7.59,0.481
82353,4317,6.19,1.546
82355,4463,4.4,0.94
82357,4566,7.33,0.499
82359,53345,6.53,0.556
82361,53850,7.95,0.5
82363,53906,6.95,1.1
82365,54024,7.06,1.047
82367,54148,7.9,1.23
82369,54240,7.59,1.053
82371,3885,5.55,0.398
82373,3914,7.23,1.096
82375,4050,7.82,1.093
82377,4196,7.33,0.121
82379,4197,6.7,0.872
82381,4220,7.33,1.033
82383,4329,7.2,0.201
82385,4366,6.08,0.133
82387,4424,7.81,0.942
82389,4433,7.7,1.467
82391,4467,7.75,0.177
82393,4510,5.44,1.076
82395,4517,7.21,1.246
82397,4571,7.36,1.534
82399,4608,6.99,1.382
82401,4761,7.95,1.631
82403,4868,6.88,0.448
82405,4893,7.21,0.406
82407,4901,7.8,1.208
82409,5034,6.2,0.443
82411,53324,7.55,0.561
82413,53571,7.89,0.146
82415,54150,7.21,0.874
82417,54504,7.1,0.868
82419,53125,7.69,1.514
82421,53179,7.52,0.912
82423,53229,3.79,1.04
82425,53377,5.73,1.032
82427,53426,5.02,1.101
82429,53673,7.85,0.968
82431,4175,7.82,1.006
82433,4552,5.99,1.0
82435,5055,7.07,1.607
82437,5148,7.64,0.33
82439,5175,6.28,1.308
82441,5275,8.0,1.605
82443,5319,6.23,0.398
82445,5416,7.36,0.141
82447,5465,6.97,0.546
82449,4053,7.72,1.65
82451,4108,7.99,1.209
82453,4159,7.27,1.498
82455,4246,7.22,1.542
82457,4327,7.81,0.168
82459,4373,7.53,0.93
82461,4452,7.7,1.673
82463,4612,7.37,0.177
82465,4670,7.8,1.271
82467,4889,5.5,-0.043
82469,5005,7.74,1.032
82471,52849,7.03,-0.227
82473,52975,7.89,0.132
82475,53166,7.65,0.483
82477,53360,7.39,0.352
82479,53726,5.99,1.595
82481,53897,7.79,0.985
82483,53903,7.45,0.397
82485,54035,7.49,1.502
82487,54136,6.01,0.165
82489,5249,7.57,0.528
82491,4390,6.93,0.114
82493,4436,3.86,0.13
82495,4457,7.94,0.546
82497,4534,7.39,0.278
82499,4695,7.65,0.177
82501,4710,7.21,0.13
82503,4742,7.68,0.876
82505,4990,7.2,0.232
82507,4994,7.92,1.12
82509,5172,7.41,0.398
82511,5223,7.91,1.423
82513,5226,7.51,0.1
82515,5270,7.14,-0.037
82517,5425,7.54,0.228
82519,5447,2.07,1.576
82521,5450,7.71,0.397
82523,5550,5.8,-0.095
82525,54073,7.86,1.15
82527,52483,7.91,1.111
82529,52556,7.49,1.528
82531,52571,7.93,0.93
82533,52602,7.12,0.275
82535,52739,7.3,1.416
82537,52822,6.78,1.279
82539,52823,7.0,0.202
82541,52850,7.95,0.981
82543,52925,7.8,0.649
82545,52931,7.84,1.002
82547,53182,7.15,1.078
82549,53295,4.66,-0.039
82551,53341,7.61,0.961
82553,53465,6.03,1.123
82555,53721,5.03,0.624
82557,53791,6.03,0.584
82559,53821,6.69,1.114
82561,53838,5.06,0.255
82563,6118,7.13,1.574
82565,4542,6.55,1.152
82567,4613,8.0,0.5
82569,4630,7.53,0.174
82571,4863,7.92,0.305
82573,4903,5.95,0.161
82575,5045,6.77,0.328
82577,5078,7.77,0.403
82579,5276,7.24,0.541
82581,5298,7.26,0.032
82583,5313,7.78,0.621
82585,5325,7.69,0.066
82587,5486,7.86,0.12
82589,5493,5.67,0.603
82591,5521,7.66,0.73
82593,5553,7.83,0.888
82595,5606,7.8,1.061
82597,5628,7.52,0.355
82599,5684,7.24,0.77
82601,5698,7.79,1.446
82603,5723,7.51,0.943
82605,5827,7.72,0.96
82607,5944,6.59,0.594
82609,5002,7.14,1.655
82611,51896,8.0,1.169
82613,51973,7.19,1.09
82615,52216,7.27,0.173
82617,52469,5.18,0.324
82619,52498,7.28,0.565
82621,52568,7.98,1.05
82623,52599,6.97,-0.003
82625,52702,7.91,0.543
82627,52831,7.75,1.19
82629,52881,7.82,0.54
82631,53160,7.47,0.089
82633,53288,7.76,0.359
82635,6520,7.63,1.466
82637,5265,7.48,1.437
82639,5303,7.41,1.19
82641,5327,7.46,-0.076
82643,5385,7.81,0.044
82645,5434,4.26,0.012
82647,5551,6.6,1.6
82649,5554,7.31,-0.026
82651,5650,6.13,1.652
82653,5677,7.07,0.99
82655,5716,7.43,1.225
82657,5939,6.61,-0.04
82659,5993,6.11,1.59
82661,6047,6.78,1.57
82663,6073,7.54,1.341
82665,6087,6.29,1.357
82667,6162,7.17,1.61
82669,6259,7.06,1.103
82671,6374,7.82,0.0
82673,6411,4.87,1.077
82675,6481,7.27,0.019
82677,6680,7.61,0.968
82679,5269,7.26,0.403
82681,5317,5.04,0.109
82683,51427,7.56,0.21
82685,51434,6.74,0.386
82687,51700,7.5,0.562
82689,51750,7.12,1.45
82691,51910,7.44,0.138
82693,52309,7.22,0.228
82695,52413,7.33,0.246
82697,52495,7.03,1.16
82699,52539,7.77,1.23
82701,50606,6.45,0.58
82703,50635,6.01,1.128
82705,51062,7.39,0.448
82707,51697,6.52,-0.007
82709,52136,5.55,1.27
82711,52294,7.9,1.044
82713,6725,7.74,0.969
82715,7138,7.92,0.352
82717,7145,7.9,0.088
82719,7399,6.86,-0.012
82721,7419,7.4,1.533
82723,7786,6.35,1.608
82725,5262,6.81,-0.031
82727,5512,6.9,0.43
82729,5533,7.3,1.63
82731,5587,7.93,1.018
82733,5674,7.3,0.38
82735,5702,7.79,0.193
82737,5813,7.34,-0.014
82739,5876,7.56,1.07
82741,5912,7.45,1.601
82743,6060,6.99,0.65
82745,6250,7.48,0.169
82747,6270,7.64,0.056
82749,6287,7.1,0.041
82751,6306,7.62,0.582
82753,6371,6.54,1.104
82755,6548,7.6,0.28
82757,6911,7.02,1.011
82759,5457,7.19,0.069
82761,50401,7.22,1.263
82763,50533,7.88,1.084
82765,51097,6.98,0.886
82767,51391,7.35,0.986
82769,51459,4.82,0.541
82771,51464,7.6,1.061
82773,51763,7.99,0.476
82775,51814,5.16,0.349
82777,51992,6.55,1.186
82779,50079,7.01,0.105
82781,50167,7.56,1.574
82783,50222,6.18,1.621
82785,50286,6.77,0.423
82787,50752,7.39,1.004
82789,51107,7.73,0.874
82791,51224,6.86,1.022
82793,49578,7.13,1.613
82795,7939,6.69,-0.026
82797,8629,7.98,0.13
82799,9314,7.29,1.786
82801,6486,6.36,0.457
82803,6927,7.11,0.738
82805,6979,7.29,-0.012
82807,6985,7.79,0.883
82809,7013,6.91,1.452
82811,7232,7.23,0.287
82813,7251,5.69,1.435
82815,7294,4.68,0.991
82817,7458,7.89,1.722
82819,7475,7.73,0.461
82821,7515,7.17,0.345
82823,7559,7.25,0.035
82825,7605,7.99,0.24
82827,7617,5.55,1.388
82829,7755,7.97,2.21
82831,7812,6.97,-0.04
82833,7963,6.35,-0.027
82835,7989,6.98,1.306
82837,8019,7.01,0.429
82839,8046,5.78,-0.01
82841,8052,6.57,1.075
82843,8115,6.18,0.131
82845,8148,6.25,0.062
82847,8231,7.69,1.004
82849,8288,7.35,0.606
82851,8321,6.76,1.074
82853,8415,7.43,0.279
82855,8586,7.78,1.601
82857,8980,7.06,0.004
82859,9188,6.65,0.08
82861,6064,7.4,-0.134
82863,6285,7.21,0.586
82865,6295,7.81,0.399
82867,6311,7.34,-0.034
82869,6571,7.38,1.696
82871,7247,7.13,1.238
82873,7253,6.92,1.852
82875,7401,7.02,0.064
82877,7494,7.36,0.009
82879,7563,7.47,0.947
82881,7713,7.39,0.143
82883,7745,7.4,0.24
82885,7785,7.44,-0.033
82887,7820,7.56,0.003
82889,8081,6.94,0.234
82891,48034,6.94,0.945
82893,48819,7.61,1.151
82895,48872,7.74,1.26
82897,49277,7.36,0.951
82899,49456,7.72,0.371
82901,49724,6.53,1.64
82903,49800,7.44,1.032
82905,49829,7.1,0.965
82907,47037,7.76,1.236
82909,47401,5.96,1.528
82911,47791,6.18,0.419
82913,47911,6.51,0.367
82915,47929,6.97,1.707
82917,48132,7.11,0.465
82919,48214,7.86,0.393
82921,48266,6.27,0.29
82923,48531,7.39,1.147
82925,49517,8.0,0.419
82927,49552,7.78,1.623
82929,49653,7.61,1.53
82931,44925,7.56,1.503
82933,46030,7.36,1.416
82935,46103,7.65,1.201
82937,46696,7.53,0.135
82939,47461,7.55,0.399
82941,47594,5.72,1.131
82943,14000,7.95,0.267
82945,11097,7.26,1.107
82947,11569,4.46,0.153
82949,11984,7.52,1.032
82951,12083,6.64,0.422
82953,12132,7.25,0.401
82955,12237,7.33,1.075
82957,12297,7.67,0.407
82959,12585,7.93,0.639
82961,12641,7.05,1.234
82963,12821,5.95,0.136
82965,13133,6.26,0.151
82967,13367,5.94,0.7
82969,13836,7.72,0.426
82971,9124,7.82,0.337
82973,9231,7.8,0.096
82975,9278,7.36,0.202
82977,9312,5.29,0.002
82979,9564,6.0,0.029
82981,9573,5.59,0.325
82983,9635,7.53,1.677
82985,9690,6.52,0.003
82987,9720,7.1,0.307
82989,9997,7.62,0.333
82991,10388,7.43,0.156
82993,10420,7.5,1.183
82995,10438,6.05,0.641
82997,10466,7.19,0.439
82999,10486,7.96,0.298
83001,10531,7.13,0.92
83003,10618,7.01,1.824
83005,10681,7.61,0.574
83007,10743,7.52,0.545
83009,10780,7.14,0.529
83011,10893,6.59,-0.023
83013,11067,7.19,0.571
83015,7625,6.72,-0.015
83017,7895,7.81,1.082
83019,8001,7.86,1.127
83021,8020,6.33,0.013
83023,8106,7.31,1.22
83025,8307,7.74,1.114
83027,8362,5.63,0.804
83029,8626,6.54,2.215
83031,8886,3.35,-0.15
83033,9000,7.6,0.11
83035,9037,7.43,0.09
83037,9220,6.02,-0.042
83039,9481,7.46,1.685
83041,9799,7.53,1.166
83043,7697,6.88,0.83
83045,45276,7.57,1.135
83047,45591,7.09,1.084
83049,46280,7.34,1.058
83051,46971,7.29,1.141
83053,46977,4.54,0.781
83055,47165,7.2,0.3
83057,47293,6.99,0.386
83059,47801,7.71,1.568
83061,42760,6.95,0.012
83063,43014,7.34,0.03
83065,43131,7.51,0.415
83067,43451,7.44,1.555
83069,43489,7.12,1.631
83071,44052,7.08,1.217
83073,44104,7.82,0.996
83075,44499,7.09,0.319
83077,44932,7.57,0.494
83079,45084,7.02,1.025
83081,45306,6.52,0.962
83083,45461,5.93,0.179
83085,38109,7.17,1.427
83087,39117,5.37,1.424
83089,40549,7.63,0.486
83091,40793,5.55,0.902
83093,40889,6.0,1.537
83095,41011,6.4,1.022
83097,41809,7.71,1.2
83099,41842,7.42,1.566
83101,42103,7.5,1.031
83103,42249,6.31,0.308
83105,42484,6.16,1.017
83107,33563,7.86,0.453
83109,34085,7.15,0.594
83111,34101,6.99,0.943
83113,34296,7.76,1.22
83115,35690,6.96,0.031
83117,35771,7.76,0.475
83119,36025,7.23,1.232
83121,36100,7.51,0.112
83123,36159,7.39,0.069
83125,36504,7.79,0.896
83127,36555,7.31,1.054
83129,36978,7.72,1.655
83131,37252,7.76,0.485
83133,37538,7.26,0.892
83135,37777,8.0,1.513
83137,38097,7.78,1.011
83139,28831,6.28,1.512
83141,29503,7.47,0.953
83143,29670,7.81,0.554
83145,30740,7.74,1.019
83147,30825,7.95,0.917
83149,30921,7.95,1.323
83151,31231,6.61,1.266
83153,31263,7.11,0.02
83155,31584,7.58,0.08
83157,31783,7.76,0.505
83159,31940,5.75,1.488
83161,32293,7.15,0.915
83163,32647,7.98,1.297
83165,32982,7.78,0.146
83167,33156,7.72,0.461
83169,33694,4.55,1.365
83171,22769,7.99,0.256
83173,23318,7.71,0.56
83175,24027,7.72,1.061
83177,24036,7.28,0.066
83179,24440,6.36,-0.011
83181,24760,7.42,1.072
83183,24969,7.96,0.321
83185,25416,6.68,1.043
83187,25653,6.72,0.377
83189,25714,6.53,0.181
83191,26115,7.74,0.06
83193,26486,7.73,0.48
83195,27576,7.62,0.531
83197,18118,8.0,1.198
83199,19017,7.89,1.064
83201,19145,7.76,0.39
83203,19237,7.22,0.531
83205,19243,6.8,0.966
83207,20173,7.45,0.126
83209,20330,6.74,-0.043
83211,21165,7.83,0.63
83213,21764,7.66,0.515
83215,22152,6.46,0.512
83217,22361,5.96,0.283
83219,22703,7.1,0.74
83221,14862,4.85,0.035
83223,14947,7.78,0.299
83225,15009,7.3,0.578
83227,15073,6.84,1.845
83229,15135,6.57,1.465
83231,15516,7.35,0.07
83233,15615,6.87,1.297
83235,15843,6.93,0.451
83237,15983,7.06,1.325
83239,16297,7.95,0.171
83241,16725,6.56,0.024
83243,16997,7.49,1.03
83245,17056,6.25,0.973
83247,17064,7.89,1.642
83249,17523,6.71,1.004
83251,17849,7.78,1.045
83253,18232,7.76,1.045
83255,18451,6.75,1.513
83257,19222,6.49,0.977
83259,12273,5.17,0.896
83261,12592,7.01,1.213
83263,13115,7.97,0.669
83265,13221,7.85,0.24
83267,13428,7.21,1.085
83269,13621,6.58,1.199
83271,13677,7.66,0.631
83273,13853,7.74,1.112
83275,14369,7.51,0.078
83277,14511,7.76,1.132
83279,14618,7.91,0.35
83281,14944,7.64,0.629
83283,15754,7.59,0.309
83285,15796,7.95,0.412
83287,15959,7.62,0.069
83289,16048,7.13,0.232
83291,16319,6.37,1.772
83293,11120,7.76,0.58
83295,11894,7.88,0.058
83297,11930,6.55,1.245
83299,12567,7.61,0.02
83301,41119,7.07,1.438
83303,41304,7.74,1.278
83305,41451,5.51,-0.024
83307,41740,7.7,0.199
83309,42206,6.87,-0.061
83311,42425,5.19,0.013
83313,43604,7.44,0.007
83315,36943,7.16,0.94
83317,37403,7.05,1.022
83319,37504,3.93,1.033
83321,37598,7.28,1.537
83323,37631,7.85,0.602
83325,37720,6.16,-0.032
83327,37924,7.57,0.438
83329,38299,7.86,0.322
83331,38765,7.94,0.569
83333,39041,6.33,0.128
83335,39242,7.71,0.595
83337,39406,6.76,-0.072
83339,39451,7.22,0.061
83341,39596,7.81,1.281
83343,39899,7.11,1.581
83345,40173,7.89,0.46
83347,40817,5.33,-0.063
83349,40834,5.63,-0.099
83351,33788,7.97,0.412
83353,33813,7.8,1.157
83355,34212,7.67,0.536
83357,35243,7.08,0.435
83359,35809,6.75,1.076
83361,35946,6.49,0.12
83363,28568,7.77,1.663
83365,29271,5.08,0.714
83367,29307,7.64,0.166
83369,29427,7.33,0.953
83371,29635,6.61,-0.038
83373,29942,7.76,0.065
83375,29999,7.98,1.663
83377,30209,8.0,0.546
83379,31229,7.93,0.243
83381,31242,7.65,1.137
83383,31977,6.5,1.11
83385,32081,7.68,1.252
83387,32222,6.36,0.96
83389,33072,7.64,0.525
83391,24507,6.49,0.15
83393,24656,7.57,1.147
83395,24737,7.49,1.533
83397,25107,6.86,1.448
83399,25133,7.52,0.224
83401,25270,7.76,0.948
83403,25451,7.36,1.115
83405,25721,7.86,0.926
83407,26169,5.79,1.717
83409,26336,7.95,1.05
83411,26352,7.93,0.946
83413,26380,6.69,0.584
83415,27369,6.54,1.073
83417,27983,7.69,0.908
83419,27991,7.72,1.129
83421,20766,7.71,0.8
83423,21300,6.8,0.919
83425,21315,7.0,0.214
83427,21513,7.78,1.251
83429,21523,7.78,1.353
83431,21731,7.76,0.747
83433,21949,5.53,-0.114
83435,22622,7.92,0.635
83437,22717,6.28,0.521
83439,22736,7.32,0.237
83441,23335,6.9,-0.026
83443,23467,5.3,0.996
83445,23737,6.26,0.01
83447,24062,7.97,1.036
83449,17543,6.26,-0.123
83451,17802,7.33,1.08
83453,18729,6.6,0.08
83455,19128,7.45,0.36
83457,19693,7.43,0.515
83459,19704,6.99,0.324
83461,19957,7.13,0.96
83463,19963,7.58,0.951
83465,20248,7.92,1.208
83467,15120,7.24,0.97
83469,17486,7.42,0.633
83471,17515,7.57,0.595
83473,17720,7.44,0.237
83475,46786,7.14,0.054
83477,47309,7.59,-0.028
83479,47379,7.61,-0.005
83481,47391,4.51,-0.07
83483,47854,3.69,1.01
83485,44590,7.61,1.436
83487,45101,3.96,-0.18
83489,45320,7.91,0.659
83491,45340,7.04,1.068
83493,45541,7.42,0.0
83495,45647,7.5,1.219
83497,45817,6.91,-0.088
83499,45856,4.79,0.926
83501,46101,5.99,1.06
83503,46173,7.43,0.115
83505,46208,6.91,0.299
83507,46225,5.77,0.137
83509,46328,6.05,0.147
83511,46482,5.91,1.102
83513,46546,6.54,0.109
83515,46806,7.43,0.906
83517,46985,7.41,-0.031
83519,47301,6.69,-0.007
83521,47400,7.75,-0.021
83523,47422,6.4,-0.084
83525,42613,6.71,-0.088
83527,42895,6.03,0.217
83529,42907,7.63,1.198
83531,43231,7.1,1.151
83533,43414,5.34,0.423
83535,43803,7.83,1.088
83537,43979,7.55,1.018
83539,44081,6.9,1.073
83541,44099,6.93,-0.06
83543,44177,7.53,-0.024
83545,44283,5.89,1.634
83547,44297,7.2,1.566
83549,44382,4.0,0.145
83551,44485,7.42,0.051
83553,44665,6.37,1.361
83555,45016,7.3,0.443
83557,45155,7.24,0.402
83559,45202,7.88,0.091
83561,45615,6.14,1.254
83563,39794,4.35,-0.113
83565,39897,7.22,-0.1
83567,40396,7.73,0.058
83569,40864,7.07,1.148
83571,41577,8.0,0.298
83573,41667,7.28,0.023
83575,41773,7.74,0.343
83577,42442,6.99,-0.122
83579,42557,7.91,1.15
83581,42850,6.33,1.501
83583,39455,6.84,0.95
83585,14547,6.12,1.011
83587,15614,7.03,0.294
83589,15840,6.14,0.482
83591,15968,5.96,0.415
83593,16540,7.48,0.521
83595,16857,7.8,0.981
83597,12391,7.11,1.289
83599,12418,7.5,0.543
83601,12717,6.23,0.542
83603,12876,4.83,0.058
83605,12988,7.68,0.559
83607,13274,6.57,1.007
83609,13392,7.94,1.216
83611,13429,6.47,1.008
83613,13511,7.23,0.455
83615,13884,4.98,0.126
83617,14333,7.85,0.511
83619,14540,7.86,0.405
83621,14745,7.94,0.026
83623,15353,6.03,0.133
83625,15441,7.41,0.519
83627,10621,7.78,0.515
83629,11224,7.67,1.569
83631,11354,7.92,1.026
83633,11479,6.35,-0.025
83635,11697,7.17,0.144
83637,11701,7.89,0.945
83639,11900,6.79,-0.048
83641,12310,7.95,1.578
83643,12389,6.55,-0.073
83645,12404,7.55,1.082
83647,12431,7.95,1.28
83649,12726,7.44,0.588
83651,12871,5.73,0.932
83653,12900,7.19,1.44
83655,13141,5.25,0.101
83657,13333,6.58,1.226
83659,13387,6.03,1.249
83661,13537,6.56,1.396
83663,13568,6.78,1.018
83665,10127,7.82,1.633
83667,10834,7.73,0.501
83669,10927,7.68,1.103
83671,49468,7.86,-0.07
83673,49566,7.6,0.08
83675,49957,7.36,0.004
83677,50031,7.89,1.33
83679,50135,7.49,-0.095
83681,50179,7.73,1.05
83683,50232,6.16,-0.155
83685,47498,5.8,1.083
83687,47700,7.73,-0.109
83689,47736,7.93,0.471
83691,47826,7.01,1.114
83693,47893,6.47,-0.108
83695,48028,7.69,-0.02
83697,48119,6.05,0.937
83699,48120,7.44,1.726
83701,48376,7.34,0.546
83703,48449,7.95,-0.078
83705,48469,6.5,-0.145
83707,48589,6.64,-0.173
83709,48643,6.74,-0.119
83711,48669,7.64,-0.082
83713,48679,7.24,-0.074
83715,48758,7.9,0.173
83717,48761,7.51,-0.029
83719,48774,3.52,-0.067
83721,48827,7.69,0.22
83723,48956,7.11,-0.031
83725,49039,7.96,0.515
83727,49045,7.86,1.57
83729,49052,6.5,0.979
83731,49092,6.42,-0.013
83733,49156,7.9,-0.034
83735,49160,6.2,1.108
83737,49171,7.76,1.17
83739,49205,7.46,1.064
83741,49393,6.86,0.37
83743,49397,7.99,1.58
83745,49675,7.46,1.381
83747,49697,7.97,1.053
83749,49790,7.91,0.97
83751,50026,7.97,0.022
83753,45905,7.38,0.1
83755,46825,7.38,0.574
83757,46912,6.99,1.137
83759,46974,4.08,-0.013
83761,47128,7.67,1.118
83763,47227,6.91,0.265
83765,47263,7.49,0.722
83767,47320,7.34,0.098
83769,47370,7.65,-0.076
83771,47479,5.3,0.195
83773,47676,7.59,-0.06
83775,47751,7.62,-0.019
83777,47850,7.51,0.918
83779,47913,6.22,0.461
83781,47920,7.75,1.269
83783,47926,7.29,1.087
83785,47962,6.86,-0.021
83787,48127,7.49,0.946
83789,48222,7.55,-0.089
83791,48260,7.95,1.079
83793,48281,7.16,0.011
83795,48339,5.79,1.354
83797,48377,7.25,0.95
83799,48626,7.66,0.931
83801,9885,7.51,0.534
83803,9902,7.5,0.544
83805,10200,7.24,1.349
83807,10899,7.71,1.121
83809,11044,7.47,0.309
83811,11258,5.36,0.395
83813,11919,6.73,0.441
83815,12047,7.98,1.044
83817,8870,7.34,1.496
83819,9051,7.53,0.455
83821,9362,6.51,0.97
83823,9679,7.7,0.151
83825,9685,6.45,0.386
83827,9825,7.02,1.032
83829,9923,7.88,1.181
83831,9961,7.6,1.1
83833,8009,7.98,0.367
83835,8541,7.88,1.075
83837,8985,6.72,0.17
83839,49714,7.99,0.455
83841,49909,7.87,-0.097
83843,49940,7.93,-0.112
83845,50062,7.9,1.19
83847,50248,7.79,-0.103
83849,50263,7.0,1.029
83851,50332,6.2,1.435
83853,50463,7.84,0.298
83855,50494,7.87,1.632
83857,50519,6.89,-0.143
83859,50575,6.88,0.439
83861,50717,7.88,-0.031
83863,50775,7.9,0.334
83865,50780,7.56,-0.139
83867,50825,7.92,-0.088
83869,50861,7.19,0.375
83871,50883,7.91,0.501
83873,51001,6.78,0.436
83875,51245,6.1,1.506
83877,51322,7.78,-0.015
83879,48697,7.81,0.085
83881,48720,6.8,-0.088
83883,48799,6.13,-0.115
83885,49137,6.2,-0.137
83887,49203,7.68,-0.054
83889,49351,6.99,0.098
83891,49380,7.41,1.319
83893,49394,6.23,-0.054
83895,49477,6.5,0.997
83897,49537,7.09,-0.032
83899,49568,7.89,0.415
83901,49611,7.01,2.276
83903,49712,4.85,-0.12
83905,49743,7.95,0.078
83907,49994,6.16,1.168
83909,50070,5.27,0.257
83911,50078,5.78,0.136
83913,50101,7.65,0.056
83915,50171,7.4,-0.145
83917,50253,7.98,-0.043
83919,50259,7.73,1.106
83921,50262,7.82,0.921
83923,50269,7.95,0.114
83925,50471,7.59,1.429
83927,50598,7.21,0.153
83929,7978,5.52,0.551
83931,8241,5.04,0.031
83933,8440,7.58,0.972
83935,8602,7.42,1.395
83937,8762,7.86,1.671
83939,8787,7.91,1.184
83941,9007,3.69,0.844
83943,9085,6.1,0.487
83945,9114,7.88,0.571
83947,9261,7.91,1.0
83949,9571,7.28,0.187
83951,7083,3.93,0.972
83953,7183,7.78,0.641
83955,7189,6.27,0.462
83957,7275,7.85,1.029
83959,7514,6.85,0.937
83961,7702,7.29,0.092
83963,7778,7.05,1.615
83965,7911,6.63,0.127
83967,8079,7.99,1.286
83969,8139,7.69,1.047
83971,8240,5.49,1.615
83973,8445,7.64,-0.048
83975,8593,5.94,0.154
83977,8692,7.83,1.215
83979,50550,7.94,0.014
83981,50712,8.0,0.042
83983,50912,7.63,0.038
83985,50937,7.56,0.385
83987,51078,7.51,0.643
83989,51217,7.1,0.896
83991,51226,7.33,1.127
83993,51276,7.62,0.025
83995,51294,6.68,0.068
83997,51486,6.84,0.861
83999,51548,7.22,-0.144
84001,51560,6.04,-0.096
84003,51561,5.76,-0.194
84005,51610,5.91,0.92
84007,51621,7.8,0.995
84009,51635,5.02,1.045
84011,51688,7.09,-0.092
84013,51805,7.51,0.392
84015,51816,6.09,0.94
84017,51998,7.18,0.366
84019,49720,6.76,0.314
84021,49823,6.82,0.886
84023,50047,7.21,1.545
84025,50243,7.72,0.943
84027,50391,6.48,0.329
84029,50415,7.41,1.664
84031,50574,6.7,0.122
84033,50609,5.66,1.667
84035,50664,6.64,1.576
84037,50804,7.38,0.116
84039,51130,6.56,0.295
84041,51236,7.36,0.469
84043,7537,7.92,0.508
84045,7591,7.58,1.0
84047,7628,7.28,0.342
84049,8552,6.14,0.998
84051,6418,7.03,0.34
84053,6584,7.76,1.472
84055,6595,6.26,1.122
84057,6799,6.96,1.485
84059,6806,7.71,0.085
84061,6952,6.25,1.658
84063,7099,7.86,0.4
84065,7115,6.17,0.066
84067,7254,7.83,0.815
84069,7327,6.92,0.891
84071,7610,6.97,1.163
84073,50873,7.24,1.397
84075,51104,6.8,0.972
84077,51227,7.46,0.485
84079,51357,7.52,-0.006
84081,51450,7.47,0.838
84083,51541,7.86,1.419
84085,51636,7.88,0.026
84087,51686,6.68,0.918
84089,51765,7.56,1.342
84091,51821,5.5,3.015
84093,51963,7.01,1.212
84095,52054,7.77,1.187
84097,52109,7.57,0.287
84099,52112,6.1,0.661
84101,52352,7.45,0.444
84103,52472,7.03,0.641
84105,50666,7.32,-0.027
84107,50799,4.82,1.095
84109,50903,6.24,0.884
84111,51014,6.18,1.006
84113,51077,6.13,1.129
84115,51173,7.1,0.103
84117,51379,6.81,1.583
84119,51412,7.55,-0.147
84121,51512,7.35,-0.04
84123,6867,3.41,1.542
84125,7649,6.67,0.33
84127,6206,7.65,0.622
84129,6511,7.7,0.553
84131,6515,7.21,1.122
84133,6592,5.42,1.03
84135,6634,7.55,1.0
84137,6735,7.65,1.368
84139,6760,6.67,1.349
84141,7424,7.99,1.58
84143,7443,6.43,0.415
84145,51530,7.24,1.117
84147,52022,7.0,0.004
84149,52151,6.69,0.908
84151,52273,6.36,0.917
84153,52324,6.82,0.051
84155,52435,7.5,0.98
84157,52550,6.69,0.519
84159,52567,7.86,0.318
84161,52606,7.69,0.043
84163,52635,7.66,0.985
84165,51333,7.23,0.873
84167,51739,6.9,0.023
84169,51761,7.6,1.091
84171,51838,7.13,0.215
84173,52156,7.86,0.069
84175,52188,7.51,1.477
84177,52548,7.67,0.662
84179,5960,7.88,1.416
84181,6393,6.71,0.264
84183,6457,7.33,1.64
84185,6877,7.83,1.299
84187,6899,7.46,1.62
84189,7087,7.96,1.6
84191,5665,6.97,1.05
84193,5675,7.83,0.104
84195,6021,7.74,1.406
84197,6182,7.84,0.485
84199,6257,7.45,0.045
84201,6426,7.55,1.052
84203,6440,6.71,0.99
84205,52888,7.48,0.596
84207,52894,7.32,1.011
84209,51629,8.0,1.107
84211,51777,7.37,0.443
84213,51937,7.13,0.089
84215,51977,6.77,1.367
84217,52199,7.27,1.3
84219,52384,7.7,0.407
84221,52407,5.63,0.006
84223,52447,6.55,1.073
84225,52453,7.16,0.0
84227,52789,6.97,1.626
84229,52841,5.87,0.028
84231,5739,7.77,1.073
84233,6082,7.74,0.26
84235,6095,7.67,0.997
84237,6358,7.01,1.226
84239,6477,6.8,1.524
84241,6479,7.91,0.983
84243,6502,5.84,1.612
84245,6551,6.85,0.569
84247,6591,6.69,0.999
84249,6759,6.57,2.45
84251,5636,6.54,0.468
84253,51936,6.83,0.066
84255,52266,7.99,1.076
84257,52344,7.36,0.136
84259,52462,7.72,0.873
84261,52576,7.67,1.398
84263,52680,7.26,1.325
84265,52721,6.7,1.038
84267,52726,7.55,1.512
84269,52828,7.88,0.536
84271,52883,6.94,0.233
84273,52910,7.41,0.407
84275,52939,7.86,0.559
84277,53099,7.96,0.546
84279,53294,7.5,-0.067
84281,5287,7.97,1.077
84283,5472,7.34,1.131
84285,6116,7.89,1.027
84287,6267,7.39,1.077
84289,53087,7.84,0.718
84291,53515,7.69,1.65
84293,52145,7.19,0.456
84295,52414,6.79,0.911
84297,52417,7.92,0.432
84299,52536,6.63,1.28
84301,52615,7.27,1.049
84303,52665,7.69,0.236
84305,52728,7.36,1.512
84307,5256,7.48,1.185
84309,5259,6.36,0.238
84311,5907,7.15,0.312
84313,6100,7.93,0.807
84315,6108,7.3,0.264
84317,5170,6.12,1.076
84319,5227,7.77,0.856
84321,52379,7.7,0.273
84323,52698,7.17,1.18
84325,52704,7.44,1.152
84327,52814,7.98,0.343
84329,53037,6.56,0.092
84331,53085,7.0,2.6
84333,53217,7.02,0.645
84335,53252,5.23,0.48
84337,53329,7.92,0.224
84339,53387,6.45,1.098
84341,4855,7.91,0.799
84343,5068,7.5,0.488
84345,5291,7.93,0.775
84347,5539,7.15,1.496
84349,5651,7.63,0.471
84351,52649,7.97,0.637
84353,52693,7.41,0.028
84355,52737,5.44,0.112
84357,52743,7.24,0.092
84359,52792,7.67,0.503
84361,52795,6.67,-0.019
84363,52804,6.96,1.112
84365,52943,3.11,1.232
84367,52990,7.53,0.615
84369,53022,7.47,0.465
84371,53172,7.76,0.579
84373,53178,7.52,1.554
84375,53206,7.13,0.679
84377,53259,6.34,1.176
84379,53429,7.5,0.419
84381,53509,7.89,0.635
84383,53511,7.92,0.909
84385,53723,5.88,1.6
84387,4801,6.47,1.184
84389,5219,7.17,1.002
84391,5498,7.63,0.924
84393,5840,7.34,0.473
84395,53145,7.55,0.337
84397,53186,7.63,0.557
84399,53392,7.68,1.018
84401,53786,7.99,1.2
84403,52688,7.26,0.02
84405,52780,7.92,0.62
84407,53290,7.38,0.364
84409,53316,5.65,0.832
84411,53778,5.86,1.501
84413,5080,7.3,1.078
84415,5104,7.65,0.785
84417,5328,7.62,1.227
84419,5442,7.57,0.173
84421,5559,7.1,1.494
84423,5578,7.48,0.589
84425,5625,7.38,1.09
84427,5764,6.88,0.312
84429,4707,7.77,1.391
84431,5169,6.84,1.0
84433,52884,7.07,0.915
84435,52948,5.85,1.074
84437,52968,7.99,0.891
84439,52979,7.5,1.021
84441,52980,5.8,0.156
84443,53364,7.99,0.085
84445,53474,7.38,1.286
84447,53705,7.25,-0.015
84449,53794,7.53,0.124
84451,4657,7.41,1.179
84453,4736,7.4,0.221
84455,4842,7.79,1.357
84457,5121,6.09,1.012
84459,5164,5.58,0.009
84461,5197,7.59,0.106
84463,5296,5.71,0.446
84465,5364,3.46,1.161
84467,5396,7.7,1.069
84469,5485,6.4,1.029
84471,5590,7.91,1.0
84473,5644,7.74,0.687
84475,52899,7.59,0.962
84477,52913,6.61,0.211
84479,53055,7.16,1.29
84481,53196,7.18,0.56
84483,53197,7.98,1.115
84485,53672,7.97,1.465
84487,4592,6.57,1.136
84489,4648,7.69,1.004
84491,4747,7.34,0.547
84493,4796,7.22,1.618
84495,4914,5.4,1.106
84497,5294,7.71,1.329
84499,5356,7.88,0.366
84501,5384,7.96,0.99
84503,5504,7.66,0.201
84505,5524,7.32,0.391
84507,5666,6.59,0.934
84509,52863,5.92,1.608
84511,53035,5.95,1.475
84513,53167,6.31,1.503
84515,53240,6.12,0.913
84517,53273,5.45,0.966
84519,53454,7.51,0.401
84521,53501,7.92,0.308
84523,53532,6.88,0.421
84525,53668,7.67,0.974
84527,53765,7.27,0.563
84529,53907,4.73,1.593
84531,4609,7.53,1.618
84533,4619,7.65,0.513
84535,4676,7.35,0.46
84537,4726,6.85,1.6
84539,5253,7.02,0.56
84541,5594,5.93,1.403
84543,52919,7.65,0.183
84545,53047,7.66,1.162
84547,53141,6.37,0.087
84549,53187,7.37,1.565
84551,53423,5.91,0.425
84553,53460,6.66,1.348
84555,53666,7.92,0.944
84557,53857,7.28,0.124
84559,4529,7.89,1.475
84561,4624,7.66,1.437
84563,4677,7.62,1.503
84565,4825,7.6,0.492
84567,4945,7.96,1.591
84569,4979,6.06,0.271
84571,5060,7.21,1.195
84573,5166,7.31,1.345
84575,5315,6.44,0.847
84577,5510,5.97,1.491
84579,5646,6.55,0.454
84581,52763,7.13,0.171
84583,53026,7.2,0.14
84585,53212,7.75,0.67
84587,53362,7.38,0.797
84589,53449,5.91,1.256
84591,53485,7.79,0.212
84593,53807,4.84,1.144
84595,53814,7.75,0.171
84597,53824,4.98,0.166
84599,4557,8.0,0.271
84601,4582,7.57,0.503
84603,4655,6.14,1.654
84605,4737,7.74,0.543
84607,4968,7.74,0.337
84609,4978,7.07,0.094
84611,5073,7.93,0.543
84613,5074,6.03,1.525
84615,5133,7.3,1.131
84617,5141,6.35,0.383
84619,5144,7.26,0.484
84621,5346,5.51,0.334
84623,52893,7.42,0.243
84625,53049,7.85,0.488
84627,53056,7.6,1.104
84629,53486,7.37,0.92
84631,53619,7.61,1.239
84633,53727,7.24,0.255
84635,52911,5.32,0.035
84637,5575,6.49,0.891
84639,5732,7.83,1.341
84641,4778,7.53,1.57
84643,4804,7.75,0.86
84645,4806,7.83,0.954
84647,4832,7.55,1.088
84649,4858,7.08,0.287
84651,4878,6.83,0.498
84653,4891,7.83,-0.018
84655,4906,4.27,0.952
84657,5103,7.92,1.134
84659,5209,6.93,0.301
84661,5216,7.7,0.314
84663,5231,7.97,0.216
84665,5344,6.71,1.661
84667,5387,7.31,-0.058
84669,5534,7.23,0.568
84671,53737,6.53,0.443
84673,52683,6.9,0.132
84675,52689,5.49,0.908
84677,53039,6.85,1.205
84679,53097,7.8,0.994
84681,53233,7.72,1.141
84683,53315,7.53,0.94
84685,5204,6.14,0.962
84687,5207,7.22,0.448
84689,5417,7.94,0.378
84691,5631,6.89,0.494
84693,5685,7.86,0.578
84695,4775,7.87,0.558
84697,5244,7.22,0.334
84699,52718,7.59,1.29
84701,52926,7.1,1.0
84703,53439,7.25,0.942
84705,53577,7.89,0.412
84707,53710,8.0,1.341
84709,5075,7.2,1.673
84711,5081,5.64,0.42
84713,5309,7.69,0.387
84715,5483,6.07,1.535
84717,5557,7.96,0.96
84719,5778,5.97,-0.082
84721,5909,7.71,0.121
84723,52484,6.51,1.31
84725,52513,6.27,0.196
84727,52686,5.5,1.134
84729,53537,7.94,0.624
84731,4785,7.87,0.982
84733,4938,7.69,1.143
84735,5071,7.7,1.084
84737,5091,7.44,1.567
84739,5131,5.33,0.003
84741,5132,5.55,-0.048
84743,5199,7.97,0.515
84745,5248,6.99,0.96
84747,5310,5.56,0.121
84749,5335,7.61,0.71
84751,5454,5.57,0.697
84753,5571,4.66,1.024
84755,5800,7.97,1.0
84757,5878,6.99,0.086
84759,5906,7.24,1.013
84761,5977,7.03,0.415
84763,52759,7.73,0.368
84765,53005,6.59,0.333
84767,53414,7.54,0.919
84769,53472,6.17,1.549
84771,53476,7.32,0.932
84773,52270,7.63,1.3
84775,52457,5.08,0.042
84777,52998,7.56,0.536
84779,53355,6.19,0.291
84781,53417,4.3,0.016
84783,5444,6.65,0.342
84785,5494,5.81,1.466
84787,5640,7.59,0.36
84789,5718,7.83,1.413
84791,5742,4.67,1.047
84793,5914,6.76,2.608
84795,5942,6.69,0.046
84797,5213,7.95,1.067
84799,5430,7.55,0.413
84801,5588,7.57,0.338
84803,52240,7.11,0.063
84805,52330,7.69,1.492
84807,52422,5.51,0.16
84809,52442,7.81,0.37
84811,52770,7.19,1.568
84813,52882,6.15,1.144
84815,52959,6.05,0.399
84817,53195,7.48,0.437
84819,53262,7.04,1.568
84821,5339,6.86,0.371
84823,5717,6.74,0.993
84825,5722,7.8,1.205
84827,5744,7.62,1.56
84829,5772,6.33,1.684
84831,5994,7.84,0.501
84833,6193,4.74,0.032
84835,6315,5.23,1.396
84837,52638,5.36,-0.05
84839,52645,7.64,1.234
84841,51840,7.88,0.451
84843,52032,6.42,1.364
84845,52098,4.68,0.823
84847,52366,6.02,1.617
84849,52530,7.71,0.281
84851,52632,7.42,0.451
84853,53002,7.54,0.377
84855,5543,7.86,0.967
84857,5671,7.0,0.039
84859,5682,7.41,0.551
84861,5694,6.73,-0.144
84863,5936,6.04,1.163
84865,6025,6.36,1.132
84867,6127,7.61,0.224
84869,6145,7.6,0.347
84871,6400,7.3,1.005
84873,6453,7.45,1.715
84875,6467,7.62,1.641
84877,5379,7.62,0.244
84879,5544,5.15,0.261
84881,5586,4.51,1.092
84883,5679,6.24,0.98
84885,5795,7.36,0.002
84887,51685,5.57,0.029
84889,51914,6.29,0.436
84891,51457,6.85,0.324
84893,52139,5.84,0.595
84895,52197,7.59,0.99
84897,52223,7.74,1.339
84899,5982,7.92,0.967
84901,6140,6.44,0.233
84903,6309,7.83,0.661
84905,6514,5.6,0.276
84907,6568,7.28,0.059
84909,6620,7.72,0.199
84911,6683,7.62,0.508
84913,6752,7.52,0.549
84915,6872,7.51,-0.093
84917,6925,7.14,1.209
84919,7157,7.33,0.933
84921,5660,7.88,1.11
84923,5765,7.05,0.584
84925,5891,7.63,0.781
84927,5966,7.79,0.421
84929,6208,7.53,1.503
84931,6255,7.83,1.253
84933,6480,6.8,0.031
84935,6512,6.28,0.829
84937,6597,7.86,1.02
84939,6636,7.66,1.07
84941,6702,6.34,0.5
84943,6776,6.27,0.453
84945,50946,7.66,1.125
84947,51065,7.23,1.367
84949,51200,6.0,0.166
84951,51206,7.73,0.425
84953,51222,7.06,1.026
84955,51414,7.01,0.622
84957,51420,5.79,0.087
84959,51497,7.38,1.132
84961,51651,7.19,1.029
84963,51658,4.72,0.222
84965,51813,6.94,1.51
84967,51820,7.78,1.03
84969,52195,7.88,1.154
84971,52253,7.97,0.412
84973,52264,7.95,1.056
84975,50687,6.77,0.033
84977,50786,5.73,0.531
84979,50801,3.06,1.603
84981,50818,7.48,0.355
84983,6314,7.56,0.993
84985,6560,6.69,0.035
84987,6864,7.7,1.198
84989,6878,6.66,0.505
84991,6943,7.18,0.453
84993,7513,4.1,0.536
84995,7825,5.63,0.214
84997,6010,6.69,0.023
84999,6144,7.46,1.061
85001,6241,6.95,0.352
85003,6578,7.85,1.01
85005,6709,7.23,0.261
85007,6782,7.9,0.483
85009,6794,6.42,0.311
85011,6823,6.59,-0.03
85013,7064,7.58,-0.057
85015,7095,7.25,-0.062
85017,7262,7.43,0.34
85019,7444,6.39,1.122
85021,50315,7.69,0.358
85023,50318,7.25,0.52
85025,50505,6.66,0.653
85027,50766,7.56,0.473
85029,51261,7.59,0.577
85031,51290,6.37,1.33
85033,51403,7.55,0.257
85035,51531,7.28,1.47
85037,51603,7.36,0.213
85039,51846,7.22,1.06
85041,50245,7.74,0.695
85043,50310,7.91,1.514
85045,50366,7.3,0.49
85047,50509,6.42,1.19
85049,50546,6.0,1.022
85051,50742,7.59,0.615
85053,6850,7.53,0.131
85055,7457,7.07,-0.051
85057,7483,7.38,0.939
85059,7511,7.42,0.407
85061,7551,7.86,0.059
85063,7589,6.77,0.471
85065,7988,7.69,-0.011
85067,8034,6.82,1.874
85069,8108,7.01,0.027
85071,8127,6.32,1.419
85073,8213,7.99,1.112
85075,8475,6.01,0.17
85077,6401,6.69,-0.131
85079,6682,7.25,1.009
85081,6711,5.98,0.52
85083,6733,6.9,0.387
85085,6745,7.55,-0.07
85087,6813,4.83,0.421
85089,6858,6.65,-0.06
85091,6887,7.72,1.175
85093,6999,5.27,0.999
85095,7067,7.86,0.511
85097,7550,7.81,0.449
85099,7651,6.38,-0.021
85101,7663,7.97,0.376
85103,7668,7.47,1.415
85105,7719,5.01,0.883
85107,7734,6.6,0.69
85109,7944,7.21,0.002
85111,8044,6.33,1.02
85113,49825,7.16,0.413
85115,49908,6.6,1.326
85117,50097,6.63,0.257
85119,50440,7.69,0.486
85121,50513,6.81,0.644
85123,51247,6.75,0.919
85125,51248,6.42,0.61
85127,48735,6.59,1.6
85129,49070,7.59,0.55
85131,49274,7.59,1.108
85133,49363,5.71,0.507
85135,49408,6.31,0.135
85137,49415,7.29,0.956
85139,49437,7.87,0.18
85141,49452,7.84,0.511
85143,49629,7.78,0.11
85145,49727,7.82,0.18
85147,49731,7.85,1.028
85149,50035,7.57,0.645
85151,48402,4.55,0.038
85153,8063,6.66,1.614
85155,8066,6.76,0.433
85157,8357,7.44,-0.059
85159,8565,7.95,1.415
85161,8598,5.96,0.419
85163,8714,5.7,-0.067
85165,8771,6.28,0.05
85167,8877,8.0,0.184
85169,8905,7.96,0.96
85171,8914,6.83,1.583
85173,8934,7.41,1.017
85175,8984,7.26,1.093
85177,9054,7.09,-0.008
85179,9077,7.1,1.477
85181,9203,7.97,0.24
85183,9212,7.6,1.15
85185,9513,7.61,0.168
85187,7057,6.84,1.363
85189,7335,7.97,0.13
85191,7493,6.2,1.237
85193,7536,7.58,0.423
85195,7607,3.59,1.275
85197,7855,7.4,0.634
85199,7919,7.9,0.448
85201,8068,4.01,-0.098
85203,8093,7.43,0.012
85205,8742,7.95,0.398
85207,8826,7.07,1.107
85209,8856,6.87,1.348
85211,47965,5.09,1.594
85213,48193,7.66,1.155
85215,48515,7.96,0.909
85217,48537,7.45,0.798
85219,48802,5.97,0.895
85221,48905,6.72,1.312
85223,48981,7.24,1.224
85225,49005,5.5,1.487
85227,49130,7.94,0.73
85229,49195,7.72,0.491
85231,49246,7.48,0.583
85233,49262,7.68,0.538
85235,49270,7.89,0.797
85237,49382,7.81,1.54
85239,49506,7.24,1.193
85241,46108,7.33,1.403
85243,47043,7.28,0.345
85245,47231,6.41,0.921
85247,47364,7.32,1.641
85249,47496,7.95,0.921
85251,48140,7.0,1.14
85253,48319,3.78,0.291
85255,48563,6.84,1.406
85257,9403,6.72,0.137
85259,9659,7.36,0.555
85261,9726,7.51,0.571
85263,10141,6.66,0.334
85265,10331,7.99,0.261
85267,10354,7.59,1.172
85269,10379,6.43,0.554
85271,10690,7.48,0.249
85273,10855,7.18,1.002
85275,10856,6.94,0.224
85277,10969,7.44,1.209
85279,10995,7.78,2.26
85281,11291,7.79,0.175
85283,11294,7.86,1.205
85285,11295,7.66,0.012
85287,11380,6.97,0.989
85289,11429,7.46,0.409
85291,11878,7.61,0.043
85293,8847,6.44,0.185
85295,8929,6.82,1.151
85297,8950,7.72,0.056
85299,9190,7.92,0.108
85301,9244,7.87,0.214
85303,9305,7.82,0.92
85305,9593,7.8,0.55
85307,9723,6.53,0.303
85309,9817,7.98,0.067
85311,9980,7.85,0.168
85313,9990,5.66,0.595
85315,10139,7.37,1.185
85317,10227,6.38,0.298
85319,10322,7.0,0.651
85321,10541,7.87,0.104
85323,10624,7.39,0.233
85325,10633,6.48,0.281
85327,10641,7.51,0.138
85329,10718,5.75,1.175
85331,10729,5.99,1.039
85333,10805,6.57,0.464
85335,10816,6.65,0.5
85337,8109,7.27,0.601
85339,8643,7.14,-0.054
85341,8675,7.92,0.265
85343,8704,5.53,-0.175
85345,8738,7.93,0.326
85347,9505,4.99,-0.071
85349,48638,6.29,1.036
85351,44625,7.42,1.285
85353,44950,7.72,1.005
85355,45027,7.88,0.241
85357,45075,4.67,0.381
85359,45732,7.81,1.087
85361,45794,7.74,0.766
85363,45840,7.86,0.236
85365,46247,6.24,1.465
85367,46448,7.9,1.429
85369,46733,3.65,0.36
85371,46919,7.86,0.97
85373,47141,7.41,0.315
85375,43094,7.73,1.064
85377,43185,7.82,0.47
85379,43266,6.2,-0.106
85381,43523,7.85,0.999
85383,43903,5.57,0.877
85385,43928,7.36,1.1
85387,44084,7.3,0.241
85389,44390,4.74,1.542
85391,44683,7.08,0.266
85393,44857,5.15,1.514
85395,45038,4.8,0.489
85397,45081,7.71,0.444
85399,45246,7.61,0.396
85401,45279,7.48,0.447
85403,45417,7.27,0.293
85405,40215,5.34,1.037
85407,40902,7.03,1.599
85409,41170,7.1,0.458
85411,41432,7.51,1.051
85413,41676,5.89,0.972
85415,41741,7.15,0.016
85417,41927,6.31,1.36
85419,41948,7.28,1.023
85421,19422,7.7,0.952
85423,15036,7.63,1.06
85425,15317,7.9,0.145
85427,15482,8.0,0.645
85429,15595,7.81,0.443
85431,15602,7.3,0.958
85433,15855,7.74,0.558
85435,16213,7.35,0.505
85437,16249,7.84,0.089
85439,16306,7.99,0.015
85441,16453,7.58,1.274
85443,16459,7.65,0.387
85445,18012,7.11,0.919
85447,18067,6.31,-0.057
85449,13376,7.29,0.153
85451,13437,7.64,0.455
85453,13670,7.66,0.011
85455,13700,6.17,1.994
85457,13728,7.83,0.236
85459,13743,7.44,1.0
85461,13828,6.63,1.137
85463,14393,7.18,1.177
85465,14476,7.92,0.635
85467,15232,6.7,0.049
85469,15277,7.99,0.31
85471,10557,7.04,1.869
85473,10792,7.63,0.189
85475,10919,7.34,1.449
85477,11209,7.63,0.133
85479,11210,7.56,1.557
85481,11460,7.89,1.484
85483,11505,7.78,0.65
85485,11527,7.64,0.208
85487,11725,7.93,1.394
85489,12030,6.93,0.99
85491,12059,7.31,1.211
85493,12081,7.72,0.516
85495,12145,7.47,1.205
85497,12231,7.59,0.533
85499,12239,5.8,1.561
85501,12262,7.51,0.562
85503,12346,6.66,-0.015
85505,12355,7.62,0.11
85507,12432,7.42,0.081
85509,12495,7.7,0.53
85511,12656,7.03,0.39
85513,12793,7.81,0.323
85515,13208,7.46,0.36
85517,13394,6.78,0.574
85519,13608,7.7,0.741
85521,11318,7.0,0.214
85523,11832,7.91,0.43
85525,40620,7.21,1.407
85527,41365,7.33,0.919
85529,42273,7.14,0.928
85531,42779,7.22,1.199
85533,36645,7.24,1.369
85535,36811,7.61,0.244
85537,38018,7.06,0.712
85539,38454,7.47,1.241
85541,38608,7.35,-0.014
85543,38811,7.36,0.386
85545,38857,7.65,0.019
85547,39636,7.43,1.096
85549,39854,7.99,0.796
85551,40015,6.54,0.567
85553,33043,7.51,1.032
85555,33335,7.95,1.65
85557,33607,7.76,1.243
85559,34024,7.15,0.521
85561,34124,7.6,0.927
85563,34513,7.02,1.329
85565,34835,7.8,0.089
85567,34956,6.36,1.119
85569,35157,7.75,0.551
85571,36069,7.6,0.006
85573,36132,7.35,0.323
85575,36142,7.82,0.3
85577,36356,7.81,0.22
85579,37205,7.58,0.472
85581,28842,7.43,0.541
85583,28963,7.4,0.393
85585,29957,7.8,0.471
85587,30153,6.57,1.297
85589,30355,7.86,0.524
85591,30597,7.67,1.668
85593,31575,7.79,0.7
85595,31703,6.26,0.396
85597,31946,5.88,1.223
85599,24254,5.44,-0.108
85601,24260,7.52,-0.016
85603,24664,7.36,0.224
85605,24732,5.81,-0.023
85607,24948,6.57,0.926
85609,25071,7.95,0.512
85611,25322,6.48,1.738
85613,25543,7.25,0.158
85615,25630,6.99,0.037
85617,25838,7.39,1.153
85619,26372,7.01,0.353
85621,26437,7.75,0.617
85623,26638,6.19,1.606
85625,26652,7.94,0.165
85627,26940,6.77,0.329
85629,27246,7.33,0.702
85631,27728,8.0,0.458
85633,20779,7.57,0.126
85635,21142,7.65,1.136
85637,21247,5.94,0.306
85639,21555,7.91,0.172
85641,21587,7.67,0.137
85643,21675,7.85,1.259
85645,22508,6.36,-0.069
85647,23195,7.86,0.149
85649,23442,6.05,1.562
85651,23463,7.52,0.789
85653,23582,6.21,1.609
85655,23617,6.1,0.018
85657,23769,8.0,1.079
85659,17602,6.97,0.965
85661,17854,5.4,0.096
85663,17959,4.59,0.064
85665,18070,7.49,0.238
85667,18438,6.31,0.333
85669,18545,6.63,1.266
85671,18916,7.92,1.108
85673,19377,7.6,0.043
85675,19402,6.76,0.548
85677,19500,7.99,0.947
85679,19730,6.05,1.019
85681,21083,7.76,1.203
85683,15246,7.54,0.097
85685,15534,6.6,-0.01
85687,17347,6.98,0.2
85689,32073,7.58,0.028
85691,32332,6.1,1.335
85693,32396,7.6,1.23
85695,32813,6.8,0.997
85697,32912,5.41,-0.11
85699,33003,7.14,1.352
85701,33273,7.07,-0.028
85703,33990,7.8,0.068
85705,34473,5.68,0.436
85707,34481,3.78,1.006
85709,34706,6.77,1.005
85711,35492,7.87,0.5
85713,35999,7.75,1.2
85715,29363,7.97,0.312
85717,29660,7.31,1.66
85719,29673,6.62,0.562
85721,30038,6.91,0.513
85723,30321,5.56,1.51
85725,30447,7.72,0.446
85727,30565,5.37,0.971
85729,31071,7.38,0.564
85731,31666,7.34,0.518
85733,31991,7.99,1.073
85735,25100,7.43,0.192
85737,27633,7.61,0.47
85739,22998,7.17,0.966
85741,23294,7.59,0.345
85743,20677,7.86,0.65
85745,43487,7.16,0.545
85747,43508,7.62,-0.031
85749,43909,7.2,-0.04
85751,43964,8.0,-0.032
85753,44135,6.93,0.001
85755,44435,7.39,0.393
85757,44608,7.38,1.2
85759,44721,7.54,-0.045
85761,45296,6.99,-0.04
85763,40855,7.95,1.16
85765,40926,6.11,0.93
85767,41321,5.95,0.971
85769,41800,7.45,-0.055
85771,41825,7.42,-0.058
85773,41969,7.72,1.147
85775,42203,7.86,-0.042
85777,42286,5.45,1.013
85779,42381,6.72,1.593
85781,42490,7.95,1.132
85783,42610,7.72,0.053
85785,42819,6.85,-0.111
85787,43106,7.15,0.988
85789,43135,7.61,0.1
85791,43324,7.42,0.465
85793,43327,7.14,1.065
85795,43581,7.92,0.1
85797,43583,7.79,1.363
85799,38902,6.69,1.605
85801,39342,7.18,0.872
85803,39510,7.66,0.216
85805,39642,7.58,0.45
85807,39756,7.64,1.252
85809,39843,6.32,-0.058
85811,39922,7.41,1.064
85813,40547,7.8,-0.022
85815,40556,6.67,-0.07
85817,40680,5.06,1.129
85819,40991,7.52,0.96
85821,41312,3.77,1.132
85823,35464,7.91,1.439
85825,36138,7.78,0.529
85827,36182,7.15,0.407
85829,36735,6.6,0.03
85831,37002,7.56,0.088
85833,37007,6.88,-0.011
85835,37032,7.98,0.664
85837,37117,7.35,1.304
85839,37164,7.36,0.413
85841,37541,7.26,1.014
85843,37695,7.62,1.519
85845,37773,6.37,0.949
85847,37904,7.75,-0.003
85849,38210,5.78,-0.04
85851,32106,6.72,-0.039
85853,33306,6.86,1.134
85855,33682,5.18,1.396
85857,34270,6.47,1.039
85859,34308,7.3,0.943
85861,34386,8.0,-0.085
85863,34683,7.24,1.225
85865,34686,7.17,1.322
85867,34805,7.33,0.737
85869,35228,3.97,0.76
85871,29134,5.06,-0.072
85873,29812,7.49,1.256
85875,29954,7.6,0.45
85877,31012,7.93,-0.071
85879,31123,7.74,0.508
85881,25482,6.02,0.346
85883,26995,7.49,0.969
85885,28026,7.59,1.178
85887,28179,7.98,0.519
85889,22213,7.2,0.568
85891,22372,7.64,0.188
85893,22563,6.81,0.615
85895,23663,7.86,-0.029
85897,24173,7.6,1.542
85899,24671,7.57,0.863
85901,18577,7.84,1.201
85903,18861,7.4,1.457
85905,19956,7.8,1.274
85907,20201,7.77,1.334
85909,20223,7.53,1.527
85911,20529,6.98,0.32
85913,20998,7.68,0.711
85915,16368,5.81,-0.055
85917,16527,7.51,0.375
85919,16661,6.74,0.163
85921,17239,7.78,0.295
85923,17329,7.36,1.397
85925,17440,3.84,1.133
85927,17524,7.36,1.052
85929,17604,7.66,0.367
85931,17748,7.85,0.658
85933,18387,7.77,0.554
85935,18605,7.64,1.547
85937,18738,7.86,0.298
85939,19293,7.85,1.376
85941,14619,6.8,0.343
85943,14709,6.65,0.143
85945,15140,6.62,0.485
85947,15272,7.6,1.101
85949,15330,5.53,0.641
85951,15371,5.24,0.6
85953,15445,7.31,0.175
85955,15568,7.25,0.316
85957,15622,7.91,1.169
85959,15644,7.86,0.533
85961,15719,7.76,0.33
85963,16245,4.71,0.41
85965,16370,6.79,0.534
85967,16484,7.92,1.619
85969,16589,7.41,0.358
85971,16670,7.98,0.355
85973,16682,6.97,0.166
85975,13751,7.28,0.885
85977,13953,7.21,1.529
85979,14283,7.93,0.391
85981,14533,7.04,0.933
85983,14549,7.09,0.732
85985,14571,7.18,1.337
85987,45941,2.47,-0.141
85989,46214,6.9,1.395
85991,46234,7.52,1.114
85993,46296,7.16,-0.101
85995,46322,7.9,1.452
85997,46342,6.86,1.063
85999,46420,7.79,-0.109
86001,46555,7.99,0.099
86003,46839,7.15,0.068
86005,46852,7.97,0.017
86007,47277,7.84,1.143
86009,47397,6.83,-0.126
86011,47495,6.93,-0.11
86013,47559,5.99,-0.119
86015,47625,7.16,0.621
86017,47653,7.96,-0.06
86019,48088,7.37,0.979
86021,44453,7.87,0.134
86023,44565,6.43,0.288
86025,44757,6.61,0.974
86027,44827,6.94,0.928
86029,44845,7.99,0.481
86031,45080,3.43,-0.19
86033,45119,7.57,-0.081
86035,45121,6.59,-0.134
86037,45219,5.54,0.846
86039,45328,5.26,0.98
86041,45372,7.16,-0.109
86043,45418,6.02,-0.101
86045,45429,7.6,1.45
86047,45437,6.32,1.037
86049,45496,4.34,1.602
86051,45531,7.7,0.675
86053,45556,2.21,0.189
86055,45580,7.95,0.609
86057,45654,7.58,0.068
86059,45659,6.78,1.469
86061,45714,6.84,0.161
86063,45726,7.04,0.538
86065,45742,6.28,-0.099
86067,45787,7.73,0.99
86069,45853,7.96,0.384
86071,45911,7.22,0.99
86073,45920,5.61,0.19
86075,45949,7.57,0.752
86077,46014,7.72,0.116
86079,46049,6.3,1.477
86081,46147,7.9,-0.006
86083,46265,7.31,-0.004
86085,46274,7.26,1.326
86087,46333,6.52,-0.08
86089,46388,7.2,0.605
86091,46456,7.41,1.268
86093,46537,7.64,0.206
86095,46553,6.75,1.014
86097,46620,5.88,1.676
86099,46701,3.16,1.538
86101,46765,7.13,-0.018
86103,46847,7.14,-0.056
86105,46889,6.82,0.019
86107,46905,7.95,0.004
86109,43467,7.9,0.001
86111,43611,7.95,-0.018
86113,43669,5.78,-0.088
86115,43783,3.84,-0.104
86117,43875,7.38,1.704
86119,43937,4.93,-0.182
86121,44055,7.84,-0.06
86123,44068,7.64,-0.09
86125,44143,5.17,0.417
86127,44149,7.72,1.004
86129,44256,5.8,1.211
86131,44523,7.8,1.14
86133,44684,7.83,-0.066
86135,44729,7.38,-0.069
86137,44764,7.72,0.094
86139,44787,7.36,0.182
86141,44981,7.93,1.057
86143,45214,6.36,-0.044
86145,45256,7.74,1.004
86147,45311,7.45,0.039
86149,13992,7.67,1.022
86151,14188,7.11,1.409
86153,14229,7.2,1.436
86155,14240,5.12,0.349
86157,14256,7.76,1.278
86159,14321,7.33,1.408
86161,11469,7.45,0.506
86163,11648,6.76,1.591
86165,12372,7.59,1.049
86167,12401,7.62,0.946
86169,12405,7.68,0.281
86171,12433,7.85,1.523
86173,12494,7.87,0.616
86175,12566,7.08,1.351
86177,13295,7.26,1.526
86179,10852,7.97,1.134
86181,10871,5.81,1.57
86183,10897,7.61,1.536
86185,10907,6.69,0.948
86187,11145,7.8,0.122
86189,11160,7.02,0.506
86191,11186,7.73,1.241
86193,12345,7.64,0.38
86195,12484,5.21,0.411
86197,49201,7.58,-0.123
86199,46950,5.01,-0.18
86201,47225,6.97,0.584
86203,47694,6.15,-0.098
86205,47747,7.72,-0.116
86207,47824,7.45,0.99
86209,47839,7.92,0.53
86211,47869,7.51,0.463
86213,48054,6.52,0.127
86215,48133,7.91,0.894
86217,48199,7.58,-0.11
86219,48241,7.65,0.496
86221,48249,7.7,0.493
86223,48440,7.49,-0.131
86225,48527,5.95,-0.152
86227,48613,5.71,0.006
86229,48730,6.39,-0.162
86231,48755,7.91,-0.095
86233,48800,7.25,-0.017
86235,49076,6.91,-0.148
86237,46017,6.81,1.036
86239,46236,6.98,0.507
86241,46283,5.09,-0.102
86243,46421,6.74,0.443
86245,46518,7.25,-0.062
86247,46715,7.9,0.035
86249,46789,7.68,-0.077
86251,47000,7.35,0.429
86253,47088,7.96,-0.085
86255,47131,7.53,1.635
86257,47172,6.18,1.051
86259,47204,5.44,0.137
86261,47272,6.88,-0.099
86263,47289,7.88,-0.082
86265,47394,7.42,1.62
86267,47398,7.84,1.226
86269,47414,7.57,-0.107
86271,47563,7.81,0.308
86273,47717,5.56,-0.042
86275,47863,6.91,0.078
86277,10246,7.74,0.287
86279,10797,7.92,1.354
86281,10940,7.77,0.529
86283,11382,7.49,0.463
86285,9478,7.8,0.9
86287,9502,7.28,1.56
86289,9729,7.71,0.5
86291,9768,7.47,0.436
86293,10080,7.74,1.003
86295,10091,6.93,0.907
86297,10138,6.12,0.812
86299,10506,7.9,1.015
86301,10536,7.29,0.508
86303,10570,7.14,0.475
86305,10602,3.56,-0.12
86307,10843,7.88,1.216
86309,10898,7.24,1.267
86311,11102,5.9,0.213
86313,9022,6.37,-0.081
86315,9316,7.92,0.728
86317,49255,7.49,1.18
86319,49722,7.27,1.069
86321,49878,7.88,0.408
86323,49951,7.09,0.91
86325,50023,7.82,1.38
86327,50132,7.53,0.007
86329,50210,6.59,1.319
86331,48155,8.0,0.033
86333,48287,5.72,1.085
86335,48348,5.62,1.166
86337,48371,6.71,-0.083
86339,48374,4.58,1.172
86341,48383,7.53,-0.05
86343,48483,7.05,0.543
86345,48561,5.72,-0.114
86347,48571,6.65,0.985
86349,48640,7.86,-0.05
86351,48729,7.09,0.907
86353,48835,6.06,-0.127
86355,48929,7.55,1.45
86357,48955,7.26,1.5
86359,48960,7.99,0.334
86361,48975,6.72,-0.059
86363,49078,7.92,0.111
86365,49259,6.11,0.041
86367,49338,6.83,1.015
86369,49391,7.86,0.91
86371,49400,7.18,1.102
86373,49485,5.06,0.88
86375,49514,7.64,0.97
86377,49619,6.4,-0.15
86379,49788,6.97,0.925
86381,49794,7.34,1.444
86383,49815,7.55,0.437
86385,49836,7.13,0.134
86387,47793,6.7,-0.093
86389,10148,7.83,1.011
86391,8344,7.02,1.666
86393,8498,7.93,0.664
86395,8642,7.06,1.314
86397,8837,4.39,1.597
86399,9095,4.82,0.864
86401,9459,5.15,1.471
86403,9495,7.71,0.446
86405,9642,7.3,0.694
86407,9672,7.81,0.607
86409,9757,7.81,1.642
86411,10205,7.92,0.177
86413,10254,6.82,1.4
86415,10278,7.89,0.667
86417,8353,7.96,0.544
86419,8477,7.92,1.189
86421,49849,6.76,0.317
86423,50148,7.42,1.494
86425,50149,6.53,0.961
86427,50454,7.99,0.285
86429,50590,7.31,-0.002
86431,49025,7.89,1.301
86433,49047,7.46,0.203
86435,49145,7.08,1.199
86437,49343,6.42,1.311
86439,49413,6.53,1.055
86441,49475,7.43,0.431
86443,49598,7.75,1.5
86445,49844,5.98,1.239
86447,49949,7.19,0.993
86449,49953,7.42,1.098
86451,50103,5.91,1.204
86453,50122,6.33,0.94
86455,50162,7.22,-0.028
86457,50191,3.85,0.051
86459,50196,6.54,0.176
86461,50200,6.75,-0.054
86463,50241,5.59,1.52
86465,50452,8.0,1.297
86467,50480,5.97,-0.063
86469,8287,7.64,1.454
86471,8320,6.18,1.544
86473,8322,7.61,0.254
86475,8398,7.13,0.637
86477,8563,7.61,1.285
86479,8641,6.44,1.094
86481,8732,7.83,1.199
86483,8882,5.12,-0.06
86485,9075,7.87,0.23
86487,9209,7.23,0.33
86489,9254,7.38,1.604
86491,9313,5.57,1.052
86493,9374,7.16,1.546
86495,51228,7.52,0.585
86497,49645,6.34,0.98
86499,49784,7.64,0.01
86501,49950,6.68,2.269
86503,50234,6.17,1.058
86505,50247,7.9,1.397
86507,50311,7.41,0.999
86509,50489,7.62,0.632
86511,50492,6.31,1.282
86513,50525,6.73,0.098
86515,50529,7.91,0.042
86517,50888,5.34,0.251
86519,50956,7.75,0.34
86521,50987,7.03,0.029
86523,51175,7.82,1.486
86525,51259,7.45,0.412
86527,7213,5.49,1.021
86529,7449,7.6,1.62
86531,7574,7.27,1.435
86533,7643,5.94,1.045
86535,7739,7.72,1.068
86537,7742,7.24,1.167
86539,7792,7.9,1.198
86541,7822,7.92,0.714
86543,7886,6.2,0.404
86545,7941,5.7,-0.01
86547,8135,6.82,1.425
86549,8369,6.33,1.016
86551,8431,7.57,0.43
86553,8514,6.37,0.523
86555,8694,7.43,0.539
86557,8820,6.09,1.125
86559,50559,7.41,0.89
86561,50591,7.94,1.031
86563,50599,7.34,0.979
86565,50602,7.41,0.198
86567,50641,6.57,0.506
86569,50868,6.25,0.304
86571,50896,7.89,0.209
86573,50969,7.56,1.533
86575,51172,4.28,1.429
86577,51366,7.77,0.269
86579,51373,7.37,1.27
86581,51376,5.57,-0.041
86583,51618,7.73,0.999
86585,50349,7.41,0.01
86587,6721,7.46,1.214
86589,6771,6.71,0.976
86591,6888,6.59,0.303
86593,7118,5.79,1.073
86595,7361,6.11,1.109
86597,7517,7.15,1.388
86599,7661,7.46,0.729
86601,7721,6.55,1.152
86603,7866,7.2,1.081
86605,7945,7.97,0.967
86607,7955,5.25,1.044
86609,50890,7.16,0.445
86611,51000,7.43,0.993
86613,51475,6.51,0.534
86615,51551,6.04,0.501
86617,51631,7.51,1.64
86619,51703,7.42,1.339
86621,51800,7.61,1.144
86623,51885,6.29,0.475
86625,51927,7.83,-0.118
86627,51943,6.65,1.523
86629,51979,4.87,1.626
86631,50732,7.81,0.881
86633,50805,7.5,0.545
86635,50921,6.92,0.659
86637,51021,6.62,1.491
86639,51364,5.58,1.42
86641,7008,7.96,1.019
86643,7100,6.62,0.9
86645,7309,7.04,1.447
86647,7330,6.87,1.66
86649,7372,7.11,0.909
86651,7463,5.69,0.335
86653,7711,7.43,0.325
86655,6569,7.81,1.137
86657,6842,7.41,1.028
86659,6854,7.73,0.527
86661,7016,5.92,1.327
86663,7133,7.3,1.117
86665,7161,7.94,0.21
86667,7323,7.89,0.236
86669,50849,6.83,-0.053
86671,50941,7.12,0.665
86673,50959,7.05,1.283
86675,50981,7.98,1.539
86677,51381,7.41,0.077
86679,51385,7.12,0.281
86681,51501,7.72,0.385
86683,51598,7.63,-0.017
86685,51633,6.97,-0.028
86687,51718,5.08,1.596
86689,51733,7.88,0.43
86691,51768,7.52,0.8
86693,51795,6.1,0.496
86695,51958,6.98,1.548
86697,52011,7.36,1.042
86699,52189,7.12,1.069
86701,52210,7.8,0.356
86703,6293,7.6,1.156
86705,6507,6.66,0.24
86707,6699,7.11,1.26
86709,6789,6.43,1.122
86711,6835,6.57,0.921
86713,6897,7.03,0.248
86715,6971,6.37,1.141
86717,7148,7.24,0.286
86719,7235,6.97,0.766
86721,7363,6.41,1.306
86723,51852,6.49,0.199
86725,51035,7.8,1.039
86727,51052,7.21,0.987
86729,51170,7.66,1.051
86731,51193,7.09,0.038
86733,51291,6.7,1.01
86735,6460,7.97,1.431
86737,6769,7.03,1.557
86739,6791,6.89,0.456
86741,6843,7.29,1.064
86743,6960,5.11,0.028
86745,7108,6.85,0.26
86747,7116,7.38,0.996
86749,7188,7.61,1.514
86751,6113,7.76,1.316
86753,6121,7.98,0.9
86755,6243,7.48,1.614
86757,6273,7.57,0.702
86759,6427,6.35,0.493
86761,51258,7.88,0.724
86763,51542,7.09,0.048
86765,51614,7.62,0.618
86767,51863,7.84,1.629
86769,51905,6.01,1.638
86771,52035,7.82,0.255
86773,52084,7.87,0.548
86775,52085,4.91,0.922
86777,52111,7.69,1.02
86779,52220,7.72,0.61
86781,52403,7.99,0.379
86783,6234,6.7,0.584
86785,6455,7.92,0.656
86787,6458,7.75,0.92
86789,6487,7.05,1.626
86791,6589,6.17,0.924
86793,6647,7.77,1.051
86795,6670,4.9,1.231
86797,6849,7.37,0.379
86799,6909,6.66,0.457
86801,6989,7.72,1.487
86803,51452,7.35,1.641
86805,51491,5.59,-0.028
86807,51575,7.42,0.425
86809,51656,6.52,1.416
86811,51832,6.79,0.365
86813,51853,7.58,1.024
86815,51860,7.44,0.491
86817,51933,5.71,0.528
86819,51974,6.52,0.291
86821,52003,6.87,1.356
86823,52009,4.89,2.8
86825,52039,7.6,0.632
86827,52113,6.04,-0.007
86829,52183,7.52,0.222
86831,52369,6.79,0.622
86833,52391,6.24,1.54
86835,52626,7.94,0.606
86837,5938,7.55,0.753
86839,6135,7.76,1.293
86841,6272,6.16,1.102
86843,6288,6.84,0.989
86845,6456,7.85,0.9
86847,6748,5.51,0.321
86849,6822,6.13,1.32
86851,6859,6.91,0.331
86853,6880,7.57,0.312
86855,6965,7.17,0.375
86857,51549,7.89,1.494
86859,51741,7.64,0.428
86861,51907,6.58,0.296
86863,51966,7.05,0.625
86865,52169,7.69,1.605
86867,52232,7.95,1.095
86869,52343,7.24,1.307
86871,52385,6.86,0.994
86873,52634,7.45,-0.078
86875,5814,7.8,1.071
86877,6048,6.8,0.273
86879,6237,6.65,0.405
86881,6537,3.6,1.065
86883,6539,6.21,0.235
86885,6603,7.79,1.279
86887,6690,6.57,1.108
86889,6797,6.86,1.429
86891,5760,7.55,0.999
86893,5799,5.14,0.448
86895,52492,8.0,0.997
86897,51602,6.82,1.065
86899,51609,7.78,1.494
86901,51659,7.12,1.007
86903,51784,6.67,0.506
86905,51837,7.31,0.19
86907,52233,7.73,1.319
86909,52347,7.41,0.573
86911,6331,6.78,0.966
86913,6428,7.62,1.175
86915,6528,7.65,0.533
86917,6564,5.92,0.407
86919,6606,7.39,0.265
86921,6624,6.76,0.233
86923,6687,6.5,1.348
86925,5754,7.15,0.428
86927,5806,7.5,0.575
86929,5945,8.0,0.512
86931,6022,7.88,0.556
86933,52301,7.52,0.361
86935,52316,6.25,0.88
86937,52409,7.31,0.694
86939,52080,7.83,0.223
86941,6283,6.26,1.013
86943,6429,6.5,1.079
86945,6593,7.56,0.319
86947,6605,6.17,0.959
86949,6700,7.59,0.9
86951,6717,6.42,1.241
86953,6762,7.96,0.738
86955,6832,7.83,0.502
86957,6840,7.04,0.34
86959,5704,7.25,1.132
86961,5833,5.7,0.428
86963,5951,5.42,0.888
86965,5985,6.52,0.563
86967,6130,8.0,0.78
86969,6226,5.87,0.635
86971,6302,7.35,0.281
86973,52377,7.53,1.1
86975,52401,6.57,0.507
86977,52574,7.09,0.49
86979,52584,6.27,1.212
86981,52610,7.98,0.72
86983,51711,7.8,1.36
86985,51762,7.6,0.493
86987,51809,6.65,1.267
86989,51882,7.78,1.029
86991,6432,6.21,1.482
86993,6614,7.36,0.101
86995,6653,7.38,0.675
86997,6679,6.99,0.441
86999,6751,6.59,-0.06
87001,5886,6.71,0.129
87003,5949,7.56,0.375
87005,6000,7.26,1.019
87007,6013,7.47,0.8
87009,6096,7.59,0.321
87011,6188,7.48,1.154
87013,52438,7.99,0.391
87015,52452,5.77,1.168
87017,52455,7.66,0.265
87019,52591,7.82,1.085
87021,52627,7.8,0.335
87023,52660,6.38,1.121
87025,52705,7.95,0.687
87027,51592,7.09,1.111
87029,51775,5.07,0.921
87031,51825,7.95,0.965
87033,51888,7.79,0.937
87035,52075,7.38,0.262
87037,52097,7.13,0.446
87039,6220,7.82,1.563
87041,6416,7.48,0.344
87043,6441,6.87,1.043
87045,6783,7.64,1.128
87047,6815,7.01,0.625
87049,5752,7.69,0.571
87051,5824,6.04,1.081
87053,5884,7.67,1.542
87055,5969,7.86,1.481
87057,6017,7.92,0.472
87059,6040,7.66,1.054
87061,6061,5.13,0.071
87063,6142,7.6,0.165
87065,52616,7.55,1.02
87067,51624,3.84,-0.148
87069,51802,5.67,0.059
87071,52187,7.49,0.447
87073,52315,7.69,0.6
87075,52373,7.08,1.74
87077,52532,7.51,1.29
87079,5837,8.0,0.493
87081,5898,7.16,0.466
87083,6003,7.91,0.533
87085,6195,7.9,0.953
87087,6442,7.47,0.681
87089,6454,7.3,0.829
87091,6462,7.43,0.328
87093,6695,7.21,0.051
87095,6868,6.22,1.114
87097,5737,5.21,0.32
87099,5743,6.44,0.492
87101,51585,5.43,1.696
87103,51590,7.99,0.397
87105,51725,7.87,0.308
87107,51892,7.25,1.198
87109,51902,7.77,0.192
87111,51968,7.79,0.077
87113,52329,7.62,1.659
87115,6036,7.18,1.31
87117,6334,6.89,0.404
87119,6376,6.97,0.953
87121,6451,6.77,1.123
87123,6484,7.64,0.355
87125,51279,7.32,0.461
87127,51299,7.03,0.789
87129,51579,7.82,0.651
87131,52026,7.6,0.458
87133,52120,6.61,0.407
87135,52207,7.87,0.4
87137,52295,7.91,0.203
87139,5930,7.68,1.57
87141,5932,7.93,0.495
87143,6187,7.65,1.021
87145,6265,7.87,0.364
87147,6289,7.25,0.84
87149,6384,7.35,0.505
87151,6413,7.01,1.078
87153,6439,7.16,0.473
87155,6527,6.59,0.403
87157,6649,6.99,1.625
87159,6837,7.98,1.13
87161,6869,6.6,0.526
87163,7081,7.58,0.388
87165,7097,3.62,0.974
87167,7143,6.78,0.929
87169,52392,7.12,1.131
87171,52415,7.69,0.408
87173,51147,7.7,0.635
87175,51155,7.93,0.951
87177,51161,6.15,1.141
87179,51419,7.76,0.584
87181,51701,7.3,0.548
87183,51752,7.43,1.097
87185,51826,7.78,0.458
87187,6648,7.92,0.043
87189,6714,6.44,0.947
87191,6917,7.74,0.966
87193,6937,7.83,1.592
87195,6106,7.78,1.029
87197,6405,6.96,0.627
87199,6492,5.97,1.677
87201,6706,5.35,0.395
87203,6732,5.5,1.106
87205,6981,6.01,0.162
87207,50823,7.82,0.427
87209,50915,6.76,1.18
87211,51086,7.2,1.159
87213,51152,7.55,1.1
87215,51377,7.93,0.256
87217,51550,7.93,0.711
87219,51562,7.77,1.065
87221,51591,7.18,0.253
87223,51663,7.67,1.081
87225,51699,7.27,0.24
87227,6308,7.86,0.534
87229,6327,7.01,1.558
87231,6669,6.18,0.447
87233,6773,7.22,1.51
87235,6939,6.66,1.199
87237,6966,6.77,0.097
87239,6975,7.62,0.556
87241,7034,7.25,0.413
87243,7244,7.63,0.666
87245,7255,7.37,0.955
87247,7564,6.99,0.9
87249,51303,7.97,1.293
87251,51406,7.8,0.484
87253,51770,7.84,0.483
87255,51781,6.82,1.063
87257,50650,7.54,0.951
87259,50686,8.0,0.916
87261,50730,7.97,1.441
87263,50904,6.36,1.09
87265,51158,7.81,0.37
87267,51325,6.61,1.18
87269,51399,6.88,1.114
87271,51574,7.86,0.614
87273,6786,7.27,0.418
87275,7090,7.32,0.622
87277,7374,7.84,1.146
87279,7421,6.89,1.03
87281,7708,7.15,1.2
87283,7733,7.74,0.733
87285,6434,7.68,1.062
87287,6643,7.12,0.577
87289,6736,6.75,1.015
87291,7406,7.89,0.599
87293,50410,7.76,1.591
87295,50587,7.98,0.468
87297,50673,7.13,1.1
87299,50715,8.0,1.17
87301,50852,7.52,0.963
87303,50860,5.89,0.147
87305,50929,7.09,1.547
87307,50935,5.52,1.186
87309,50951,6.95,1.476
87311,50997,7.9,0.567
87313,51044,7.64,1.298
87315,51056,4.72,0.26
87317,51205,8.0,1.127
87319,51556,5.9,0.114
87321,6801,8.0,0.423
87323,6819,6.78,1.021
87325,6862,6.9,0.505
87327,6948,7.98,0.549
87329,6978,7.93,0.71
87331,7216,7.64,0.504
87333,7370,6.74,0.634
87335,7439,6.53,0.99
87337,7516,7.69,1.223
87339,7680,7.49,1.115
87341,7906,5.97,1.015
87343,7933,7.91,1.151
87345,7969,6.99,1.556
87347,8017,7.57,1.61
87349,8086,6.32,0.879
87351,8122,6.73,0.247
87353,51312,7.83,0.652
87355,49548,7.95,0.428
87357,49746,7.85,1.554
87359,49864,7.19,1.096
87361,49893,5.86,1.282
87363,49959,7.63,1.105
87365,50293,7.35,0.171
87367,50857,7.1,0.199
87369,51029,6.64,0.982
87371,51047,6.49,1.089
87373,51233,4.2,0.908
87375,7201,6.6,1.08
87377,7289,6.93,1.596
87379,7314,7.97,0.246
87381,7321,5.9,-0.067
87383,7344,7.22,1.096
87385,7462,7.95,0.202
87387,7465,7.85,1.618
87389,7622,7.62,1.408
87391,7671,7.72,0.9
87393,7700,7.23,-0.001
87395,7943,5.63,-0.059
87397,7994,7.22,1.173
87399,8105,7.84,0.972
87401,8123,7.19,-0.009
87403,8138,7.3,0.188
87405,8194,7.51,0.32
87407,8423,5.94,0.975
87409,8567,7.58,0.413
87411,8606,7.79,1.535
87413,8618,7.27,1.595
87415,8734,6.89,0.44
87417,7147,6.39,-0.103
87419,50927,7.81,0.38
87421,49019,7.42,1.08
87423,49268,7.13,0.569
87425,49271,7.36,1.579
87427,49448,7.54,0.301
87429,49466,7.33,0.233
87431,49511,7.61,1.048
87433,49870,6.34,1.277
87435,49920,7.61,1.358
87437,50325,7.36,0.478
87439,50372,3.45,0.029
87441,50389,6.55,1.565
87443,50485,6.48,0.925
87445,7767,6.84,0.92
87447,7775,6.67,0.998
87449,7918,4.96,0.618
87451,7991,6.71,1.356
87453,8103,7.89,1.08
87455,8258,7.87,0.539
87457,8272,7.96,1.12
87459,8332,7.87,-0.009
87461,8814,5.42,1.311
87463,8838,7.73,0.55
87465,8902,7.06,1.456
87467,8911,7.39,0.946
87469,8922,6.25,1.262
87471,8982,7.56,0.426
87473,9011,7.31,1.4
87475,9045,6.98,-0.035
87477,9151,6.87,0.499
87479,9158,6.77,-0.073
87481,9172,7.57,0.661
87483,9320,7.48,0.89
87485,9518,7.54,1.38
87487,7773,7.64,0.42
87489,7793,7.18,0.95
87491,7818,4.96,-0.068
87493,7951,7.68,1.627
87495,8131,7.81,-0.2
87497,8238,7.93,1.493
87499,8292,7.78,0.325
87501,8628,7.91,-0.03
87503,50147,7.89,1.16
87505,48861,6.34,1.096
87507,48871,7.53,1.01
87509,49206,7.94,0.907
87511,49239,7.58,1.039
87513,49563,7.64,0.424
87515,47633,6.36,0.01
87517,10317,7.78,1.748
87519,8370,6.33,0.461
87521,8609,7.27,-0.015
87523,8663,7.45,0.5
87525,9040,7.72,0.5
87527,9163,6.48,1.203
87529,9218,7.99,1.28
87531,9234,7.6,1.2
87533,9359,6.87,1.149
87535,9367,7.66,0.965
87537,9508,7.09,-0.053
87539,9805,7.42,0.578
87541,10038,7.59,0.478
87543,10403,6.05,0.406
87545,8169,7.87,0.378
87547,8257,7.48,-0.013
87549,8615,7.68,1.172
87551,8747,7.71,-0.069
87553,9194,7.65,0.046
87555,49330,7.6,0.391
87557,47531,7.88,0.616
87559,47605,7.16,0.828
87561,47635,7.14,1.671
87563,48074,7.92,1.53
87565,48211,7.12,0.935
87567,48242,7.99,1.535
87569,48391,7.8,0.569
87571,48393,7.94,1.595
87573,48423,7.74,0.718
87575,48485,7.25,1.011
87577,48682,5.27,0.086
87579,48710,6.63,0.984
87581,48887,7.92,0.625
87583,48917,6.7,-0.059
87585,49150,7.95,0.369
87587,49224,7.48,0.953
87589,49253,6.9,1.465
87591,46239,7.36,0.173
87593,46853,3.17,0.475
87595,46921,7.73,0.205
87597,46962,7.2,0.941
87599,47006,4.47,0.027
87601,47160,7.99,0.521
87603,47437,7.44,0.911
87605,47475,7.51,1.38
87607,48111,7.51,0.379
87609,10115,6.31,0.948
87611,10849,7.19,-0.063
87613,11138,6.64,0.216
87615,11161,7.93,0.419
87617,11473,7.89,-0.01
87619,11513,7.27,1.649
87621,9600,7.88,0.066
87623,9656,6.66,-0.037
87625,9754,6.99,0.508
87627,9808,7.93,-0.05
87629,10162,7.46,0.007
87631,10361,6.5,1.661
87633,10366,5.31,0.926
87635,10462,6.74,1.089
87637,10514,6.96,1.44
87639,10606,8.0,0.979
87641,10610,7.73,0.011
87643,10612,7.47,0.455
87645,10628,7.44,0.924
87647,10717,7.94,0.016
87649,10817,7.23,1.576
87651,10890,6.64,0.521
87653,10944,5.57,-0.089
87655,9169,6.97,1.204
87657,9222,5.7,1.005
87659,9327,7.23,0.435
87661,9583,7.7,0.644
87663,46082,7.59,1.06
87665,46524,6.89,0.388
87667,46566,6.5,0.394
87669,47169,7.06,0.156
87671,47521,6.5,1.15
87673,47664,6.5,0.121
87675,47727,7.85,0.62
87677,44766,7.62,1.002
87679,44990,7.07,0.982
87681,45186,7.59,1.043
87683,45213,7.03,1.128
87685,45377,7.57,0.103
87687,45455,5.28,1.568
87689,45610,7.64,1.124
87691,45628,7.57,1.136
87693,45812,7.55,1.043
87695,45915,5.79,1.511
87697,46700,7.44,1.397
87699,42573,7.98,0.317
87701,42781,7.28,0.984
87703,43624,6.35,0.414
87705,43863,7.97,1.281
87707,44345,7.87,1.06
87709,44557,7.7,0.947
87711,44717,6.44,0.045
87713,44741,7.84,1.429
87715,13004,6.51,0.528
87717,13296,7.14,0.322
87719,13431,7.22,0.294
87721,13597,7.98,0.28
87723,13924,7.93,0.301
87725,13929,7.68,0.26
87727,14049,7.35,-0.021
87729,14254,7.23,0.508
87731,14738,7.94,0.286
87733,14833,7.31,0.156
87735,11115,6.99,0.54
87737,11391,7.2,0.632
87739,11625,7.23,0.685
87741,11631,8.0,0.155
87743,11733,6.61,1.401
87745,11769,7.03,0.689
87747,11870,7.6,0.157
87749,11898,8.0,0.663
87751,11932,6.98,1.451
87753,12178,7.73,0.217
87755,12228,7.41,0.885
87757,12302,7.99,1.5
87759,12369,7.75,1.032
87761,12488,7.06,1.186
87763,12520,7.46,-0.009
87765,12572,7.09,0.508
87767,12575,7.64,0.225
87769,12692,5.76,-0.11
87771,12701,7.58,0.15
87773,12750,7.71,0.89
87775,12972,7.57,0.707
87777,13098,7.54,1.068
87779,13160,6.86,1.227
87781,13178,6.25,0.786
87783,13347,6.46,0.104
87785,10463,7.85,-0.026
87787,10479,6.81,1.391
87789,10509,7.85,0.113
87791,10707,7.93,1.086
87793,10926,6.76,0.316
87795,10946,7.29,1.133
87797,10961,6.86,0.456
87799,11020,6.4,0.569
87801,11060,5.16,0.369
87803,11098,7.48,0.634
87805,11174,6.29,0.845
87807,11275,7.63,0.028
87809,11279,6.25,0.249
87811,11346,7.94,0.079
87813,11593,6.52,0.091
87815,11696,6.97,0.429
87817,11796,6.76,0.363
87819,11848,7.89,0.285
87821,43375,7.79,1.07
87823,43644,5.72,0.305
87825,44107,7.17,0.91
87827,44114,7.07,0.14
87829,44205,7.42,1.013
87831,45206,7.37,0.118
87833,45208,7.78,0.187
87835,45333,5.18,0.605
87837,40727,7.55,0.765
87839,41275,7.7,0.438
87841,42080,5.47,0.207
87843,42438,5.63,0.618
87845,42527,4.59,1.179
87847,42657,7.53,1.162
87849,42677,7.68,1.124
87851,42688,7.59,1.54
87853,43332,7.09,1.284
87855,38489,7.45,1.538
87857,39147,7.24,0.314
87859,39388,7.72,0.388
87861,39484,7.92,1.15
87863,39955,7.36,1.538
87865,40462,7.15,0.363
87867,40517,7.75,0.449
87869,41047,7.44,1.164
87871,41158,7.97,1.091
87873,35449,7.69,0.596
87875,36002,7.63,0.088
87877,36211,6.47,-0.064
87879,36270,7.7,0.29
87881,36528,5.63,1.1
87883,36549,7.97,0.956
87885,36578,7.15,1.472
87887,36701,7.7,1.507
87889,36983,7.23,1.559
87891,37196,6.95,1.315
87893,37627,7.03,1.118
87895,37949,5.93,1.183
87897,37979,7.13,0.288
87899,38762,7.78,1.564
87901,32773,7.68,1.515
87903,32864,5.14,-0.152
87905,32881,7.84,1.118
87907,33104,5.11,-0.114
87909,33207,7.82,0.392
87911,33624,7.73,0.56
87913,33722,6.53,0.909
87915,33949,7.33,1.643
87917,34047,7.75,0.649
87919,34565,7.98,1.461
87921,35045,7.69,1.453
87923,29300,7.71,0.407
87925,29844,7.81,0.079
87927,29943,7.95,0.209
87929,29997,4.76,0.025
87931,30058,6.77,0.264
87933,30065,6.86,0.807
87935,25325,7.83,1.576
87937,26008,6.82,0.37
87939,27109,7.96,0.359
87941,27795,6.22,0.955
87943,28243,7.01,0.349
87945,28366,7.97,1.364
87947,21708,7.93,1.661
87949,21862,7.44,1.116
87951,21995,7.86,0.133
87953,22312,7.0,0.32
87955,22552,6.54,2.1
87957,22765,7.12,1.149
87959,22768,7.58,0.417
87961,22896,7.77,1.63
87963,23066,7.26,0.029
87965,23425,7.12,0.446
87967,23730,6.68,0.391
87969,24255,7.28,0.417
87971,24858,7.47,0.7
87973,19129,5.88,1.543
87975,19458,7.24,0.33
87977,19473,7.78,1.614
87979,19673,6.33,1.169
87981,19710,7.86,1.015
87983,19770,7.3,1.385
87985,20037,6.89,-0.021
87987,20399,7.52,1.031
87989,20517,7.83,0.993
87991,20974,6.63,1.666
87993,21219,6.94,0.173
87995,21530,7.4,0.034
87997,21664,7.79,0.065
87999,21877,7.85,0.118
88001,16060,7.18,1.238
88003,16580,7.18,0.118
88005,17036,7.6,0.089
88007,17119,7.38,0.505
88009,17273,7.84,0.16
88011,17585,5.79,0.347
88013,17587,4.78,0.747
88015,17831,7.67,0.423
88017,17884,4.39,1.87
88019,17893,7.05,1.066
88021,18129,7.39,0.351
88023,18142,7.32,0.948
88025,18210,7.75,0.575
88027,18596,7.27,1.057
88029,19173,7.78,0.546
88031,19177,6.14,0.145
88033,14502,5.89,-0.02
88035,14655,6.84,0.955
88037,14780,7.43,0.498
88039,14791,6.5,0.163
88041,14882,7.38,0.323
88043,15309,6.41,0.079
88045,15520,4.74,-0.108
88047,15634,6.76,0.027
88049,15686,7.63,0.687
88051,15707,7.78,0.115
88053,15778,7.96,0.622
88055,15890,5.13,2.038
88057,16041,7.27,0.924
88059,16471,7.16,1.191
88061,16684,7.77,0.247
88063,16789,7.33,1.726
88065,17118,6.81,0.478
88067,17296,5.06,1.651
88069,13276,7.86,0.141
88071,13665,5.59,0.445
88073,13708,7.07,1.812
88075,13797,7.69,0.106
88077,13959,6.84,0.157
88079,14286,6.64,0.634
88081,14359,7.51,0.061
88083,14553,7.45,1.128
88085,14626,6.47,0.231
88087,15086,7.88,0.054
88089,15180,7.59,0.027
88091,33827,5.69,1.337
88093,33858,6.64,0.969
88095,34238,6.49,1.568
88097,35134,7.91,0.675
88099,29421,7.48,0.484
88101,29669,7.72,1.004
88103,29761,7.43,0.776
88105,30794,6.03,0.103
88107,31606,7.67,0.247
88109,25468,7.16,0.025
88111,26109,7.85,0.458
88113,26474,6.62,0.872
88115,26548,6.97,-0.045
88117,26682,6.92,0.951
88119,27337,7.97,0.179
88121,27730,7.11,0.174
88123,21325,7.95,0.133
88125,22345,7.44,1.056
88127,23246,7.82,0.14
88129,24003,6.43,1.101
88131,24307,7.73,1.023
88133,24417,7.21,1.03
88135,39825,6.66,0.86
88137,39827,6.77,0.649
88139,39903,4.74,0.437
88141,40334,7.71,0.228
88143,40429,5.16,0.086
88145,40908,7.92,-0.028
88147,37930,7.38,0.758
88149,38114,7.95,-0.006
88151,38127,7.9,0.412
88153,38344,7.07,1.02
88155,38407,7.39,0.121
88157,38536,7.84,0.004
88159,38558,7.97,0.672
88161,38568,7.8,0.957
88163,38779,6.73,0.001
88165,38863,6.14,-0.103
88167,39138,4.81,-0.173
88169,39509,7.71,1.39
88171,39530,6.25,-0.093
88173,39684,6.66,0.978
88175,34780,6.03,-0.011
88177,34901,7.35,-0.057
88179,35211,7.49,0.518
88181,35408,7.37,-0.039
88183,35805,7.95,1.26
88185,35806,7.09,0.974
88187,36155,7.84,0.859
88189,36346,6.38,1.554
88191,36576,7.6,0.461
88193,31742,7.15,1.09
88195,32035,7.89,0.511
88197,32374,7.18,1.635
88199,32779,6.99,0.879
88201,33802,7.33,0.464
88203,33993,7.66,0.473
88205,34092,7.48,0.075
88207,28420,7.09,1.006
88209,28579,7.01,0.645
88211,28909,5.72,-0.024
88213,28970,6.7,1.363
88215,29353,5.01,1.599
88217,29439,6.85,0.481
88219,29559,7.28,0.465
88221,29574,7.67,0.994
88223,29727,7.32,-0.089
88225,29907,7.53,-0.069
88227,30467,7.62,0.327
88229,30973,6.28,0.329
88231,31003,7.64,0.993
88233,31057,7.22,1.363
88235,31074,7.91,0.317
88237,31150,7.57,0.351
88239,31160,7.92,0.083
88241,31450,7.92,1.405
88243,25389,7.94,1.454
88245,25647,6.88,0.83
88247,25713,8.0,0.16
88249,25781,6.19,0.225
88251,26001,5.34,1.039
88253,26368,6.28,-0.052
88255,26823,7.04,-0.015
88257,26904,7.51,0.541
88259,27100,4.34,0.217
88261,27413,7.92,0.985
88263,27436,7.57,1.138
88265,27534,5.1,-0.128
88267,27603,7.99,0.024
88269,27897,6.62,0.383
88271,27966,7.92,-0.017
88273,22737,6.43,1.64
88275,23028,7.21,0.104
88277,23280,7.4,1.26
88279,23625,7.77,1.007
88281,23782,7.82,1.214
88283,23840,5.19,1.646
88285,24004,7.72,0.351
88287,24221,7.03,0.431
88289,24372,4.81,1.274
88291,24983,7.86,0.99
88293,25459,7.48,0.023
88295,20384,5.24,0.955
88297,20625,7.89,0.65
88299,20784,6.87,-0.001
88301,20825,5.74,1.005
88303,21253,5.79,1.028
88305,21634,6.78,0.194
88307,22081,6.46,1.077
88309,22150,7.39,0.432
88311,22242,7.87,0.441
88313,22299,7.16,0.979
88315,22719,7.93,1.362
88317,18401,6.14,1.094
88319,18597,4.56,1.59
88321,18677,6.7,1.516
88323,18744,4.48,1.5
88325,18772,4.97,1.386
88327,18844,6.74,0.667
88329,19233,6.37,0.636
88331,19467,7.16,0.551
88333,19780,3.33,0.915
88335,19805,5.45,1.106
88337,19945,7.97,0.296
88339,20020,5.88,-0.061
88341,20246,7.91,0.435
88343,16092,7.89,0.461
88345,16522,7.3,1.051
88347,16614,7.57,0.951
88349,16785,7.65,0.393
88351,17370,7.45,0.247
88353,17394,7.48,1.052
88355,45523,7.93,0.009
88357,45603,6.33,1.403
88359,42913,1.93,0.043
88361,43015,6.99,0.837
88363,43238,7.71,-0.05
88365,43513,6.69,-0.043
88367,43566,7.21,-0.076
88369,43571,6.79,0.014
88371,43620,6.02,-0.023
88373,43780,7.21,0.793
88375,43797,5.7,0.481
88377,43867,7.69,1.695
88379,44098,7.63,0.014
88381,44250,7.71,0.022
88383,44380,7.57,0.05
88385,44542,6.81,0.4
88387,44545,6.89,0.04
88389,44708,6.1,-0.132
88391,44809,7.82,0.057
88393,44879,7.44,-0.11
88395,45513,7.96,1.697
88397,41293,6.65,-0.023
88399,41575,7.82,1.054
88401,41864,7.98,1.337
88403,41954,7.49,-0.109
88405,42100,7.6,0.407
88407,42129,5.27,-0.133
88409,42134,4.84,0.981
88411,42178,7.06,0.427
88413,42191,6.97,0.485
88415,42236,7.86,-0.05
88417,42424,7.41,0.441
88419,42440,6.35,-0.002
88421,42505,6.78,-0.088
88423,42568,4.31,-0.117
88425,42579,6.34,0.208
88427,42588,7.94,0.229
88429,42717,6.26,1.178
88431,42729,7.84,0.06
88433,42936,6.2,-0.083
88435,42989,6.77,0.299
88437,43009,8.0,0.997
88439,43105,4.5,-0.169
88441,43237,7.32,1.477
88443,43298,7.77,0.957
88445,43499,5.59,-0.102
88447,43763,6.36,-0.086
88449,39562,7.25,0.65
88451,39744,7.69,0.013
88453,39746,7.69,-0.016
88455,39879,7.32,-0.031
88457,39949,6.6,-0.11
88459,40116,7.66,0.94
88461,40621,7.0,-0.01
88463,40655,6.47,0.397
88465,40666,7.27,-0.013
88467,40690,7.75,1.148
88469,40808,7.54,-0.051
88471,40932,5.96,-0.092
88473,41037,1.86,1.196
88475,41066,7.89,0.3
88477,41588,7.31,0.72
88479,41643,7.84,0.985
88481,38783,5.74,1.554
88483,38906,6.86,-0.009
88485,38908,5.59,0.573
88487,38966,6.73,0.0
88489,38994,5.77,-0.082
88491,39070,5.19,1.758
88493,39073,6.3,-0.05
88495,120404,7.62,-0.062
88497,19917,6.34,0.097
88499,16417,7.41,0.188
88501,16523,7.56,0.506
88503,16531,6.42,1.037
88505,16959,6.96,0.404
88507,17283,7.99,1.173
88509,17968,7.77,1.674
88511,18069,7.88,0.569
88513,18352,7.62,0.536
88515,14765,6.63,0.879
88517,14874,7.21,1.468
88519,14930,5.71,2.419
88521,15055,7.89,1.087
88523,15108,6.75,1.36
88525,15434,7.45,1.056
88527,15528,7.89,0.905
88529,15695,7.66,1.264
88531,15715,7.63,1.271
88533,15780,7.98,1.109
88535,15801,7.91,1.532
88537,15867,7.44,0.975
88539,16085,7.95,0.761
88541,16163,6.69,1.58
88543,16722,7.42,1.0
88545,13536,6.61,0.374
88547,13794,6.74,0.368
88549,13909,6.85,1.302
88551,14339,7.89,0.649
88553,14690,7.64,1.429
88555,46348,6.81,-0.036
88557,46364,7.76,-0.107
88559,46445,7.27,0.409
88561,46554,7.11,0.386
88563,46793,7.7,1.01
88565,46914,5.12,-0.114
88567,46918,7.54,0.95
88569,47005,7.99,0.039
88571,47024,7.57,0.281
88573,47145,6.18,0.277
88575,47175,4.34,0.173
88577,47359,7.64,0.06
88579,44753,6.72,1.618
88581,44811,7.72,0.575
88583,44847,7.68,1.12
88585,45002,6.19,1.023
88587,45063,7.76,-0.092
88589,45129,7.76,1.08
88591,45235,7.27,-0.054
88593,45243,7.99,-0.102
88595,45264,6.61,1.52
88597,45400,7.8,-0.041
88599,45467,7.47,1.335
88601,45522,6.96,0.721
88603,45548,7.6,-0.133
88605,45631,5.26,-0.062
88607,45675,5.83,0.474
88609,45964,7.94,0.509
88611,45966,7.74,-0.084
88613,46020,7.62,0.391
88615,46070,7.59,0.348
88617,46093,6.05,0.528
88619,46171,7.83,1.21
88621,46594,5.45,-0.078
88623,46740,7.99,0.25
88625,43433,8.0,0.131
88627,43568,7.99,0.06
88629,43878,4.68,-0.115
88631,44108,7.81,1.39
88633,44166,7.58,0.282
88635,44337,5.23,-0.12
88637,44423,6.39,-0.074
88639,44491,7.82,1.574
88641,44904,6.81,0.15
88643,45125,6.73,-0.052
88645,45165,7.74,-0.08
88647,13899,7.78,0.971
88649,13939,6.85,1.223
88651,14326,7.76,1.238
88653,11661,7.41,0.458
88655,11925,6.24,0.509
88657,12060,6.96,0.958
88659,12225,5.3,0.289
88661,12326,7.35,0.617
88663,12361,6.78,0.387
88665,12546,7.82,1.332
88667,12653,5.4,0.561
88669,12664,7.62,0.468
88671,12775,6.15,0.088
88673,12829,7.41,1.659
88675,13370,7.8,1.285
88677,13485,7.98,0.47
88679,13518,6.22,1.571
88681,13523,7.82,1.125
88683,11022,7.37,0.891
88685,11488,6.96,1.125
88687,12383,7.69,1.381
88689,46523,7.01,0.54
88691,46535,6.98,0.502
88693,46615,7.58,0.491
88695,46881,7.77,0.269
88697,46996,7.19,0.041
88699,47082,7.03,0.119
88701,47432,7.37,1.12
88703,47497,7.82,1.37
88705,47517,7.88,1.06
88707,47608,6.97,1.628
88709,47889,7.62,0.292
88711,47912,7.24,1.141
88713,47940,6.6,0.94
88715,47963,5.58,-0.176
88717,48098,7.54,0.265
88719,48172,6.53,1.293
88721,48224,5.09,-0.098
88723,48331,7.67,1.156
88725,48611,7.9,1.25
88727,45703,7.02,0.992
88729,45823,7.75,-0.096
88731,46045,6.27,-0.144
88733,46067,6.21,-0.093
88735,46204,7.12,1.36
88737,46277,7.71,1.272
88739,46293,7.99,0.183
88741,46465,7.13,-0.124
88743,46470,7.62,-0.147
88745,46577,7.95,0.407
88747,46630,6.62,1.174
88749,46709,6.53,0.267
88751,46782,7.63,1.111
88753,46808,7.75,0.345
88755,47412,7.37,0.407
88757,47822,7.8,0.325
88759,10906,7.79,0.486
88761,10983,7.49,0.1
88763,11128,7.88,1.043
88765,11181,7.81,0.407
88767,11388,7.14,1.106
88769,11407,4.24,-0.136
88771,11703,7.99,1.437
88773,11804,7.03,0.967
88775,11908,7.93,0.505
88777,12229,7.81,0.298
88779,10035,5.84,1.197
88781,10067,7.38,0.38
88783,10111,6.32,0.899
88785,10145,7.2,0.982
88787,10304,7.84,0.318
88789,10901,7.83,0.981
88791,11450,7.88,1.21
88793,47762,6.81,0.332
88795,47844,7.73,0.028
88797,47947,7.93,0.558
88799,47968,7.57,0.335
88801,47983,7.49,0.421
88803,48019,7.97,1.064
88805,48234,7.6,0.109
88807,48513,7.41,0.447
88809,48522,7.38,0.303
88811,48662,6.69,3.761
88813,48703,6.99,0.978
88815,48706,6.39,1.612
88817,48885,7.97,1.284
88819,48919,7.4,0.987
88821,49095,7.23,-0.04
88823,49147,7.97,0.404
88825,49240,7.34,1.336
88827,47267,5.51,0.985
88829,47428,7.35,1.16
88831,47528,7.55,1.109
88833,47571,7.03,0.111
88835,47724,7.58,1.271
88837,47898,7.49,-0.061
88839,48565,7.32,0.97
88841,48598,7.18,1.255
88843,10601,7.61,1.05
88845,10832,6.36,1.162
88847,11043,6.3,0.991
88849,9296,6.93,0.928
88851,9381,7.37,0.653
88853,9524,7.86,0.487
88855,9812,7.08,1.61
88857,9951,6.5,0.205
88859,10096,6.49,0.43
88861,10440,5.91,0.965
88863,10507,6.99,1.662
88865,48587,7.25,0.0
88867,48781,7.4,0.514
88869,48926,5.23,0.3
88871,49024,7.38,0.58
88873,49032,7.86,0.049
88875,49384,7.76,1.588
88877,49418,6.27,1.112
88879,49428,6.6,1.097
88881,49488,7.98,0.939
88883,49670,7.2,0.178
88885,49769,6.14,0.615
88887,49943,6.66,0.44
88889,47888,7.77,0.52
88891,48031,7.56,0.537
88893,48037,6.83,1.352
88895,48072,7.39,0.59
88897,48105,7.07,1.468
88899,48191,5.95,1.245
88901,48219,6.36,1.008
88903,48278,7.66,0.202
88905,48369,7.76,0.725
88907,48493,7.49,0.551
88909,48580,7.52,0.415
88911,49112,7.96,0.692
88913,9841,7.53,1.129
88915,10004,7.84,1.14
88917,10161,7.96,1.371
88919,9004,7.93,0.237
88921,9106,7.91,1.23
88923,9112,6.98,0.271
88925,9319,7.69,0.354
88927,9693,7.7,1.198
88929,9871,7.85,1.61
88931,49222,6.54,1.189
88933,49450,6.62,1.0
88935,49690,7.87,0.749
88937,49819,7.72,1.245
88939,49997,7.37,1.302
88941,50030,7.08,1.134
88943,50188,7.79,0.175
88945,50258,7.84,0.268
88947,48532,7.72,0.315
88949,48646,7.24,0.951
88951,48647,7.42,1.02
88953,48748,5.83,1.202
88955,48807,7.18,0.125
88957,49013,7.23,1.567
88959,49165,7.09,0.291
88961,49264,6.62,1.254
88963,49434,6.99,0.313
88965,49647,7.6,0.134
88967,49767,7.45,0.558
88969,49979,7.8,0.369
88971,50075,6.38,0.592
88973,8721,7.97,0.1
88975,8748,7.91,0.423
88977,8824,7.35,1.169
88979,9034,7.86,1.419
88981,9049,6.52,0.987
88983,9088,7.75,0.323
88985,9092,7.28,1.168
88987,9207,6.37,1.006
88989,9365,7.86,0.759
88991,9440,5.34,0.883
88993,9648,7.86,1.02
88995,8168,7.66,0.308
88997,8480,6.35,1.222
88999,8625,7.2,0.47
89001,49292,7.4,0.337
89003,49336,7.27,0.473
89005,49375,6.99,-0.038
89007,49411,6.97,-0.015
89009,49459,7.49,1.206
89011,49476,7.21,1.378
89013,49500,7.71,0.93
89015,49559,7.62,1.54
89017,49967,6.28,0.019
89019,50025,7.37,0.985
89021,50066,6.23,0.316
89023,50288,7.24,0.544
89025,50309,7.71,0.406
89027,50367,7.94,0.456
89029,50456,5.52,0.277
89031,50478,7.94,0.94
89033,8160,6.95,1.574
89035,8206,7.67,1.686
89037,8233,6.38,0.366
89039,8417,7.11,0.28
89041,8526,7.2,1.599
89043,8990,7.36,1.029
89045,9100,7.95,1.068
89047,49610,6.99,1.538
89049,50115,7.76,0.974
89051,50142,6.36,1.639
89053,50408,7.32,1.018
89055,50504,7.59,1.034
89057,50570,7.79,0.96
89059,50571,7.36,1.619
89061,50601,7.48,0.958
89063,50638,7.54,1.118
89065,50719,6.71,1.039
89067,50728,6.47,0.193
89069,50739,6.52,0.068
89071,50757,7.45,0.649
89073,49521,7.65,0.441
89075,49533,7.15,0.544
89077,49856,7.86,1.543
89079,8209,5.29,0.395
89081,8936,6.92,1.289
89083,7676,6.69,-0.078
89085,7757,7.25,1.645
89087,8434,7.9,0.469
89089,49839,7.14,0.279
89091,49902,6.74,1.54
89093,50013,6.45,0.494
89095,50043,6.87,1.525
89097,50320,6.7,0.14
89099,50340,6.57,0.477
89101,50417,7.31,0.227
89103,50439,7.33,1.399
89105,50661,7.49,0.486
89107,50768,7.12,1.17
89109,50790,6.12,0.035
89111,51037,7.13,0.04
89113,7679,5.58,0.346
89115,7937,7.72,0.416
89117,7986,7.18,1.414
89119,8347,6.55,1.389
89121,51069,3.83,1.456
89123,51185,7.74,1.054
89125,49899,7.46,0.948
89127,49984,7.63,0.181
89129,49995,7.1,0.065
89131,50133,7.9,0.102
89133,50306,7.29,1.005
89135,50671,7.17,0.553
89137,50693,6.5,0.402
89139,50764,7.12,-0.109
89141,7446,7.15,0.712
89143,7639,7.43,1.271
89145,7718,7.63,0.309
89147,7749,7.38,1.108
89149,7835,7.87,1.549
89151,7961,7.45,0.617
89153,8022,7.69,1.45
89155,8102,3.49,0.727
89157,8178,7.2,0.986
89159,8318,7.37,0.167
89161,7345,5.62,0.066
89163,7450,5.41,1.226
89165,7565,7.99,0.876
89167,50250,7.96,0.4
89169,50292,6.08,1.096
89171,50344,7.18,0.994
89173,50422,7.86,0.111
89175,50476,7.01,1.008
89177,50515,7.82,0.569
89179,50536,6.01,0.258
89181,50705,6.56,0.099
89183,50787,6.91,-0.064
89185,50874,6.61,0.511
89187,51026,7.23,0.865
89189,51054,7.48,0.398
89191,8296,6.7,0.07
89193,7113,7.14,0.312
89195,7404,7.17,0.593
89197,7555,7.96,1.562
89199,7916,5.75,0.443
89201,50414,5.25,0.336
89203,50584,6.31,0.338
89205,50698,7.66,0.272
89207,50747,7.84,0.9
89209,50827,7.05,1.638
89211,50955,7.91,1.176
89213,51057,7.77,1.143
89215,51189,7.91,1.617
89217,51283,7.62,0.955
89219,51490,6.2,1.377
89221,6957,6.88,0.95
89223,7038,7.88,0.9
89225,7125,7.49,0.256
89227,7222,6.6,-0.04
89229,7580,6.24,0.528
89231,7611,7.76,1.262
89233,7692,7.93,0.318
89235,7759,7.85,0.607
89237,7983,6.99,1.117
89239,8092,7.73,0.048
89241,50285,7.85,1.023
89243,50307,7.81,-0.053
89245,50552,6.38,0.894
89247,50554,7.72,0.422
89249,50593,7.99,0.169
89251,50649,7.25,0.312
89253,50658,6.97,0.188
89255,50692,6.69,1.569
89257,50736,7.46,1.238
89259,50806,7.72,0.696
89261,50885,5.93,-0.048
89263,50893,6.39,1.601
89265,50930,7.28,1.167
89267,51046,5.6,1.528
89269,51090,7.0,0.069
89271,51135,6.55,0.92
89273,51257,7.89,0.81
89275,51287,7.58,-0.037
89277,51302,6.05,0.059
89279,51394,7.71,0.449
89281,6984,6.69,0.411
89283,7059,7.05,0.973
89285,7075,7.8,0.927
89287,7140,7.46,1.211
89289,7276,5.75,0.639
89291,7427,7.79,0.567
89293,7546,7.79,1.045
89295,7576,7.66,0.797
89297,7669,7.35,0.465
89299,7999,4.98,1.378
89301,8094,6.2,1.537
89303,50343,7.66,1.127
89305,50558,7.7,0.371
89307,50720,7.84,0.511
89309,50772,7.31,1.034
89311,50887,6.45,0.918
89313,50914,7.24,1.042
89315,50978,7.84,0.052
89317,51117,6.33,1.443
89319,51146,7.22,1.532
89321,51210,7.99,0.314
89323,51211,7.5,1.086
89325,51362,5.19,-0.05
89327,51409,7.95,1.367
89329,51437,5.08,-0.138
89331,7354,7.47,1.053
89333,7362,6.44,1.341
89335,7382,7.44,0.181
89337,7549,7.08,0.671
89339,7597,6.43,1.568
89341,7779,7.27,0.445
89343,7832,6.74,1.21
89345,7880,7.83,0.993
89347,7904,7.6,0.96
89349,7971,7.95,0.438
89351,50348,7.56,1.256
89353,50483,7.95,1.462
89355,50684,6.66,-0.094
89357,50907,7.87,0.601
89359,50939,6.33,0.991
89361,50958,6.61,1.004
89363,51061,6.97,0.055
89365,51204,7.23,0.97
89367,51250,7.84,0.084
89369,51321,7.44,0.341
89371,51386,6.88,0.562
89373,51451,6.98,1.03
89375,51538,6.57,1.12
89377,7196,7.95,1.083
89379,7218,7.92,1.524
89381,7341,7.87,1.278
89383,7357,6.9,0.531
89385,7632,6.94,1.439
89387,7724,7.66,0.282
89389,7957,7.51,0.191
89391,8080,7.92,1.06
89393,50637,7.35,0.491
89395,50851,6.06,1.119
89397,50870,6.54,0.448
89399,51017,7.93,1.089
89401,51075,6.67,0.136
89403,51493,7.77,0.083
89405,7007,4.84,1.372
89407,7156,7.41,1.5
89409,7476,7.85,1.0
89411,7502,7.03,1.108
89413,7884,4.45,1.347
89415,8064,7.57,1.431
89417,50203,7.95,0.49
89419,50539,7.83,0.568
89421,50547,7.75,1.348
89423,50792,6.63,1.557
89425,50950,6.8,1.11
89427,51008,5.61,1.63
89429,51036,7.5,0.25
89431,51105,7.2,1.27
89433,51195,7.89,0.393
89435,51213,6.01,-0.043
89437,6915,6.54,0.352
89439,7131,7.78,1.105
89441,7243,6.31,0.8
89443,7366,6.96,1.157
89445,7456,6.78,0.465
89447,7505,6.39,1.605
89449,7604,7.59,0.428
89451,7819,6.34,0.401
89453,7883,7.31,1.334
89455,7987,7.29,0.284
89457,8110,7.15,0.65
89459,50473,7.02,0.594
89461,50623,7.71,1.202
89463,50782,7.78,0.75
89465,51133,7.31,1.54
89467,51179,6.64,0.855
89469,51184,7.78,1.55
89471,51295,7.12,0.15
89473,51309,6.85,1.014
89475,51360,7.25,0.441
89477,50333,5.42,1.65
89479,7117,7.03,0.988
89481,7184,7.59,1.536
89483,7198,8.0,1.319
89485,7277,7.97,0.527
89487,7364,7.28,0.192
89489,7535,5.54,0.347
89491,7585,6.77,0.648
89493,7710,6.74,1.12
89495,7859,7.59,1.129
89497,50755,6.16,0.018
89499,50829,7.26,0.6
89501,51145,7.34,0.491
89503,51201,7.95,1.42
89505,51277,7.57,1.05
89507,49988,7.88,0.552
89509,50175,7.09,1.39
89511,50305,6.6,0.3
89513,50508,6.85,0.031
89515,50814,7.75,0.406
89517,7282,7.71,0.991
89519,7447,5.95,0.259
89521,7709,6.74,0.867
89523,7740,5.98,1.119
89525,7975,7.58,1.12
89527,8271,6.55,0.256
89529,8387,5.86,-0.039
89531,8399,7.35,0.681
89533,7134,7.82,0.972
89535,7436,6.23,-0.036
89537,49735,7.88,0.152
89539,49747,6.68,0.553
89541,49831,7.43,0.402
89543,49882,6.64,0.364
89545,49966,7.42,1.214
89547,50056,7.82,0.42
89549,50174,6.02,0.573
89551,50364,7.62,0.468
89553,50444,7.65,0.982
89555,50564,4.78,0.452
89557,50579,7.73,1.308
89559,50583,2.01,1.128
89561,50608,7.53,1.163
89563,50848,7.12,0.983
89565,7358,6.65,1.086
89567,7359,5.9,1.536
89569,7603,7.96,0.096
89571,7609,7.86,0.521
89573,7658,6.66,1.429
89575,7685,7.89,0.31
89577,7839,7.56,0.311
89579,7893,7.85,0.154
89581,7981,5.24,0.836
89583,8159,6.27,0.72
89585,8619,6.7,0.33
89587,50319,5.95,0.655
89589,50335,3.43,0.307
89591,50336,5.84,1.206
89593,50384,5.81,0.5
89595,50394,7.74,1.421
89597,50516,6.42,1.388
89599,50528,7.6,1.17
89601,49677,7.79,0.337
89603,49700,7.82,0.418
89605,49842,7.76,0.999
89607,50355,7.57,0.595
89609,8151,7.84,0.369
89611,8622,7.16,0.366
89613,8718,6.74,1.136
89615,8857,7.51,0.395
89617,7583,7.8,0.559
89619,7861,7.45,0.979
89621,7874,6.2,0.459
89623,8544,5.83,0.743
89625,48982,5.75,1.059
89627,49103,6.93,1.275
89629,49565,7.42,0.463
89631,49580,7.96,0.67
89633,50019,6.86,0.931
89635,50093,7.55,0.123
89637,50109,6.05,0.844
89639,50303,5.49,0.02
89641,50316,6.46,0.635
89643,50451,7.77,0.396
89645,50459,6.53,-0.024
89647,7948,7.53,0.049
89649,8153,7.5,0.003
89651,8175,7.89,1.45
89653,8300,7.51,1.308
89655,8490,6.9,-0.066
89657,8796,3.42,0.488
89659,8804,6.86,1.475
89661,8812,7.87,1.047
89663,8926,7.63,0.987
89665,8938,7.34,0.485
89667,9132,5.84,1.576
89669,9166,7.11,-0.02
89671,49658,6.23,0.469
89673,49906,7.91,1.165
89675,50143,7.62,0.342
89677,50218,6.47,0.858
89679,48742,6.55,0.429
89681,49081,5.37,0.676
89683,49113,7.83,0.166
89685,49173,7.39,0.911
89687,49315,7.7,0.458
89689,49334,7.34,1.125
89691,49680,7.49,0.708
89693,8433,5.78,0.572
89695,9087,7.73,0.491
89697,9171,6.94,1.252
89699,9269,7.14,0.773
89701,9501,7.98,0.202
89703,9543,7.79,0.568
89705,9570,5.5,0.029
89707,9636,7.74,0.391
89709,8557,7.96,0.521
89711,8986,6.85,0.24
89713,9039,7.91,0.325
89715,48436,6.93,1.595
89717,48512,6.76,1.297
89719,48851,7.18,1.564
89721,49308,6.75,0.533
89723,49438,7.94,0.964
89725,49454,7.29,1.06
89727,49593,4.49,0.19
89729,49699,7.56,0.965
89731,48173,8.0,0.5
89733,48192,6.61,1.57
89735,48264,7.12,1.208
89737,48337,7.78,0.506
89739,48421,7.72,0.466
89741,48428,6.71,0.258
89743,9363,7.49,0.06
89745,9977,4.78,0.12
89747,8581,7.88,0.269
89749,8591,7.13,0.576
89751,8640,7.61,1.029
89753,8673,7.8,1.249
89755,8805,7.05,0.42
89757,8930,6.28,1.169
89759,9001,5.89,1.599
89761,9021,5.69,1.06
89763,9239,7.31,0.164
89765,9257,7.57,1.082
89767,9585,7.8,1.406
89769,9934,7.53,0.309
89771,47570,5.61,0.951
89773,47934,7.3,0.44
89775,48256,6.64,1.63
89777,48382,7.83,0.17
89779,48418,7.92,0.0
89781,48439,7.78,1.378
89783,48833,5.11,0.481
89785,48894,7.78,1.007
89787,46867,7.97,0.997
89789,47380,6.59,0.947
89791,47611,7.9,0.689
89793,47752,6.84,0.309
89795,9974,7.6,0.616
89797,10079,7.32,0.495
89799,10539,7.86,1.591
89801,10568,7.98,-0.051
89803,10695,7.8,0.407
89805,10721,6.89,0.998
89807,10951,7.26,-0.029
89809,11099,7.46,-0.204
89811,11185,6.72,1.545
89813,9401,7.92,0.464
89815,9438,6.85,1.427
89817,9640,2.1,1.37
89819,9779,7.58,0.342
89821,9800,6.86,0.314
89823,9822,7.9,0.067
89825,9991,7.71,0.403
89827,10006,7.64,0.075
89829,10028,7.16,-0.037
89831,10086,7.74,-0.06
89833,10176,6.09,-0.054
89835,10180,6.82,0.081
89837,10321,7.19,0.672
89839,10339,7.35,0.7
89841,10355,7.37,0.15
89843,10495,7.29,0.97
89845,10708,7.42,1.485
89847,10772,7.32,0.424
89849,46642,7.34,0.205
89851,46673,7.68,1.7
89853,46805,7.67,0.553
89855,46936,7.68,0.214
89857,47494,7.87,0.215
89859,47560,7.06,1.091
89861,47725,7.71,0.42
89863,47973,6.81,0.949
89865,48113,5.08,0.619
89867,48115,7.84,1.015
89869,48129,7.79,0.141
89871,48271,7.43,0.387
89873,48432,7.93,1.081
89875,45960,7.46,0.458
89877,46351,7.57,0.307
89879,46408,7.99,1.03
89881,46471,5.4,0.993
89883,46835,7.95,0.218
89885,46879,6.49,1.141
89887,46963,6.54,0.234
89889,47094,7.04,0.43
89891,10562,6.37,1.029
89893,10736,7.26,0.236
89895,10819,5.31,0.006
89897,10924,6.17,-0.094
89899,11133,7.56,0.18
89901,11226,7.4,1.808
89903,11292,7.95,0.425
89905,11444,7.7,0.061
89907,11520,7.81,0.493
89909,11611,6.71,1.115
89911,11645,8.0,0.593
89913,11662,7.33,1.002
89915,11663,7.24,1.684
89917,11673,7.4,1.104
89919,11719,7.09,0.187
89921,11770,7.01,0.366
89923,11773,7.99,1.447
89925,11875,7.95,1.665
89927,12690,6.3,1.14
89929,9929,7.67,1.008
89931,9983,6.38,0.965
89933,10340,4.84,1.476
89935,10456,6.9,-0.027
89937,10626,7.61,0.642
89939,10654,7.65,0.07
89941,10814,6.21,0.164
89943,10985,7.0,0.244
89945,11003,7.79,1.187
89947,11092,7.69,0.204
89949,11142,7.97,0.981
89951,11266,7.42,0.9
89953,45974,6.94,-0.026
89955,46344,7.99,1.622
89957,46496,7.07,1.54
89959,46873,6.76,0.12
89961,46981,7.55,0.98
89963,44607,6.77,0.411
89965,44724,7.55,0.928
89967,44752,7.2,0.96
89969,44901,4.46,0.288
89971,44994,7.61,0.36
89973,45029,7.84,0.299
89975,45152,6.69,0.033
89977,45187,7.65,0.794
89979,45343,7.64,1.41
89981,45493,4.8,0.199
89983,45497,7.91,0.844
89985,45813,6.54,0.085
89987,45836,6.14,0.436
89989,45859,7.82,0.72
89991,46156,7.03,0.86
89993,46168,6.3,0.774
89995,120005,7.7,1.42
89997,43767,7.75,0.98
89999,43770,7.29,-0.02
90001,44464,6.87,0.999
90003,44504,5.74,0.034
90005,13845,7.69,0.096
90007,14043,5.24,-0.049
90009,14047,6.64,0.019
90011,14328,2.91,0.716
90013,11889,6.66,0.193
90015,12169,7.24,0.922
90017,12241,7.36,-0.026
90019,12453,6.6,0.087
90021,12454,7.57,0.14
90023,12686,5.85,1.125
90025,12777,4.1,0.514
90027,12937,7.99,0.34
90029,12957,7.17,0.342
90031,13049,7.29,0.729
90033,13076,7.78,0.21
90035,13105,8.0,0.126
90037,13250,7.53,0.072
90039,13351,6.91,1.337
90041,13424,6.35,0.093
90043,13531,3.93,0.758
90045,13540,6.55,1.098
90047,13623,7.89,1.085
90049,13732,6.22,1.567
90051,10830,6.44,0.427
90053,11147,7.65,1.019
90055,11220,5.19,0.979
90057,11313,4.73,1.532
90059,11465,6.16,0.435
90061,11785,7.11,1.734
90063,11790,7.72,0.06
90065,11923,7.77,0.628
90067,11997,6.98,0.05
90069,12039,7.79,0.256
90071,43630,7.38,0.612
90073,43933,6.97,1.476
90075,43981,7.84,0.502
90077,44065,7.94,0.954
90079,44638,7.96,0.624
90081,44654,7.74,0.371
90083,45022,7.77,0.46
90085,45225,7.81,1.165
90087,41153,7.56,0.421
90089,42019,6.87,0.003
90091,42297,7.64,0.363
90093,42434,6.47,0.035
90095,42548,7.79,1.155
90097,42575,8.0,0.675
90099,42645,7.04,0.979
90101,42693,7.9,0.348
90103,43021,7.99,0.14
90105,43485,8.0,0.397
90107,43984,6.89,0.168
90109,39261,6.02,0.158
90111,39639,6.69,0.11
90113,40121,7.91,1.136
90115,40431,7.28,0.983
90117,40474,6.43,0.21
90119,40570,6.58,1.318
90121,40646,5.63,0.182
90123,40875,5.89,0.421
90125,41060,6.42,0.969
90127,41704,3.35,0.856
90129,41775,7.14,0.661
90131,39313,6.87,0.384
90133,19314,7.46,0.082
90135,15941,7.96,0.417
90137,16040,7.45,0.988
90139,16057,7.56,0.201
90141,16177,6.49,0.014
90143,16183,7.51,0.975
90145,16228,4.21,0.419
90147,16303,6.14,0.095
90149,16584,7.9,0.402
90151,16587,6.45,0.168
90153,16656,7.77,0.736
90155,16712,6.43,0.433
90157,17075,6.9,1.4
90159,17211,6.84,0.325
90161,17342,5.74,1.736
90163,17568,7.76,0.451
90165,18088,6.91,1.384
90167,18413,6.53,0.698
90169,14482,7.95,1.147
90171,14592,6.64,0.637
90173,14620,7.46,0.32
90175,14827,7.48,2.182
90177,14927,7.45,1.804
90179,15063,7.13,0.435
90181,15192,5.79,0.644
90183,15217,7.54,0.87
90185,15270,7.48,0.078
90187,15554,7.15,1.168
90189,15596,7.75,1.372
90191,15795,6.58,1.271
90193,15818,7.82,0.443
90195,15943,6.85,1.068
90197,16019,7.55,1.872
90199,16103,7.9,0.109
90201,16281,4.55,0.489
90203,16602,6.37,0.523
90205,13063,6.92,0.132
90207,13088,7.57,0.986
90209,13268,3.77,1.69
90211,13962,6.86,1.916
90213,13980,7.33,0.126
90215,14147,7.19,0.294
90217,14382,4.77,1.018
90219,14392,6.1,1.049
90221,40772,5.73,0.891
90223,41180,7.68,-0.034
90225,37150,7.37,0.454
90227,37595,7.87,1.23
90229,37866,7.85,0.449
90231,37934,6.5,0.262
90233,37975,6.78,0.125
90235,38621,7.89,0.884
90237,38699,7.81,0.594
90239,38709,7.04,1.227
90241,39340,6.09,0.58
90243,34655,7.83,0.1
90245,35161,7.29,0.833
90247,35466,7.39,1.153
90249,35762,7.3,1.345
90251,35913,7.68,0.077
90253,35953,7.56,0.254
90255,36306,7.34,1.153
90257,36333,7.59,0.412
90259,36595,7.0,0.083
90261,36634,6.68,0.989
90263,36698,7.85,1.204
90265,36871,7.79,0.999
90267,37030,7.18,1.241
90269,37073,7.63,0.433
90271,37093,7.99,1.28
90273,37882,7.79,0.385
90275,37884,7.74,0.351
90277,31729,7.61,0.495
90279,31843,7.74,-0.03
90281,31914,7.98,0.035
90283,31980,7.38,0.978
90285,32117,7.07,0.578
90287,32264,7.66,0.522
90289,32653,7.9,1.704
90291,32877,7.97,0.254
90293,33108,7.98,1.025
90295,33587,7.98,0.93
90297,33880,6.61,1.51
90299,33901,7.84,0.069
90301,34857,7.66,1.591
90303,28482,6.88,0.192
90305,28523,6.61,0.224
90307,28592,7.1,1.253
90309,28607,7.03,1.676
90311,28808,7.86,0.391
90313,28914,7.59,0.549
90315,28989,7.74,0.255
90317,29490,5.36,1.344
90319,29588,7.69,1.395
90321,29720,7.05,0.508
90323,29864,7.26,1.032
90325,31060,7.97,0.964
90327,31333,7.59,0.44
90329,25783,7.86,1.0
90331,25883,7.74,0.602
90333,26186,7.3,0.109
90335,26408,6.15,0.006
90337,26410,6.26,0.231
90339,26429,7.84,0.211
90341,26882,5.62,1.249
90343,27025,6.82,1.216
90345,27227,6.66,1.568
90347,27634,6.61,0.822
90349,27714,7.46,1.266
90351,28000,7.99,1.317
90353,28205,6.24,1.369
90355,22417,7.86,1.14
90357,22465,7.49,1.238
90359,22733,7.08,0.931
90361,22783,4.26,-0.008
90363,23047,6.72,1.003
90365,23455,7.91,1.252
90367,23484,6.2,0.509
90369,24012,7.52,1.379
90371,24017,6.37,0.448
90373,24108,6.74,0.301
90375,24270,7.9,0.543
90377,24402,7.85,0.436
90379,24404,7.13,0.145
90381,24453,7.72,0.242
90383,24955,6.39,0.921
90385,25222,7.29,0.538
90387,25305,7.64,0.735
90389,20119,8.0,0.736
90391,20154,7.97,0.22
90393,20266,5.26,0.82
90395,20518,7.89,1.004
90397,20980,7.75,0.188
90399,21034,7.72,0.399
90401,21229,7.49,0.464
90403,21236,6.86,1.075
90405,21276,7.75,0.759
90407,21450,7.84,0.313
90409,21452,5.91,-0.009
90411,21695,7.72,0.0
90413,21758,7.04,0.945
90415,22130,7.34,1.036
90417,22190,6.85,1.203
90419,22476,6.88,0.025
90421,22626,5.47,1.559
90423,17891,5.82,0.189
90425,18113,6.73,0.161
90427,18488,4.99,1.435
90429,18505,4.95,-0.074
90431,18525,7.98,0.481
90433,18818,8.0,0.65
90435,18884,7.34,0.283
90437,19115,7.59,2.045
90439,19122,7.91,0.096
90441,19139,6.76,0.235
90443,19161,7.39,0.92
90445,19241,7.94,0.087
90447,19270,7.08,0.375
90449,19272,6.95,0.386
90451,19588,7.28,1.027
90453,19968,5.69,-0.116
90455,20003,7.68,1.138
90457,20027,7.15,2.038
90459,20066,7.7,0.001
90461,20157,7.76,0.205
90463,20548,7.03,0.387
90465,17257,6.99,0.65
90467,17513,7.66,0.222
90469,17929,7.35,0.984
90471,18324,7.84,0.831
90473,33761,7.74,0.03
90475,34826,7.76,1.357
90477,34992,7.17,0.437
90479,35497,6.75,1.234
90481,35676,6.92,-0.094
90483,36440,7.68,0.503
90485,31068,6.15,-0.147
90487,31203,6.85,1.265
90489,31386,7.78,0.261
90491,31430,7.42,0.204
90493,31711,6.15,0.624
90495,32309,6.95,1.427
90497,32607,3.24,0.225
90499,33690,6.81,0.786
90501,28869,7.84,0.595
90503,28991,5.04,1.256
90505,29314,7.45,0.385
90507,29468,6.59,-0.066
90509,30064,6.86,0.905
90511,30094,6.95,1.171
90513,30173,7.65,0.234
90515,30352,6.3,1.612
90517,30480,6.45,0.66
90519,30524,6.26,-0.119
90521,30760,6.61,0.088
90523,25700,6.6,1.526
90525,25889,7.19,-0.104
90527,25994,7.44,0.271
90529,26069,3.76,0.64
90531,26190,6.32,0.845
90533,26842,6.89,-0.013
90535,27206,7.41,1.288
90537,27568,7.84,0.435
90539,27660,6.35,0.866
90541,27674,7.89,0.2
90543,27822,6.81,0.064
90545,27846,7.71,0.029
90547,27890,4.65,1.022
90549,23742,7.72,0.491
90551,23781,7.93,0.309
90553,24536,7.84,1.451
90555,24725,7.87,1.204
90557,24779,7.22,1.39
90559,24893,7.88,1.199
90561,25120,7.92,1.049
90563,25231,7.65,0.7
90565,25706,7.57,1.063
90567,21479,5.59,1.5
90569,21841,7.68,0.081
90571,22249,7.23,0.448
90573,22861,7.98,0.11
90575,20619,5.94,1.533
90577,40636,7.24,0.988
90579,40637,7.07,0.969
90581,41077,7.85,0.04
90583,41147,7.53,0.398
90585,41196,7.19,1.753
90587,41223,6.81,-0.108
90589,41266,6.61,-0.047
90591,41285,6.95,0.346
90593,41408,7.4,0.05
90595,41464,6.52,-0.01
90597,41583,7.97,-0.048
90599,41653,6.36,0.799
90601,41813,6.34,1.298
90603,41831,7.98,1.154
90605,41887,8.0,0.088
90607,41897,7.35,-0.038
90609,41906,7.45,0.048
90611,42323,7.82,1.574
90613,38087,6.3,1.01
90615,38152,5.57,1.116
90617,38387,7.5,0.948
90619,38656,5.62,1.298
90621,38834,7.06,2.025
90623,38844,7.46,1.064
90625,38904,7.41,0.044
90627,39119,7.11,1.236
90629,39238,6.28,-0.146
90631,39286,6.67,0.34
90633,39310,6.7,-0.029
90635,39496,8.0,-0.008
90637,39557,7.98,1.682
90639,39736,7.44,1.626
90641,39957,5.66,0.204
90643,40495,7.83,-0.034
90645,35910,6.58,0.71
90647,36169,7.81,1.061
90649,36287,6.52,0.936
90651,36748,7.5,1.518
90653,36801,7.68,0.496
90655,36980,6.64,1.204
90657,37116,7.97,0.289
90659,37212,7.64,0.05
90661,37454,7.78,0.057
90663,37530,6.4,-0.094
90665,37563,7.17,0.637
90667,37599,6.2,1.049
90669,37846,7.84,0.9
90671,37854,6.1,0.397
90673,37900,7.95,1.609
90675,38160,5.78,0.428
90677,38179,7.49,0.675
90679,38226,6.72,1.239
90681,38310,7.31,0.008
90683,38416,7.48,0.013
90685,38433,7.86,0.078
90687,38600,7.81,0.524
90689,38964,7.84,1.029
90691,33717,7.71,-0.048
90693,33800,6.01,0.297
90695,34000,5.5,-0.125
90697,34291,7.92,0.068
90699,34350,6.46,-0.113
90701,34517,7.96,0.353
90703,34543,6.82,0.821
90705,35095,6.84,0.266
90707,35121,7.42,1.647
90709,35313,7.55,0.199
90711,35467,6.73,0.299
90713,35590,7.81,-0.019
90715,30882,7.68,1.286
90717,31768,7.06,-0.09
90719,31858,7.59,0.998
90721,32775,6.11,0.457
90723,33012,6.41,0.181
90725,33622,6.96,1.513
90727,28521,6.93,1.034
90729,28596,6.41,1.508
90731,30215,6.96,0.233
90733,30314,6.53,0.614
90735,30463,5.78,-0.001
90737,30714,6.97,1.219
90739,30916,7.99,0.503
90741,25982,7.67,0.99
90743,27516,7.39,1.541
90745,27887,7.17,0.935
90747,23792,7.31,1.286
90749,24333,7.12,1.305
90751,24929,7.09,0.119
90753,25544,6.99,0.755
90755,25581,8.0,1.089
90757,21585,6.61,0.932
90759,21645,7.2,0.188
90761,21756,6.53,0.677
90763,22040,5.28,0.206
90765,22229,7.72,0.581
90767,22240,6.8,1.044
90769,22358,6.96,1.348
90771,22469,7.46,1.227
90773,23121,7.78,1.219
90775,18883,7.69,0.414
90777,19141,7.87,0.925
90779,19277,7.95,1.337
90781,19726,7.3,0.21
90783,19759,7.54,0.483
90785,19921,4.44,1.078
90787,20153,7.99,0.116
90789,20543,7.53,0.082
90791,20552,6.28,0.659
90793,20931,7.98,1.212
90795,21106,7.01,0.213
90797,17494,7.83,1.489
90799,17501,7.95,0.965
90801,17725,7.96,1.22
90803,17824,7.18,1.101
90805,18055,7.48,0.92
90807,18183,7.75,-0.12
90809,18202,7.91,0.962
90811,18592,6.05,0.439
90813,18656,6.82,0.246
90815,18731,7.03,0.109
90817,18969,7.65,0.174
90819,19086,7.97,0.163
90821,16320,7.88,0.91
90823,16409,7.12,1.53
90825,16645,7.61,0.995
90827,16952,7.43,1.532
90829,16990,7.96,0.96
90831,17089,6.85,1.639
90833,17122,7.84,0.253
90835,17445,7.32,0.872
90837,43244,7.68,1.09
90839,43936,7.62,1.11
90841,43938,7.16,1.712
90843,43959,7.83,0.471
90845,43989,7.09,0.119
90847,44067,7.57,1.224
90849,44168,7.19,0.148
90851,44181,6.88,1.32
90853,44245,6.7,-0.148
90855,44270,7.93,1.01
90857,44317,7.44,-0.115
90859,44618,7.27,-0.118
90861,44634,7.71,0.037
90863,44658,7.94,1.516
90865,44979,6.48,0.17
90867,45014,7.02,-0.111
90869,41703,7.0,0.203
90871,42069,6.58,-0.156
90873,42136,7.57,1.13
90875,42161,7.47,1.634
90877,42177,5.79,-0.132
90879,42245,7.28,0.389
90881,42274,7.83,0.085
90883,42374,7.66,0.076
90885,42400,6.45,-0.1
90887,42459,5.45,-0.132
90889,42504,5.18,-0.147
90891,42511,7.34,0.275
90893,42519,7.46,-0.114
90895,42535,5.56,-0.125
90897,42536,3.6,-0.168
90899,42695,7.82,0.661
90901,42702,7.38,0.015
90903,42715,5.49,-0.127
90905,42726,4.83,-0.173
90907,42809,7.8,1.08
90909,42823,7.86,0.097
90911,42829,7.77,0.191
90913,42834,5.15,-0.197
90915,42988,7.65,-0.087
90917,43017,7.46,1.163
90919,43071,7.7,0.18
90921,43141,7.8,0.625
90923,43195,6.29,-0.097
90925,43197,6.71,0.424
90927,43380,7.55,0.264
90929,43402,7.58,1.28
90931,43593,6.39,0.003
90933,43689,7.58,-0.092
90935,40188,6.97,0.352
90937,40557,7.37,1.1
90939,40568,7.75,0.05
90941,40703,7.72,0.093
90943,40929,7.02,0.253
90945,41081,5.89,0.018
90947,41207,7.56,0.15
90949,41296,5.18,-0.164
90951,41373,6.05,0.062
90953,41426,6.49,0.419
90955,41483,5.08,0.256
90957,41539,7.45,-0.005
90959,41644,6.44,-0.108
90961,41861,5.68,0.582
90963,42038,6.79,-0.111
90965,42121,7.06,-0.109
90967,39766,7.58,1.01
90969,16460,7.78,0.717
90971,16690,6.84,0.436
90973,16825,7.66,0.918
90975,17096,7.12,0.583
90977,17171,7.92,0.627
90979,17464,6.29,1.035
90981,17785,6.89,0.592
90983,14307,7.56,0.566
90985,14507,7.87,1.481
90987,14710,7.57,0.585
90989,14991,7.84,1.082
90991,15106,7.57,0.471
90993,15400,8.0,0.3
90995,15747,7.91,0.513
90997,15884,6.5,0.003
90999,15957,7.8,1.255
91001,13365,7.05,1.015
91003,13502,7.22,1.044
91005,13624,7.61,1.104
91007,14749,6.11,1.118
91009,46571,7.25,0.076
91011,44562,7.57,1.67
91013,44713,7.31,0.664
91015,44790,6.78,-0.01
91017,44816,2.23,1.665
91019,44952,7.8,1.703
91021,44999,7.82,0.055
91023,45085,4.99,0.222
91025,45122,5.78,-0.218
91027,45145,7.98,-0.094
91029,45168,6.66,0.442
91031,45189,5.56,-0.107
91033,45270,5.92,-0.051
91035,45314,5.85,-0.113
91037,45367,6.8,1.132
91039,45413,6.25,-0.07
91041,45481,6.02,0.269
91043,45505,5.12,1.636
91045,45545,6.75,-0.008
91047,45562,7.74,1.29
91049,45625,7.21,-0.146
91051,45681,7.55,-0.048
91053,45690,7.2,1.095
91055,45711,7.88,1.09
91057,45776,7.27,-0.1
91059,45796,6.7,1.227
91061,45861,7.64,0.09
91063,45962,5.74,0.903
91065,46024,7.95,0.042
91067,46188,7.94,1.72
91069,46194,6.31,1.526
91071,46319,7.5,0.02
91073,43260,7.83,0.383
91075,43589,5.92,-0.148
91077,43602,6.81,-0.034
91079,43671,5.31,0.275
91081,43794,7.57,0.017
91083,44024,5.88,1.06
91085,44093,5.17,0.268
91087,44282,7.72,0.231
91089,44509,6.46,-0.155
91091,44511,3.75,1.174
91093,44568,6.88,0.081
91095,44709,7.77,-0.07
91097,44996,6.83,-0.128
91099,45013,7.88,0.88
91101,13987,7.5,0.238
91103,14106,7.81,0.485
91105,14187,5.81,1.304
91107,14284,7.29,0.958
91109,12308,7.46,0.309
91111,12309,7.86,0.996
91113,12573,7.82,1.209
91115,12611,6.09,0.876
91117,12712,7.5,1.025
91119,12855,6.84,1.358
91121,13129,7.74,0.49
91123,13139,6.78,0.991
91125,13498,7.7,0.648
91127,47328,6.69,0.491
91129,47373,7.7,0.902
91131,45542,7.11,0.98
91133,45551,7.85,0.12
91135,45705,7.95,0.626
91137,45878,7.27,0.989
91139,45924,5.56,1.637
91141,45955,7.48,1.518
91143,45980,6.53,1.125
91145,46114,6.05,0.193
91147,46244,7.38,1.524
91149,46290,6.67,0.435
91151,46297,6.19,0.251
91153,46402,7.34,0.046
91155,46526,6.6,0.479
91157,46547,7.98,0.429
91159,46612,7.91,1.671
91161,46651,3.6,0.371
91163,46779,7.55,0.019
91165,46811,5.35,0.897
91167,46818,7.77,0.665
91169,46874,6.43,0.337
91171,46979,7.72,0.471
91173,45079,7.02,0.055
91175,45091,7.88,0.314
91177,45242,6.27,1.25
91179,45344,5.24,-0.137
91181,45354,7.55,0.198
91183,45806,7.99,1.061
91185,12413,4.74,0.061
91187,12614,7.66,1.198
91189,12879,6.86,0.962
91191,11231,6.17,0.653
91193,11256,7.47,0.266
91195,11575,7.98,0.652
91197,12016,7.03,1.54
91199,12135,7.76,1.033
91201,12281,7.23,0.927
91203,12285,7.37,1.453
91205,12486,4.11,1.006
91207,12502,7.7,1.646
91209,12708,6.35,-0.022
91211,12842,7.95,1.42
91213,10836,7.67,1.054
91215,11078,7.8,1.128
91217,48131,7.32,0.288
91219,46376,7.81,0.275
91221,46476,7.79,0.478
91223,46515,4.51,1.408
91225,46697,7.81,0.098
91227,46730,7.17,0.958
91229,46736,5.86,1.287
91231,46877,7.53,0.113
91233,46888,7.24,0.663
91235,46945,7.95,0.061
91237,47020,7.32,0.028
91239,47039,6.48,0.417
91241,47147,7.5,1.021
91243,47224,5.96,1.118
91245,47255,7.74,0.664
91247,47339,7.99,0.863
91249,47482,7.8,0.511
91251,47511,7.32,0.438
91253,47572,7.82,-0.054
91255,47612,7.87,0.025
91257,47627,6.39,-0.053
91259,47881,7.82,1.045
91261,47919,6.88,0.403
91263,46075,6.47,0.193
91265,46192,7.93,-0.054
91267,46517,6.15,0.216
91269,11903,7.71,1.436
91271,10152,7.8,1.164
91273,10347,7.41,1.503
91275,10459,7.46,1.236
91277,10567,7.5,0.534
91279,10673,6.7,0.989
91281,11038,7.87,1.161
91283,11121,6.47,1.592
91285,11222,6.93,0.497
91287,11496,7.19,1.629
91289,11590,7.76,1.216
91291,11802,6.28,1.027
91293,10315,7.01,1.374
91295,47439,7.98,0.292
91297,47451,7.27,1.583
91299,47564,6.59,1.3
91301,47647,7.53,0.164
91303,47868,6.45,-0.137
91305,47873,6.9,0.468
91307,47950,6.94,-0.012
91309,47964,7.75,1.068
91311,47999,6.97,0.05
91313,48042,6.63,1.004
91315,48328,7.69,0.317
91317,48392,7.2,1.011
91319,48723,6.93,0.003
91321,47199,5.62,1.023
91323,47430,7.97,0.387
91325,47530,6.9,0.026
91327,10851,7.92,1.656
91329,11300,7.88,0.262
91331,11448,7.59,0.537
91333,10015,7.02,1.392
91335,10039,7.77,1.678
91337,10182,7.65,1.007
91339,10260,7.97,0.878
91341,10320,5.27,-0.013
91343,10357,7.07,1.335
91345,10683,7.69,0.524
91347,11104,8.0,1.26
91349,48125,6.63,0.7
91351,48466,7.72,0.375
91353,48468,6.28,0.622
91355,48547,7.2,0.65
91357,48648,7.79,1.086
91359,48763,6.27,0.219
91361,48776,6.32,0.173
91363,48916,7.01,0.937
91365,49006,7.36,1.35
91367,49142,7.68,1.11
91369,47408,7.73,1.184
91371,47758,4.78,0.516
91373,47811,7.12,0.364
91375,47882,7.88,1.031
91377,47957,7.01,0.419
91379,48047,7.27,0.523
91381,48237,7.53,0.951
91383,48240,7.98,0.491
91385,9521,6.4,0.135
91387,9677,4.68,-0.156
91389,9900,7.7,1.066
91391,10089,7.42,1.593
91393,10164,7.06,1.004
91395,10268,7.89,1.008
91397,10423,7.66,0.48
91399,10525,7.91,0.909
91401,9285,6.79,0.023
91403,9535,7.78,1.047
91405,9710,7.94,0.997
91407,9737,7.34,1.483
91409,9738,7.34,0.924
91411,9955,7.23,0.27
91413,10292,7.92,1.08
91415,48180,7.4,1.201
91417,48327,6.85,3.435
91419,48479,7.97,1.021
91421,48554,8.0,1.295
91423,48559,4.87,1.199
91425,48584,6.23,0.052
91427,48722,7.62,1.117
91429,48739,7.93,0.647
91431,48884,6.77,0.069
91433,48943,6.11,-0.101
91435,49090,7.7,0.498
91437,49099,7.82,0.05
91439,49141,6.8,1.004
91441,49216,7.97,1.535
91443,49294,6.71,0.02
91445,49337,7.8,1.531
91447,49339,5.7,0.303
91449,9061,4.92,1.434
91451,9086,7.38,1.197
91453,9258,6.62,0.478
91455,9281,7.97,1.438
91457,9392,7.04,1.428
91459,9497,7.87,0.492
91461,9562,6.3,1.34
91463,9831,7.86,1.255
91465,10029,7.27,1.451
91467,10069,6.48,0.289
91469,10367,7.92,0.471
91471,49209,6.82,0.181
91473,49250,7.78,0.934
91475,49481,7.29,1.538
91477,49561,6.66,0.417
91479,49587,7.41,0.118
91481,49668,7.26,0.622
91483,48323,7.78,0.591
91485,48507,7.53,0.903
91487,48555,7.85,0.458
91489,48615,4.94,1.559
91491,48683,7.43,0.114
91493,48693,7.72,0.584
91495,48845,7.78,1.047
91497,48964,6.7,1.46
91499,9249,7.31,0.493
91501,9326,5.43,1.64
91503,9347,3.99,1.554
91505,9534,6.97,-0.106
91507,9577,7.62,1.148
91509,9862,6.39,1.143
91511,9943,7.99,0.486
91513,8770,7.51,0.607
91515,48630,6.51,0.807
91517,48672,6.85,1.517
91519,48780,7.41,0.51
91521,48830,6.62,0.314
91523,48947,7.62,0.058
91525,49110,7.96,0.019
91527,49129,7.47,1.068
91529,49169,7.59,0.14
91531,49258,7.67,0.475
91533,49319,7.14,-0.025
91535,49321,6.3,-0.06
91537,49362,7.64,0.118
91539,49409,7.86,0.806
91541,49541,6.72,0.23
91543,49556,7.85,0.506
91545,49569,5.59,1.49
91547,49689,6.25,-0.007
91549,49728,7.52,0.649
91551,49742,7.13,0.453
91553,49858,6.96,1.519
91555,49867,7.12,1.43
91557,48494,7.73,1.531
91559,8421,7.23,1.593
91561,8688,6.44,1.608
91563,8778,5.78,0.26
91565,9105,7.58,1.644
91567,9135,7.98,1.477
91569,9277,7.32,1.064
91571,9479,7.71,1.368
91573,9572,5.87,0.966
91575,9639,7.03,1.605
91577,9678,7.5,0.461
91579,9701,7.37,1.612
91581,9716,7.79,0.832
91583,48741,6.78,1.376
91585,48877,7.43,1.408
91587,48901,7.27,1.565
91589,48925,7.81,0.26
91591,48958,7.88,0.296
91593,49148,7.93,0.895
91595,49159,7.59,1.597
91597,49202,6.98,0.529
91599,49289,7.09,1.389
91601,49402,4.6,-0.087
91603,49701,6.54,0.02
91605,49717,7.96,1.117
91607,49755,7.09,1.652
91609,49774,7.43,1.202
91611,49802,6.24,0.184
91613,49809,5.3,0.368
91615,49841,3.61,1.007
91617,8549,6.88,1.631
91619,8564,7.57,0.468
91621,8672,6.95,1.518
91623,8759,7.41,1.389
91625,9237,6.46,1.128
91627,9300,6.8,1.578
91629,9349,7.99,0.66
91631,9427,7.83,0.535
91633,49812,5.91,0.026
91635,49865,5.64,1.304
91637,49900,6.23,0.026
91639,50029,7.98,0.782
91641,50061,7.68,0.87
91643,50100,7.21,0.496
91645,50140,6.97,1.03
91647,49175,7.46,0.99
91649,49260,7.08,1.049
91651,49293,6.09,1.671
91653,49350,7.49,0.689
91655,49432,7.85,0.169
91657,49590,7.67,0.179
91659,49633,6.63,1.61
91661,8486,6.72,0.654
91663,8497,4.66,0.333
91665,8645,3.74,1.136
91667,9094,6.42,0.817
91669,9099,7.49,1.319
91671,9372,5.43,1.391
91673,9406,6.92,0.96
91675,8268,7.52,1.05
91677,49557,7.68,1.106
91679,49615,7.72,0.522
91681,49832,7.84,0.511
91683,49887,7.84,1.374
91685,49961,7.96,0.448
91687,50084,7.45,0.417
91689,50105,7.5,0.168
91691,49021,7.75,1.02
91693,49231,7.33,1.536
91695,8899,7.94,1.005
91697,9117,7.54,0.214
91699,9352,7.86,1.144
91701,8143,6.45,0.864
91703,8230,5.37,1.517
91705,8548,7.07,0.569
91707,8650,7.2,0.316
91709,8664,6.42,1.233
91711,49412,7.32,1.629
91713,49426,7.57,1.294
91715,49545,7.76,0.074
91717,49641,4.48,-0.032
91719,49643,7.68,1.53
91721,49682,7.81,1.097
91723,49753,7.93,1.161
91725,49871,7.57,0.837
91727,50291,7.85,1.409
91729,49077,7.07,1.544
91731,49125,7.19,0.3
91733,49221,6.7,1.064
91735,9165,6.52,0.174
91737,8196,7.38,1.649
91739,8302,7.39,0.374
91741,8339,7.84,0.408
91743,8661,7.18,0.359
91745,8798,7.43,0.635
91747,49508,7.94,0.493
91749,49613,6.67,1.64
91751,49694,6.68,0.366
91753,49756,7.55,0.647
91755,50057,7.39,0.353
91757,50139,7.75,0.609
91759,49329,6.43,0.398
91761,8998,6.01,0.549
91763,9353,5.89,0.61
91765,8134,6.73,1.605
91767,8173,7.19,1.06
91769,8225,6.83,0.362
91771,8328,7.8,1.187
91773,8341,7.79,1.051
91775,8454,7.37,0.262
91777,8757,7.53,0.954
91779,8833,4.61,0.928
91781,49530,6.2,0.939
91783,49739,6.6,1.352
91785,49880,7.26,1.093
91787,49888,7.66,1.132
91789,50027,5.77,1.178
91791,50190,7.81,0.956
91793,48989,7.69,0.471
91795,49030,7.64,0.478
91797,49288,7.23,0.904
91799,49374,7.35,0.625
91801,8951,7.55,-0.02
91803,9343,6.75,0.999
91805,9355,7.41,1.744
91807,9368,7.09,0.941
91809,8211,6.99,0.138
91811,8404,5.91,0.97
91813,8597,7.72,1.084
91815,8765,7.98,1.014
91817,50081,7.43,0.975
91819,48921,7.14,1.483
91821,49029,4.68,1.589
91823,49256,7.99,0.48
91825,49279,7.14,0.435
91827,49396,7.31,0.481
91829,49637,4.39,1.448
91831,49766,7.09,1.645
91833,8612,7.8,0.944
91835,8836,7.44,1.378
91837,8859,6.77,0.468
91839,8872,7.78,0.653
91841,8883,6.6,1.681
91843,9035,7.95,0.59
91845,9369,7.6,0.924
91847,8198,4.26,0.942
91849,8210,6.55,-0.026
91851,8429,7.04,1.194
91853,8524,7.43,0.621
91855,48883,5.26,-0.035
91857,48911,7.44,0.29
91859,49158,7.8,1.039
91861,49300,7.93,1.579
91863,49328,7.13,0.163
91865,49348,7.76,1.489
91867,49518,7.37,0.23
91869,49669,1.36,-0.087
91871,49925,7.78,1.61
91873,49929,6.43,0.468
91875,8588,5.92,0.302
91877,8708,7.39,0.1
91879,8754,7.98,0.237
91881,8827,7.07,0.483
91883,8888,7.11,1.155
91885,8916,7.45,0.969
91887,8973,7.58,0.976
91889,9295,6.09,0.186
91891,9517,6.87,1.077
91893,9533,5.97,1.584
91895,8306,7.05,-0.017
91897,48751,7.36,0.917
91899,48823,7.29,1.297
91901,48881,7.45,0.921
91903,49048,7.74,1.27
91905,49108,7.64,1.205
91907,49198,7.99,0.119
91909,49395,7.98,1.424
91911,49445,6.36,0.387
91913,49583,3.48,-0.031
91915,49623,7.14,0.656
91917,49850,7.95,0.391
91919,8448,7.58,0.333
91921,8667,7.94,1.538
91923,8947,7.81,1.094
91925,9110,5.09,0.921
91927,9229,7.79,0.983
91929,9240,7.77,0.511
91931,9434,7.64,0.435
91933,9449,7.24,1.518
91935,9470,6.54,1.15
91937,49307,7.92,0.851
91939,49484,7.01,1.21
91941,49729,6.92,1.067
91943,48386,7.77,1.424
91945,48484,7.41,1.029
91947,48670,8.0,0.433
91949,48785,7.6,0.56
91951,48812,7.98,1.15
91953,48977,6.74,0.205
91955,49220,5.68,-0.178
91957,9307,5.89,1.031
91959,9815,7.56,0.58
91961,8689,6.59,1.102
91963,8832,3.88,-0.047
91965,8903,2.64,0.165
91967,9248,6.79,1.202
91969,9627,6.24,1.424
91971,48124,7.78,0.064
91973,48144,7.64,1.227
91975,48248,6.89,0.495
91977,48390,5.29,0.229
91979,48417,7.78,1.234
91981,48462,8.0,1.147
91983,48511,7.02,1.189
91985,48642,7.07,0.586
91987,49018,7.86,0.868
91989,49153,7.41,1.492
91991,49365,7.97,1.172
91993,8993,5.76,1.185
91995,9073,7.85,0.711
91997,9153,4.79,0.29
91999,9283,7.3,0.31
92001,9371,7.89,1.011
92003,9435,7.47,0.925
92005,9452,6.61,0.339
92007,9492,7.21,0.496
92009,9621,5.64,0.537
92011,9669,7.14,1.01
92013,9683,7.43,0.71
92015,9780,7.55,1.015
92017,9814,7.75,0.254
92019,9829,6.89,0.662
92021,9836,5.03,0.121
92023,9851,7.25,0.18
92025,9859,6.01,-0.03
92027,9884,2.01,1.151
92029,9963,7.14,1.717
92031,10053,4.98,0.339
92033,10181,7.31,0.398
92035,10203,6.01,1.365
92037,10272,7.71,1.133
92039,10296,5.96,1.366
92041,10378,7.09,0.468
92043,48433,7.82,0.878
92045,48455,3.88,1.222
92047,48541,7.59,0.159
92049,48696,7.84,1.022
92051,48709,7.67,0.998
92053,48777,7.72,0.467
92055,48805,7.37,1.132
92057,48895,6.48,0.362
92059,48961,7.78,0.582
92061,49060,7.99,0.607
92063,47701,5.64,0.111
92065,47819,7.73,0.156
92067,47847,7.55,0.194
92069,48048,7.86,1.385
92071,48093,7.68,0.043
92073,9739,7.82,1.102
92075,9858,6.75,0.186
92077,9914,7.84,0.266
92079,9945,7.77,1.604
92081,10045,7.92,0.093
92083,10281,7.75,1.537
92085,10402,7.27,1.168
92087,10446,6.35,0.957
92089,10679,7.75,0.622
92091,10680,6.99,0.518
92093,10714,6.68,1.715
92095,10731,7.44,0.171
92097,9417,7.71,0.538
92099,9493,6.57,1.007
92101,9608,7.39,1.074
92103,9864,7.3,1.049
92105,9897,7.01,0.103
92107,47222,7.76,1.018
92109,47340,7.95,0.959
92111,47483,7.99,0.362
92113,47544,5.9,1.579
92115,47617,6.93,1.042
92117,47636,6.73,0.3
92119,47652,7.26,0.433
92121,48020,7.61,1.567
92123,48164,7.2,0.233
92125,48212,6.82,0.223
92127,48232,7.91,0.461
92129,48292,7.07,1.681
92131,48435,7.72,0.951
92133,46947,7.83,1.29
92135,47719,7.23,1.193
92137,10644,4.84,0.607
92139,10670,4.03,0.019
92141,10820,7.89,0.985
92143,11176,7.26,1.325
92145,11178,7.89,0.65
92147,11272,7.16,1.513
92149,11494,7.84,1.498
92151,10085,7.57,1.465
92153,10220,6.24,0.112
92155,10280,4.94,0.77
92157,10286,7.75,1.631
92159,10334,7.81,0.951
92161,10425,7.39,0.384
92163,10453,7.08,0.01
92165,10559,5.25,-0.004
92167,10590,7.73,0.384
92169,10868,7.19,0.596
92171,10881,7.39,1.669
92173,10884,6.51,1.223
92175,46321,6.99,0.458
92177,46735,5.39,1.543
92179,46749,6.89,1.435
92181,46904,6.19,1.264
92183,46952,4.54,0.914
92185,46954,7.89,0.945
92187,47080,5.4,0.77
92189,47087,7.62,0.864
92191,47162,7.76,0.18
92193,47182,7.44,0.435
92195,47403,7.12,0.544
92197,47436,6.9,0.504
92199,47558,7.92,0.601
92201,47631,6.12,0.386
92203,47660,7.4,1.31
92205,47761,7.81,1.591
92207,11583,7.27,0.206
92209,11765,7.0,1.169
92211,11847,7.47,0.36
92213,12072,5.72,1.389
92215,10554,7.86,0.324
92217,10647,7.88,1.035
92219,10771,7.82,1.597
92221,10774,7.48,0.629
92223,10950,7.63,0.335
92225,11063,8.0,1.267
92227,11135,7.13,-0.011
92229,11153,6.75,1.157
92231,11278,7.35,-0.014
92233,11296,6.85,1.065
92235,11333,7.28,1.689
92237,11352,8.0,0.741
92239,11395,7.02,0.244
92241,11421,7.55,1.495
92243,11573,6.78,0.169
92245,11690,7.81,0.176
92247,11734,7.69,0.403
92249,11784,5.15,1.472
92251,10064,3.0,0.14
92253,47527,6.91,0.73
92255,45875,6.66,0.93
92257,45892,7.11,0.317
92259,45963,7.69,0.987
92261,46337,7.43,1.4
92263,46387,7.43,0.29
92265,46587,7.91,0.44
92267,47029,4.81,0.992
92269,47053,6.76,0.346
92271,47300,5.28,0.223
92273,45290,5.3,-0.13
92275,45468,7.63,1.084
92277,12339,7.91,1.618
92279,12619,7.97,-0.009
92281,13000,7.74,0.07
92283,13017,7.51,1.183
92285,11090,5.81,0.289
92287,11193,7.75,1.076
92289,11206,7.27,0.505
92291,11428,7.99,1.224
92293,11436,7.99,0.039
92295,11485,7.03,0.316
92297,11623,6.78,1.075
92299,11643,7.55,0.22
92301,11682,6.82,1.355
92303,11812,6.84,0.043
92305,11816,7.67,-0.051
92307,11833,7.78,-0.071
92309,11871,7.9,0.493
92311,11873,7.15,0.719
92313,11947,6.69,1.097
92315,11949,7.59,0.677
92317,12042,7.88,-0.03
92319,12057,6.36,-0.095
92321,12089,7.95,1.397
92323,12136,7.53,-0.042
92325,12151,6.8,-0.067
92327,12181,5.91,0.502
92329,12191,7.28,0.656
92331,12218,6.54,-0.114
92333,12265,7.62,0.14
92335,12335,7.87,-0.011
92337,12623,4.91,0.582
92339,12648,7.61,-0.008
92341,12737,7.63,0.078
92343,10848,6.63,-0.082
92345,11195,7.81,-0.06
92347,45133,7.22,1.04
92349,45274,7.54,0.573
92351,45590,5.96,0.063
92353,45722,6.91,-0.019
92355,45888,6.4,1.305
92357,46207,7.86,1.262
92359,44053,7.7,0.971
92361,44127,3.12,0.223
92363,44142,6.64,0.011
92365,44471,3.57,0.007
92367,44613,5.48,0.475
92369,44830,7.09,1.175
92371,13144,7.77,1.243
92373,13264,7.86,-0.017
92375,13462,6.23,1.18
92377,13512,6.78,0.046
92379,13550,7.75,0.015
92381,13635,7.02,1.059
92383,13640,7.15,0.125
92385,13713,6.05,1.305
92387,13774,7.96,0.037
92389,13821,7.6,0.186
92391,13965,5.47,0.869
92393,14029,7.82,0.141
92395,14181,6.72,0.596
92397,14264,6.48,0.301
92399,14544,6.38,0.122
92401,15004,5.93,0.972
92403,12064,7.56,0.006
92405,12362,7.91,-0.005
92407,12478,7.37,-0.109
92409,12587,7.69,1.66
92411,12652,7.71,0.371
92413,12725,6.77,0.263
92415,12768,5.43,0.904
92417,12804,6.9,0.445
92419,13036,6.45,0.637
92421,13062,7.84,-0.035
92423,13086,7.43,0.126
92425,13155,6.66,1.116
92427,13181,7.67,0.254
92429,13339,5.86,0.903
92431,13343,7.92,1.65
92433,13360,6.56,1.159
92435,11680,7.74,0.652
92437,12082,7.9,1.367
92439,43592,7.95,0.443
92441,43849,7.89,1.066
92443,43962,7.32,0.064
92445,44324,7.93,0.651
92447,44421,6.87,0.078
92449,44628,7.75,0.911
92451,44685,7.49,-0.176
92453,44912,7.56,1.194
92455,42125,7.54,1.02
92457,42324,7.78,1.092
92459,42372,5.66,0.964
92461,42415,6.34,1.319
92463,42452,5.91,1.167
92465,42550,7.7,1.027
92467,42576,6.88,0.958
92469,42812,7.69,0.362
92471,42994,7.47,0.077
92473,43625,6.92,0.498
92475,40677,6.26,1.558
92477,40849,7.19,1.404
92479,40878,6.5,0.3
92481,41152,5.52,0.125
92483,41267,7.35,0.486
92485,41429,7.9,0.249
92487,41507,7.33,1.313
92489,41598,7.12,0.565
92491,41729,6.76,-0.021
92493,41805,7.98,1.061
92495,41894,6.23,1.008
92497,42167,7.92,1.057
92499,15979,6.51,0.298
92501,15986,7.46,0.144
92503,16316,7.28,1.355
92505,16820,7.21,1.818
92507,17033,7.79,0.532
92509,17590,7.88,2.253
92511,14350,7.13,1.863
92513,14566,6.33,-0.019
92515,14597,7.01,0.187
92517,14790,7.37,0.318
92519,14845,6.9,0.006
92521,14980,7.96,0.125
92523,15037,7.87,0.432
92525,15040,7.16,0.032
92527,15114,7.9,0.243
92529,15193,6.46,0.1
92531,15219,5.04,1.107
92533,15259,7.2,0.036
92535,15327,7.51,0.133
92537,15404,5.16,-0.073
92539,15420,7.95,0.122
92541,15444,5.05,-0.067
92543,15531,7.07,0.046
92545,15556,7.29,0.01
92547,15675,7.68,0.73
92549,15814,7.89,0.073
92551,16047,7.64,0.092
92553,13124,7.56,0.037
92555,13409,7.06,-0.01
92557,13710,7.8,0.202
92559,13741,7.69,0.428
92561,14300,7.99,0.703
92563,14632,4.05,0.595
92565,40086,6.48,0.94
92567,40699,6.61,0.272
92569,40743,6.84,1.561
92571,41022,8.0,0.756
92573,41105,7.76,0.908
92575,41544,7.73,0.453
92577,41607,7.05,1.13
92579,41779,7.63,0.071
92581,41953,7.66,0.988
92583,38437,7.34,1.588
92585,38560,7.39,0.306
92587,38800,6.71,0.05
92589,39221,5.78,0.421
92591,39348,6.48,0.649
92593,39518,7.64,0.65
92595,39539,7.71,0.865
92597,39572,7.07,0.399
92599,39747,7.19,1.08
92601,39944,6.83,0.351
92603,39995,5.91,1.365
92605,40006,7.52,0.0
92607,40262,6.84,0.449
92609,40305,5.88,1.016
92611,40497,7.49,0.75
92613,40863,8.0,0.906
92615,36158,7.74,1.591
92617,36783,7.9,1.086
92619,36793,7.82,1.111
92621,37049,7.61,1.035
92623,37061,7.97,0.797
92625,37111,7.0,0.064
92627,37346,7.23,0.125
92629,37362,8.0,0.044
92631,37406,6.09,1.44
92633,37609,4.93,0.104
92635,37673,7.66,0.367
92637,38052,7.01,0.587
92639,38102,7.98,0.406
92641,38249,6.78,0.092
92643,38404,7.15,1.284
92645,38791,7.72,0.469
92647,33459,7.81,0.075
92649,34250,6.4,1.19
92651,34572,6.64,1.087
92653,34581,7.8,1.094
92655,34681,7.95,1.241
92657,34703,7.47,1.017
92659,34732,7.24,1.017
92661,35105,7.16,0.95
92663,35146,5.2,1.081
92665,35257,7.84,0.67
92667,35283,7.54,0.346
92669,35398,7.6,0.387
92671,35457,7.62,0.566
92673,35517,6.75,1.47
92675,35697,7.57,0.413
92677,35735,6.36,0.282
92679,31002,6.8,0.058
92681,31565,6.84,0.098
92683,32121,7.41,1.598
92685,32320,7.07,0.387
92687,32438,4.86,0.084
92689,33048,5.34,0.675
92691,33100,7.88,1.514
92693,33536,7.76,0.553
92695,29348,6.48,1.698
92697,29730,5.37,1.339
92699,30275,7.43,0.209
92701,30458,7.1,1.052
92703,26814,6.99,0.235
92705,26988,7.63,0.544
92707,26996,7.84,0.455
92709,28293,6.86,0.437
92711,23522,4.03,0.921
92713,23648,7.87,1.021
92715,24479,6.15,1.179
92717,24658,6.96,0.458
92719,25748,6.86,0.066
92721,21410,6.78,0.065
92723,21544,7.35,0.029
92725,21571,7.76,0.71
92727,21601,6.64,1.527
92729,21903,7.96,0.28
92731,21966,6.51,0.239
92733,22110,7.89,0.424
92735,22303,7.47,0.332
92737,22321,7.72,1.748
92739,22339,7.66,1.035
92741,23033,6.55,1.663
92743,19018,5.0,0.495
92745,19408,7.08,0.345
92747,19412,6.29,1.112
92749,19823,6.06,0.6
92751,19983,5.72,1.108
92753,20004,6.71,0.036
92755,20046,7.09,0.124
92757,20105,7.33,0.29
92759,20308,7.08,1.427
92761,20376,5.4,1.497
92763,20456,6.18,0.108
92765,20495,7.76,0.585
92767,20772,6.28,0.063
92769,17707,6.09,-0.02
92771,17858,6.46,0.061
92773,17872,7.18,0.098
92775,18217,5.8,0.182
92777,18314,7.78,0.309
92779,18383,6.92,0.286
92781,18602,6.96,0.103
92783,18777,7.29,0.126
92785,18871,7.55,0.024
92787,18932,7.98,0.194
92789,19034,7.99,1.082
92791,19057,7.74,1.141
92793,19224,7.15,0.944
92795,19551,7.7,0.65
92797,15763,7.64,0.371
92799,16292,5.09,0.022
92801,16307,7.05,1.982
92803,16448,7.98,0.389
92805,16586,7.91,0.16
92807,16599,5.98,0.114
92809,16810,6.81,0.115
92811,16917,6.53,0.245
92813,16941,7.66,0.533
92815,16974,6.29,-0.099
92817,17098,6.53,0.078
92819,17575,6.83,0.21
92821,33966,7.91,0.456
92823,34615,6.96,1.525
92825,34825,7.58,-0.007
92827,35049,7.82,0.719
92829,35892,7.68,0.211
92831,31095,7.67,1.069
92833,31154,7.42,1.154
92835,31676,5.94,0.899
92837,31763,6.96,0.286
92839,31944,6.58,0.156
92841,32252,6.61,1.4
92843,32399,7.56,0.111
92845,32545,7.52,0.927
92847,33518,7.49,0.194
92849,28951,6.42,1.011
92851,29919,5.01,1.843
92853,30221,7.74,1.258
92855,30278,7.2,0.38
92857,30298,7.53,1.049
92859,30619,7.36,1.625
92861,25769,5.43,1.704
92863,25907,7.61,0.046
92865,26297,7.81,0.141
92867,26371,7.98,1.052
92869,26700,6.86,0.232
92871,26829,7.1,0.931
92873,26899,7.77,0.503
92875,27046,6.17,0.902
92877,27199,7.71,0.495
92879,27346,6.49,1.01
92881,27472,6.18,0.128
92883,27832,7.85,0.049
92885,28078,7.73,0.245
92887,23380,6.03,0.448
92889,23530,7.63,0.66
92891,23532,7.93,0.71
92893,23766,6.0,1.38
92895,24009,6.63,0.251
92897,24313,6.17,0.032
92899,24348,6.49,0.204
92901,24445,6.89,0.308
92903,24914,5.64,1.728
92905,25150,7.52,1.069
92907,25300,7.32,0.714
92909,25328,7.97,0.081
92911,21447,6.91,1.259
92913,21624,7.68,1.092
92915,22383,7.11,1.505
92917,22754,6.64,0.203
92919,23037,6.76,0.947
92921,37767,7.73,1.734
92923,38081,6.62,1.111
92925,38181,7.43,0.885
92927,38203,7.28,0.0
92929,38438,5.7,-0.151
92931,38671,7.81,0.992
92933,39019,7.82,1.044
92935,39225,6.12,-0.044
92937,35418,7.78,-0.026
92939,35474,7.42,1.304
92941,35567,6.57,0.111
92943,35692,7.94,-0.027
92945,35790,6.89,1.043
92947,36471,7.07,1.555
92949,36496,5.95,1.585
92951,36554,7.93,1.061
92953,36977,6.39,1.182
92955,37206,7.99,0.516
92957,37209,6.79,1.586
92959,37396,7.68,0.057
92961,37414,6.69,0.365
92963,37502,7.04,-0.097
92965,37533,6.93,-0.076
92967,37549,7.25,-0.078
92969,37597,7.64,-0.057
92971,33093,7.97,1.13
92973,33324,7.39,0.585
92975,33371,7.69,0.612
92977,33431,7.63,1.694
92979,33464,7.34,0.956
92981,33473,7.37,-0.08
92983,33577,6.46,0.389
92985,33588,6.26,1.16
92987,33863,7.7,0.551
92989,33887,7.32,0.434
92991,34015,7.3,1.19
92993,34105,5.14,-0.032
92995,34288,7.71,0.233
92997,34417,6.87,0.358
92999,34631,6.94,0.947
93001,34776,6.67,0.966
93003,34855,6.64,0.023
93005,35154,7.69,1.061
93007,35158,7.37,1.215
93009,35293,7.81,1.082
93011,35374,7.9,0.662
93013,35498,7.65,0.166
93015,30932,5.2,1.087
93017,30959,6.81,0.359
93019,31062,7.65,1.144
93021,31137,5.69,-0.057
93023,31179,7.92,0.778
93025,31504,7.62,1.011
93027,31569,7.16,0.417
93029,31661,6.88,0.965
93031,31929,7.77,-0.094
93033,32153,7.95,1.52
93035,32156,7.88,-0.093
93037,32531,5.6,1.549
93039,32610,7.31,1.093
93041,32778,7.73,0.344
93043,28464,6.97,0.098
93045,28560,7.98,0.287
93047,28827,6.76,1.434
93049,29141,7.94,1.017
93051,29213,7.98,-0.161
93053,29297,7.69,1.418
93055,29555,6.77,1.161
93057,29783,7.76,0.46
93059,29788,6.44,0.593
93061,29965,7.81,0.064
93063,30237,6.79,1.654
93065,30342,5.6,0.242
93067,30423,6.47,0.12
93069,30533,7.54,0.406
93071,30703,5.82,1.279
93073,30803,7.63,0.513
93075,26200,6.69,1.504
93077,26323,7.61,1.576
93079,26514,7.04,0.07
93081,26589,7.22,1.038
93083,26771,7.94,1.311
93085,26817,7.78,1.098
93087,27054,7.55,0.571
93089,27062,7.51,0.044
93091,27530,4.5,1.075
93093,27732,7.62,1.14
93095,27737,5.93,0.656
93097,27964,7.1,1.096
93099,28051,7.59,0.969
93101,24344,7.11,0.636
93103,25098,6.1,-0.091
93105,25149,7.72,1.482
93107,25391,7.97,0.969
93109,25406,7.46,0.132
93111,25429,5.14,0.986
93113,25807,6.96,0.214
93115,26066,6.76,0.382
93117,22082,7.89,1.061
93119,22302,7.47,1.507
93121,22381,6.59,1.68
93123,22448,7.78,-0.001
93125,22663,7.68,-0.199
93127,22746,7.85,0.443
93129,22844,6.11,0.442
93131,22866,7.53,1.073
93133,22950,7.55,1.294
93135,23029,6.81,0.425
93137,23079,7.51,0.07
93139,23081,6.87,1.499
93141,23437,7.02,0.636
93143,23546,7.78,0.288
93145,23679,7.63,1.649
93147,23693,4.71,0.526
93149,23841,7.33,0.49
93151,20566,7.94,1.479
93153,21281,3.3,-0.079
93155,21388,7.9,0.596
93157,21787,7.75,0.337
93159,21857,7.94,1.136
93161,21960,7.61,0.746
93163,18750,7.7,0.138
93165,41053,7.77,-0.06
93167,41261,7.66,0.777
93169,41386,7.24,-0.061
93171,41402,7.36,-0.022
93173,41501,7.68,0.013
93175,41803,7.97,-0.073
93177,41882,6.87,0.157
93179,41938,7.22,1.705
93181,42088,5.01,1.304
93183,42272,7.38,0.164
93185,42614,5.9,-0.186
93187,38787,7.72,2.97
93189,39035,6.35,-0.151
93191,39038,6.37,-0.089
93193,39220,7.24,-0.11
93195,39227,7.67,-0.03
93197,39246,7.2,0.014
93199,39323,7.27,1.09
93201,39355,6.61,0.374
93203,39421,6.63,1.032
93205,39527,5.96,1.213
93207,39709,7.13,1.26
93209,39754,7.85,0.93
93211,39759,7.76,1.673
93213,39773,6.66,-0.08
93215,39850,7.17,0.351
93217,39919,5.66,-0.101
93219,39932,7.6,0.069
93221,39947,6.53,0.598
93223,39951,7.26,-0.035
93225,40011,7.32,-0.133
93227,40016,6.46,-0.14
93229,40024,7.93,-0.085
93231,40053,7.94,0.259
93233,40059,7.89,-0.1
93235,40152,7.99,-0.021
93237,40251,7.16,-0.083
93239,40282,5.52,1.651
93241,40318,7.8,0.96
93243,40433,6.44,1.52
93245,40438,6.63,0.579
93247,40455,7.58,-0.022
93249,40528,7.13,-0.054
93251,40810,7.13,1.19
93253,40824,6.75,0.263
93255,40916,6.63,0.147
93257,37068,7.88,0.508
93259,37248,6.06,-0.118
93261,37635,6.69,0.55
93263,37643,6.88,0.919
93265,37726,7.75,1.023
93267,37910,7.31,0.87
93269,37948,7.35,0.131
93271,37966,6.93,-0.125
93273,38007,7.6,-0.005
93275,38107,7.41,0.112
93277,38477,7.1,0.011
93279,38504,7.72,1.149
93281,38612,7.47,-0.106
93283,38667,6.36,-0.007
93285,38690,6.99,0.38
93287,38701,7.8,1.24
93289,38770,6.77,0.97
93291,38827,3.46,-0.177
93293,38933,7.61,0.503
93295,38963,6.44,0.26
93297,39033,7.34,-0.07
93299,39051,7.45,0.894
93301,39184,5.87,-0.134
93303,39566,5.52,1.347
93305,39665,7.97,1.18
93307,35172,7.26,1.096
93309,35183,7.66,0.02
93311,35546,7.93,0.924
93313,35833,7.04,0.97
93315,35869,7.22,-0.068
93317,36444,5.87,1.01
93319,36682,6.98,-0.085
93321,36832,7.59,0.724
93323,36833,7.26,0.589
93325,36854,7.98,1.369
93327,36942,4.93,1.373
93329,37013,6.82,0.043
93331,37186,7.88,1.717
93333,34867,7.84,0.582
93335,34929,6.7,-0.088
93337,22431,7.64,0.846
93339,20650,6.91,0.371
93341,18671,7.8,0.448
93343,18691,6.51,1.651
93345,18898,7.61,1.384
93347,18952,7.51,0.383
93349,19077,7.66,1.027
93351,19597,7.07,1.16
93353,19733,7.41,1.336
93355,19884,7.64,1.115
93357,19893,4.26,0.312
93359,20074,7.75,0.466
93361,20109,6.08,0.489
93363,20117,7.16,0.107
93365,17302,7.63,0.958
93367,17314,7.35,0.929
93369,17364,6.97,0.511
93371,17376,7.96,0.954
93373,17532,7.8,0.948
93375,17688,6.58,1.325
93377,17699,7.83,1.263
93379,17866,7.53,0.45
93381,17889,7.45,1.45
93383,18275,6.46,0.158
93385,18376,7.81,0.32
93387,18384,7.89,0.054
93389,18476,7.81,0.966
93391,18554,6.94,1.07
93393,18817,7.76,0.399
93395,16084,7.68,0.889
93397,16468,7.88,1.037
93399,16509,5.67,1.101
93401,16732,7.85,0.881
93403,16853,7.62,0.592
93405,16922,7.55,1.607
93407,16970,7.51,0.299
93409,43987,7.39,-0.155
93411,42007,7.88,-0.053
93413,42036,7.47,-0.168
93415,42078,7.31,1.004
93417,42085,7.93,-0.089
93419,42257,7.12,0.77
93421,42266,7.93,0.269
93423,42316,6.86,0.044
93425,42564,5.67,1.664
93427,42570,3.77,0.67
93429,42587,7.55,0.177
93431,42624,4.74,0.137
93433,42653,6.7,-0.106
93435,42679,5.2,0.171
93437,42720,7.86,-0.021
93439,42728,6.73,0.232
93441,42754,6.92,0.274
93443,42788,6.87,1.51
93445,42868,7.23,-0.111
93447,42900,7.71,1.72
93449,42922,6.56,0.567
93451,42997,6.7,-0.088
93453,43023,3.87,0.015
93455,43029,7.91,-0.06
93457,43057,6.87,0.255
93459,43082,5.43,0.238
93461,43125,7.51,0.322
93463,43128,6.6,-0.12
93465,43148,5.71,0.554
93467,43285,7.33,-0.134
93469,43347,4.94,0.043
93471,43388,7.5,0.98
93473,43413,5.09,-0.205
93475,43443,7.58,0.716
93477,43484,7.75,0.004
93479,43493,7.62,1.659
93481,43520,6.38,-0.15
93483,43536,7.88,-0.092
93485,43609,7.59,1.08
93487,43643,7.42,0.093
93489,43656,7.56,0.04
93491,43681,7.44,0.86
93493,43717,6.97,1.64
93495,43807,6.26,-0.152
93497,40600,6.87,-0.116
93499,40662,7.05,-0.141
93501,40742,7.14,-0.08
93503,40749,6.45,-0.131
93505,40872,7.83,-0.083
93507,41013,7.58,-0.066
93509,41039,4.79,-0.146
93511,41057,7.91,-0.039
93513,41346,7.51,0.353
93515,41601,7.84,-0.054
93517,41616,5.33,-0.14
93519,41668,7.72,-0.05
93521,41674,5.98,-0.127
93523,41737,6.3,-0.007
93525,41781,6.39,-0.147
93527,41823,7.0,-0.106
93529,41828,6.78,-0.137
93531,41855,7.97,1.72
93533,41905,6.49,1.293
93535,41928,6.57,0.13
93537,41941,6.36,-0.119
93539,41986,6.25,1.56
93541,42041,7.55,-0.124
93543,42240,7.39,0.324
93545,42242,7.38,-0.102
93547,42379,7.84,-0.016
93549,42399,7.88,1.86
93551,42526,7.71,1.37
93553,42595,6.95,-0.148
93555,42605,7.74,-0.092
93557,42712,5.48,-0.172
93559,42738,7.25,-0.161
93561,40077,5.83,-0.146
93563,40137,7.92,1.127
93565,17493,6.49,1.011
93567,18011,7.89,0.448
93569,15655,6.4,0.989
93571,15692,6.9,1.28
93573,16141,7.89,1.004
93575,16339,5.98,0.116
93577,16800,7.98,1.078
93579,17256,6.96,0.184
93581,17260,7.54,0.469
93583,14795,7.68,1.36
93585,14913,5.92,0.44
93587,14917,7.91,0.425
93589,14964,7.27,0.584
93591,15032,8.0,0.254
93593,15119,7.83,0.955
93595,15131,6.75,0.586
93597,15305,5.84,1.228
93599,15860,7.83,0.51
93601,15883,7.05,0.314
93603,13902,7.39,0.59
93605,14262,6.69,1.349
93607,44756,7.32,1.406
93609,44876,7.4,0.233
93611,45019,7.57,1.565
93613,45127,6.05,-0.108
93615,45544,5.31,1.166
93617,45667,6.89,0.06
93619,43146,7.9,0.165
93621,43346,7.9,-0.033
93623,43392,6.0,-0.114
93625,43464,7.79,0.01
93627,43486,6.54,0.043
93629,43528,6.49,-0.106
93631,43594,7.69,0.986
93633,43673,6.42,0.96
93635,43688,7.37,-0.118
93637,43702,7.16,0.241
93639,43711,7.96,1.44
93641,43749,7.97,0.906
93643,43955,7.31,0.002
93645,44011,7.5,-0.074
93647,44019,7.88,-0.119
93649,44191,4.45,0.646
93651,44213,6.04,-0.154
93653,44285,7.56,1.348
93655,44299,5.56,-0.135
93657,44367,6.25,1.0
93659,44368,6.91,0.416
93661,44395,7.3,0.028
93663,44487,7.83,0.657
93665,44612,7.63,0.189
93667,44776,7.81,0.214
93669,44850,7.12,1.146
93671,45118,7.6,0.145
93673,42884,4.05,0.874
93675,42916,7.2,0.743
93677,42944,7.97,1.161
93679,43085,7.09,-0.115
93681,43177,6.35,0.578
93683,43182,7.13,-0.12
93685,43187,7.23,0.85
93687,43209,6.43,-0.178
93689,43240,7.39,-0.112
93691,43303,7.48,-0.093
93693,43326,7.47,-0.139
93695,43407,7.51,1.55
93697,14995,7.12,1.412
93699,15510,4.26,0.711
93701,13293,7.15,1.668
93703,13414,6.67,0.17
93705,13535,7.99,0.881
93707,13715,7.98,0.684
93709,13847,2.88,0.128
93711,13988,7.3,1.002
93713,14361,7.6,0.475
93715,14457,7.49,1.635
93717,12894,7.78,0.701
93719,12965,7.89,0.529
93721,13271,6.36,0.04
93723,45868,7.43,0.403
93725,45903,7.47,1.141
93727,45995,7.21,0.557
93729,46001,7.82,0.083
93731,46081,6.57,0.052
93733,46182,7.7,0.223
93735,46245,7.95,0.99
93737,46271,7.97,0.265
93739,46396,6.63,0.207
93741,46438,7.38,-0.013
93743,44500,7.28,0.445
93745,44656,7.32,1.31
93747,44686,7.88,0.059
93749,44833,7.32,-0.031
93751,45052,7.49,0.915
93753,45110,7.38,0.182
93755,45259,6.31,0.018
93757,45371,7.28,0.037
93759,45386,5.85,0.827
93761,45439,4.92,1.084
93763,45448,4.63,0.473
93765,45459,7.06,1.281
93767,45607,7.7,1.179
93769,45623,7.07,0.665
93771,45766,7.09,1.008
93773,45814,6.04,1.396
93775,44251,7.28,-0.127
93777,44433,7.69,1.65
93779,13656,7.03,1.021
93781,13789,6.41,-0.018
93783,13865,7.63,0.897
93785,12300,6.48,0.521
93787,12470,7.79,1.02
93789,12608,5.99,0.917
93791,12778,7.13,0.761
93793,12889,7.64,0.58
93795,12979,7.96,1.547
93797,13040,6.51,0.962
93799,13080,7.83,0.609
93801,13112,6.66,0.422
93803,13225,5.92,0.899
93805,13265,5.48,1.259
93807,13310,7.93,0.9
93809,13417,7.89,1.383
93811,13473,5.93,0.437
93813,13552,7.97,1.02
93815,13722,7.39,1.473
93817,13735,7.64,0.49
93819,13767,7.6,0.363
93821,11867,5.91,1.064
93823,12163,7.53,1.521
93825,12176,7.59,1.057
93827,12186,5.78,0.653
93829,12409,7.34,1.413
93831,47108,7.25,0.493
93833,47208,7.45,0.195
93835,47210,7.01,1.008
93837,45326,7.95,0.367
93839,45335,6.61,1.4
93841,45350,7.98,0.273
93843,45388,7.4,1.029
93845,45436,6.84,1.311
93847,45679,7.48,1.545
93849,45745,7.94,1.68
93851,45754,6.4,-0.087
93853,45837,6.8,0.008
93855,45895,7.77,0.139
93857,45958,7.61,1.356
93859,45991,7.98,0.344
93861,46065,6.73,0.114
93863,46263,7.86,0.136
93865,46279,7.19,0.046
93867,46305,7.0,1.172
93869,46363,7.16,1.154
93871,46521,7.48,1.634
93873,46536,7.61,0.516
93875,46562,7.93,1.322
93877,46601,7.7,1.508
93879,46616,6.87,1.291
93881,46617,7.17,0.376
93883,46657,5.75,0.066
93885,46734,5.91,0.258
93887,46934,7.55,0.437
93889,46942,7.44,1.201
93891,13106,6.8,0.974
93893,11477,5.13,0.089
93895,11524,6.11,1.106
93897,11688,7.55,0.33
93899,11794,6.59,1.214
93901,11905,7.8,1.036
93903,11950,7.6,0.36
93905,11954,7.57,0.534
93907,12122,5.74,1.017
93909,12263,7.35,1.457
93911,12288,5.84,0.476
93913,12329,7.65,1.413
93915,12435,6.52,1.039
93917,12463,7.56,0.49
93919,12570,7.38,1.605
93921,12586,7.65,1.123
93923,12694,7.54,0.818
93925,12714,7.26,1.314
93927,12732,6.85,0.942
93929,12762,7.83,1.071
93931,12786,6.21,0.04
93933,11471,7.61,1.581
93935,46329,6.12,-0.089
93937,46558,6.52,0.923
93939,46578,5.49,1.345
93941,46585,7.33,-0.013
93943,46593,7.4,1.252
93945,46646,6.57,1.226
93947,46810,6.43,0.358
93949,46841,7.38,1.634
93951,47106,7.5,0.151
93953,47125,7.51,1.524
93955,47180,7.63,1.4
93957,47226,7.02,0.992
93959,45805,7.03,1.284
93961,45834,7.87,0.174
93963,45842,7.52,1.16
93965,46026,4.71,0.892
93967,46127,7.48,1.648
93969,46212,7.78,1.516
93971,11917,7.3,0.43
93973,12036,7.87,0.185
93975,12196,7.02,0.971
93977,10782,7.87,1.233
93979,10798,6.33,0.724
93981,11024,7.9,0.644
93983,11030,7.19,0.969
93985,11131,6.96,0.566
93987,11143,6.8,1.097
93989,11244,7.91,0.46
93991,11495,7.64,1.034
93993,11744,7.55,0.311
93995,11800,7.66,1.293
93997,11821,7.41,0.217
93999,11887,7.74,1.602
94001,11918,4.96,-0.05
94003,47372,7.55,0.006
94005,47522,4.76,-0.117
94007,47592,4.93,0.534
94009,47646,7.92,0.455
94011,47788,7.54,1.18
94013,47790,6.76,0.967
94015,47798,7.91,0.901
94017,47828,7.95,0.035
94019,47954,7.31,1.075
94021,46469,7.12,0.228
94023,46564,7.46,1.136
94025,46569,6.26,1.559
94027,46609,6.57,1.422
94029,46647,7.61,0.213
94031,46712,7.39,1.45
94033,46727,7.68,0.256
94035,46858,7.97,0.49
94037,46897,5.92,0.023
94039,46975,7.88,0.323
94041,47056,7.0,0.998
94043,47159,6.54,0.389
94045,47187,5.68,1.116
94047,11072,5.19,0.608
94049,11212,6.45,1.321
94051,11339,7.81,0.373
94053,11567,7.77,1.582
94055,11600,7.34,1.049
94057,11622,6.76,0.193
94059,11644,6.5,0.294
94061,10341,7.22,0.955
94063,10474,7.06,0.538
94065,10522,7.87,1.547
94067,10728,7.24,0.381
94069,47070,6.33,0.069
94071,47134,7.41,0.295
94073,47265,7.53,0.125
94075,47472,7.74,0.969
94077,47537,7.55,0.496
94079,47698,6.58,0.91
94081,47814,7.85,1.01
94083,47905,7.97,0.897
94085,47938,7.07,0.016
94087,48135,7.02,1.068
94089,48138,7.49,0.113
94091,48170,7.97,0.428
94093,48334,7.37,0.501
94095,46880,5.02,1.023
94097,46890,6.68,0.012
94099,11287,7.67,0.546
94101,10043,7.08,1.172
94103,10198,7.22,1.38
94105,10232,6.65,0.957
94107,10326,5.86,1.006
94109,10537,7.93,0.983
94111,10542,7.94,1.033
94113,10608,7.98,1.227
94115,10658,7.99,0.436
94117,10787,6.87,1.561
94119,10853,7.65,1.166
94121,10963,6.53,0.979
94123,11108,6.22,0.942
94125,11381,5.89,1.247
94127,48318,7.47,1.023
94129,48356,4.11,0.918
94131,48396,6.08,1.035
94133,47240,7.69,0.979
94135,47363,6.74,0.255
94137,47679,7.96,1.016
94139,47817,6.78,1.441
94141,47949,7.3,1.33
94143,47985,7.86,0.515
94145,48009,6.72,1.572
94147,48355,7.97,0.503
94149,9996,7.89,1.642
94151,9999,6.07,1.661
94153,10076,7.65,1.004
94155,10194,6.74,0.079
94157,10233,6.51,1.622
94159,10263,7.32,1.371
94161,10348,7.65,0.365
94163,10406,7.91,0.989
94165,10511,7.98,0.119
94167,10900,7.98,1.136
94169,11033,5.89,1.231
94171,11057,7.32,1.154
94173,9819,6.96,1.394
94175,9869,7.58,1.626
94177,10095,7.7,1.031
94179,47895,7.88,1.279
94181,47980,7.58,1.315
94183,48198,6.8,1.232
94185,48375,6.48,1.61
94187,48385,7.54,1.149
94189,48592,6.87,0.551
94191,48636,7.67,0.415
94193,48649,7.34,1.296
94195,47440,7.05,0.478
94197,47452,5.07,-0.149
94199,47554,7.85,0.34
94201,47616,7.86,0.007
94203,47697,7.87,1.046
94205,10733,7.69,1.436
94207,11013,7.32,0.372
94209,9655,6.43,1.498
94211,10167,7.42,0.321
94213,10484,7.8,0.12
94215,47874,7.22,1.064
94217,48001,7.0,0.389
94219,48007,7.04,0.413
94221,48076,7.45,1.617
94223,48087,7.04,0.019
94225,48126,6.98,0.009
94227,48184,6.85,1.303
94229,48286,7.11,0.425
94231,48431,7.63,1.224
94233,48437,5.07,0.038
94235,48491,7.09,0.022
94237,48687,6.68,0.33
94239,48712,6.74,1.477
94241,48784,7.84,0.947
94243,47454,6.37,0.083
94245,47534,7.25,1.503
94247,9616,7.28,1.025
94249,9807,6.74,0.311
94251,9875,6.64,0.932
94253,9966,6.98,0.189
94255,10215,6.0,0.418
94257,10396,6.43,1.415
94259,10512,6.55,-0.005
94261,10584,6.91,0.623
94263,10761,7.49,0.989
94265,47757,7.71,1.575
94267,47781,7.75,0.226
94269,48080,7.63,1.412
94271,48341,6.01,0.171
94273,48351,6.42,0.577
94275,48518,7.4,-0.02
94277,48674,7.23,1.182
94279,9596,7.6,0.996
94281,9622,5.61,1.589
94283,9658,7.91,1.241
94285,9813,7.36,0.418
94287,9874,7.72,0.399
94289,9981,6.51,0.879
94291,10430,7.83,0.32
94293,10640,7.3,0.056
94295,10642,5.51,0.962
94297,47849,7.19,1.108
94299,47932,7.86,1.052
94301,47974,7.5,0.374
94303,48000,7.88,0.564
94305,48118,8.0,0.585
94307,48252,7.12,1.107
94309,48267,7.82,0.976
94311,48347,7.34,1.187
94313,48588,7.87,0.934
94315,48632,7.93,1.551
94317,48671,8.0,1.114
94319,48756,7.86,1.484
94321,48839,6.43,0.7
94323,48847,7.87,1.267
94325,48935,7.48,0.398
94327,48963,7.41,0.372
94329,9358,6.89,0.337
94331,9423,7.84,0.641
94333,9563,6.91,0.197
94335,9631,5.96,0.851
94337,9641,7.92,0.734
94339,9722,7.92,1.386
94341,9865,7.49,1.008
94343,9911,6.88,0.624
94345,9976,7.73,1.445
94347,10033,7.13,0.496
94349,10234,5.94,0.967
94351,10298,7.3,1.326
94353,10303,7.56,0.716
94355,10305,5.65,0.546
94357,10382,7.33,0.338
94359,47693,7.41,0.546
94361,47773,7.61,1.15
94363,47795,7.19,1.385
94365,47960,5.65,0.342
94367,47966,7.78,0.583
94369,48025,7.72,0.598
94371,48255,7.4,0.483
94373,48413,6.34,0.934
94375,48414,6.02,-0.04
94377,48591,7.79,0.56
94379,48990,6.69,0.288
94381,9487,3.82,0.024
94383,9557,7.55,0.921
94385,9576,6.88,0.664
94387,9589,5.42,0.146
94389,9827,6.29,0.897
94391,9856,7.05,1.535
94393,10242,6.67,0.178
94395,10273,6.49,1.039
94397,10445,7.17,1.032
94399,10482,6.76,0.122
94401,10600,7.26,1.119
94403,10631,7.66,0.472
94405,47943,5.8,1.639
94407,47995,7.28,1.367
94409,48273,6.24,0.479
94411,48519,5.9,1.662
94413,48552,6.72,1.565
94415,48768,6.7,0.476
94417,48918,7.31,0.956
94419,48923,7.19,1.64
94421,9431,7.97,0.944
94423,9785,6.79,0.376
94425,9790,7.81,0.409
94427,9926,6.99,1.539
94429,10047,6.97,0.408
94431,10084,7.3,1.079
94433,10099,6.79,0.24
94435,10356,6.51,0.356
94437,10442,7.11,1.218
94439,47704,7.01,0.572
94441,47722,7.97,0.705
94443,47852,7.88,1.083
94445,47862,7.08,0.486
94447,47880,6.9,1.62
94449,48014,7.02,0.329
94451,48049,7.81,0.238
94453,48055,7.51,0.718
94455,48145,7.51,0.512
94457,48309,7.68,0.949
94459,48540,7.9,1.335
94461,48553,7.01,1.099
94463,48699,6.79,1.025
94465,48734,5.85,1.129
94467,48876,6.05,1.357
94469,47508,3.52,0.516
94471,47518,6.83,0.271
94473,9473,7.06,0.51
94475,9537,7.38,0.774
94477,9647,7.19,0.526
94479,9706,6.44,1.114
94481,9718,7.04,0.988
94483,9748,7.01,1.5
94485,9809,6.27,1.636
94487,9842,7.74,0.559
94489,9915,7.84,0.495
94491,9965,7.27,0.033
94493,10212,5.64,0.569
94495,10324,4.36,0.878
94497,47959,5.67,1.489
94499,48029,6.44,0.255
94501,48033,7.71,1.603
94503,48060,7.52,1.118
94505,48215,7.58,0.61
94507,48298,6.86,-0.042
94509,48324,6.45,1.624
94511,47388,7.02,0.475
94513,47468,6.96,0.477
94515,47551,7.91,1.001
94517,47706,7.06,1.182
94519,47720,7.79,1.62
94521,47723,5.36,1.61
94523,10300,7.12,1.15
94525,10599,7.99,0.79
94527,10727,7.67,0.369
94529,10730,7.84,0.309
94531,10784,6.88,1.211
94533,9569,6.53,1.297
94535,9782,7.88,0.401
94537,9828,7.16,1.08
94539,9952,7.75,1.599
94541,10094,7.73,0.25
94543,10175,7.63,0.704
94545,48524,7.71,0.583
94547,47189,5.73,1.223
94549,47196,7.84,0.528
94551,47262,7.91,0.976
94553,47274,7.95,1.374
94555,47557,7.97,1.03
94557,48168,7.79,1.25
94559,48220,7.75,1.533
94561,9924,6.63,0.22
94563,10050,6.4,0.471
94565,10328,5.72,1.551
94567,10521,7.98,1.322
94569,11007,7.9,0.069
94571,11015,7.91,1.072
94573,11075,6.78,0.152
94575,11112,7.45,0.17
94577,9948,7.05,1.64
94579,47104,6.97,1.039
94581,47352,6.79,-0.071
94583,47383,7.75,1.131
94585,47684,6.71,1.208
94587,47779,6.49,1.158
94589,47909,6.78,1.36
94591,47946,7.41,0.942
94593,48051,7.37,0.433
94595,48197,7.73,0.987
94597,48218,6.1,0.257
94599,46804,7.48,0.99
94601,10088,7.81,0.435
94603,10155,5.68,1.641
94605,10218,7.33,0.677
94607,10306,5.23,0.457
94609,10318,7.92,1.09
94611,10390,6.88,1.115
94613,10701,7.43,0.303
94615,10732,5.58,0.011
94617,10767,7.79,0.476
94619,10810,6.82,0.566
94621,11316,7.94,1.02
94623,11329,7.85,0.79
94625,47179,7.83,1.291
94627,47853,6.55,1.092
94629,47908,2.97,0.808
94631,48023,6.49,1.093
94633,46689,7.79,1.528
94635,46750,4.32,1.541
94637,46938,6.26,1.453
94639,47112,7.52,0.975
94641,47247,6.61,0.567
94643,47288,7.87,0.498
94645,47382,7.22,0.322
94647,47550,6.26,1.251
94649,47602,7.26,1.089
94651,10540,5.79,0.439
94653,10964,7.46,1.518
94655,11035,6.57,0.796
94657,11265,7.78,0.828
94659,11336,7.1,0.271
94661,11406,8.0,1.06
94663,11578,6.2,0.155
94665,11670,5.88,0.412
94667,10468,7.92,0.37
94669,10505,6.8,0.69
94671,10535,5.57,0.52
94673,10657,6.53,1.025
94675,10667,7.68,0.3
94677,10795,6.45,0.376
94679,46704,6.64,0.08
94681,46787,7.97,1.03
94683,46843,7.05,0.779
94685,46891,6.5,0.128
94687,46939,7.62,0.454
94689,47034,7.66,0.049
94691,47173,6.96,1.172
94693,47311,7.83,0.633
94695,45913,7.74,0.408
94697,11869,7.21,1.05
94699,12115,7.08,0.039
94701,12452,7.45,0.025
94703,10793,5.29,0.037
94705,10929,7.72,1.017
94707,10933,7.46,0.383
94709,11239,7.55,1.338
94711,11240,7.09,1.28
94713,11282,7.76,1.11
94715,11304,7.07,1.42
94717,11405,6.99,0.588
94719,11415,6.14,1.461
94721,11486,5.29,0.311
94723,11490,7.25,0.722
94725,11541,7.5,0.57
94727,11548,5.89,0.591
94729,11741,7.34,0.446
94731,46868,7.8,1.253
94733,47168,5.57,1.594
94735,45572,6.85,1.012
94737,45584,7.84,1.124
94739,45896,6.16,1.097
94741,45910,6.79,0.138
94743,46023,7.69,0.594
94745,46042,7.93,-0.104
94747,46227,7.72,0.958
94749,46248,7.39,0.921
94751,46581,7.46,1.149
94753,46590,7.96,0.624
94755,46604,7.81,-0.009
94757,46652,5.87,1.032
94759,46663,7.52,1.568
94761,13175,7.25,0.5
94763,11299,7.19,1.465
94765,11408,7.64,0.1
94767,11432,5.55,1.114
94769,11588,7.51,1.393
94771,11651,6.26,1.079
94773,11805,7.58,0.848
94775,11901,7.36,1.574
94777,11924,8.0,0.66
94779,11933,7.72,0.987
94781,11942,7.65,1.093
94783,11956,6.7,1.26
94785,12004,7.61,0.463
94787,12160,6.07,1.052
94789,12200,6.23,0.515
94791,12207,7.63,0.103
94793,12306,7.36,0.583
94795,12328,6.9,1.081
94797,12417,7.54,0.889
94799,12419,7.99,1.195
94801,12457,7.42,0.155
94803,12500,7.73,1.182
94805,12600,6.81,1.036
94807,12661,7.49,0.335
94809,12669,7.87,1.087
94811,12765,7.37,1.082
94813,11065,7.56,1.25
94815,11351,7.56,1.227
94817,45860,3.14,1.55
94819,45870,7.45,0.442
94821,46083,7.18,1.05
94823,46122,7.72,1.054
94825,44458,7.04,0.609
94827,44620,7.07,0.286
94829,44700,4.56,1.037
94831,44707,7.86,0.505
94833,44728,6.61,0.446
94835,44866,7.57,0.442
94837,45017,7.94,0.235
94839,45148,7.54,1.465
94841,45389,6.75,0.367
94843,45403,7.91,1.31
94845,45412,5.98,0.839
94847,45661,5.94,0.177
94849,45688,3.82,0.066
94851,45702,7.34,1.582
94853,45788,7.52,1.05
94855,45858,6.12,0.38
94857,46125,6.68,0.215
94859,44014,7.1,0.476
94861,44231,6.21,1.572
94863,44375,7.34,1.522
94865,13832,6.06,1.403
94867,13895,7.54,0.996
94869,13997,6.11,-0.057
94871,12100,7.42,1.061
94873,12287,6.19,0.49
94875,12305,6.29,-0.029
94877,12321,7.78,1.074
94879,12678,7.9,0.218
94881,12776,7.23,-0.043
94883,12898,7.68,1.6
94885,12915,7.6,1.238
94887,12919,7.74,0.456
94889,12982,6.27,0.935
94891,12990,6.28,0.385
94893,13028,6.9,1.346
94895,13176,6.45,0.422
94897,13191,7.99,0.456
94899,13254,4.22,0.343
94901,13257,6.44,0.617
94903,13275,6.51,1.476
94905,13328,4.56,1.554
94907,13378,6.93,1.469
94909,13490,5.34,0.423
94911,13622,7.82,1.587
94913,11710,7.95,0.47
94915,11786,7.72,0.443
94917,11840,5.84,1.083
94919,11959,7.37,0.1
94921,12086,5.38,1.652
94923,12091,6.73,0.2
94925,12193,6.78,1.292
94927,12259,7.46,1.1
94929,12314,7.95,0.529
94931,12450,7.59,0.909
94933,12557,7.8,1.509
94935,12628,6.94,1.036
94937,45104,7.63,1.506
94939,45602,7.97,0.472
94941,43280,7.98,1.621
94943,43452,7.99,0.465
94945,43550,5.98,1.251
94947,43714,7.59,0.38
94949,43737,7.62,0.628
94951,43836,7.82,0.313
94953,43881,7.38,1.34
94955,43894,5.9,0.378
94957,43963,7.97,1.596
94959,44248,3.96,0.463
94961,44318,7.43,0.418
94963,44331,6.39,0.314
94965,44481,6.7,1.356
94967,42833,7.73,0.285
94969,42876,7.07,1.434
94971,14887,6.15,-0.099
94973,15028,7.72,0.866
94975,15118,6.07,1.093
94977,15313,7.51,0.331
94979,15648,4.96,0.051
94981,13162,7.97,0.204
94983,13393,6.84,1.147
94985,13528,6.88,0.537
94987,13559,7.72,1.427
94989,13662,7.92,0.348
94991,13840,7.96,0.056
94993,13879,4.68,0.065
94995,13887,6.65,0.992
94997,13949,5.89,1.445
94999,14051,7.92,0.317
95001,14063,6.92,1.393
95003,14107,6.64,0.237
95005,14134,7.96,0.529
95007,14225,7.43,1.639
95009,14244,7.93,0.558
95011,14303,6.91,1.059
95013,14363,7.27,0.065
95015,14365,6.06,1.011
95017,14576,2.09,-0.003
95019,14578,7.91,0.016
95021,12901,7.72,0.091
95023,12911,7.7,0.156
95025,43753,7.7,0.627
95027,43862,7.83,0.678
95029,44535,7.22,1.357
95031,44567,7.6,0.453
95033,42051,7.74,0.285
95035,42604,5.35,0.993
95037,42666,7.9,0.405
95039,42777,6.21,0.981
95041,42941,7.26,0.496
95043,42959,7.98,0.435
95045,43337,7.97,0.528
95047,43345,7.95,0.108
95049,43481,7.45,1.551
95051,43531,5.15,0.971
95053,43553,5.96,1.233
95055,43843,7.89,0.551
95057,43892,7.9,1.027
95059,43898,6.84,0.344
95061,43923,5.72,1.125
95063,43954,6.93,0.917
95065,40709,7.38,0.987
95067,41484,6.32,0.624
95069,41525,6.97,1.154
95071,41526,7.98,0.639
95073,41739,7.46,0.422
95075,42072,6.68,0.003
95077,42101,6.75,0.202
95079,42301,7.61,0.427
95081,42627,7.56,0.598
95083,42773,7.88,0.574
95085,40273,6.84,-0.027
95087,17437,6.06,1.552
95089,17526,7.99,1.461
95091,17533,7.95,0.163
95093,17548,7.18,-0.011
95095,15972,7.5,-0.3
95097,16011,7.5,0.04
95099,16079,6.85,-0.027
95101,16137,7.27,0.038
95103,16235,7.13,0.28
95105,16252,6.21,0.131
95107,16275,7.67,0.105
95109,16326,7.03,0.081
95111,16335,4.36,1.367
95113,16340,5.82,-0.033
95115,16430,6.77,-0.027
95117,16470,5.47,-0.101
95119,16499,5.3,0.398
95121,16570,6.6,0.327
95123,16782,6.89,-0.022
95125,16790,7.32,1.096
95127,16826,4.32,-0.058
95129,16869,7.68,1.768
95131,16966,7.45,0.01
95133,17358,3.01,-0.125
95135,14385,7.59,0.081
95137,14402,6.9,0.747
95139,14472,7.59,0.039
95141,14582,7.97,0.549
95143,14668,3.79,0.98
95145,14742,7.28,1.17
95147,14811,7.53,0.135
95149,14871,6.96,0.301
95151,14892,7.18,0.49
95153,14914,6.32,1.425
95155,14922,7.56,0.604
95157,14969,7.84,0.567
95159,15041,7.15,1.024
95161,15105,7.96,0.026
95163,15209,6.15,1.674
95165,15322,7.53,0.058
95167,15338,5.49,-0.06
95169,15399,6.95,0.109
95171,15476,7.45,1.022
95173,15541,7.5,1.273
95175,15551,7.5,1.665
95177,15652,7.41,0.02
95179,15999,7.92,0.007
95181,13903,7.95,1.339
95183,41029,7.99,1.068
95185,41427,7.84,1.587
95187,41549,7.42,0.366
95189,41844,7.44,0.63
95191,42153,7.89,0.241
95193,42239,7.09,1.675
95195,39049,7.53,1.263
95197,39752,7.69,1.349
95199,39806,7.58,0.987
95201,39842,7.49,-0.034
95203,39847,4.78,0.048
95205,40041,7.41,0.607
95207,40071,6.79,0.549
95209,40165,6.88,1.315
95211,40190,7.73,0.558
95213,40508,7.65,1.225
95215,37273,7.43,1.19
95217,38325,6.03,0.496
95219,39363,7.54,0.156
95221,39419,7.92,1.162
95223,39517,7.05,0.333
95225,37086,7.35,1.046
95227,37271,6.66,0.087
95229,20332,7.86,0.4
95231,20541,7.05,0.375
95233,21148,5.78,0.119
95235,21233,7.22,1.93
95237,21730,5.36,0.331
95239,18585,7.03,0.25
95241,18795,7.04,1.138
95243,18966,7.82,0.586
95245,19167,4.25,-0.011
95247,19172,6.31,0.983
95249,19264,7.65,0.027
95251,19322,7.7,-0.017
95253,19340,7.3,0.826
95255,19949,5.2,0.052
95257,20100,7.68,1.187
95259,20108,7.61,1.322
95261,20434,7.71,0.798
95263,17334,7.72,1.165
95265,17341,7.95,0.578
95267,17476,7.55,0.102
95269,17634,7.86,1.0
95271,17675,6.9,0.373
95273,17713,7.72,1.45
95275,17718,7.34,0.167
95277,17772,6.18,0.028
95279,17800,7.7,0.656
95281,17807,7.28,1.22
95283,17827,7.36,0.419
95285,17877,6.73,0.394
95287,17963,6.97,0.248
95289,18100,7.9,1.567
95291,18160,7.91,0.093
95293,18309,7.87,0.683
95295,18353,6.85,0.486
95297,18366,6.82,0.518
95299,18370,6.74,0.349
95301,18453,5.28,0.425
95303,18604,7.7,1.578
95305,15505,7.66,0.068
95307,15669,5.94,0.468
95309,15770,5.32,-0.076
95311,15819,7.0,0.002
95313,15863,1.79,0.481
95315,15878,7.88,0.09
95317,15988,6.09,-0.073
95319,16001,7.12,0.367
95321,16118,6.93,-0.007
95323,16147,4.99,-0.091
95325,16196,7.61,0.495
95327,16210,5.58,-0.054
95329,16211,7.47,0.117
95331,16244,4.67,-0.096
95333,16277,7.28,0.099
95335,16394,7.37,0.247
95337,16424,6.29,0.067
95339,16447,6.41,0.075
95341,16450,6.62,-0.025
95343,16649,7.35,0.038
95345,16962,7.18,-0.03
95347,16986,6.87,0.033
95349,37898,7.54,0.189
95351,37973,7.97,1.675
95353,38354,7.08,1.553
95355,38449,6.36,-0.003
95357,38604,7.25,0.905
95359,39207,7.07,0.188
95361,35783,6.86,-0.051
95363,35785,5.8,-0.078
95365,35787,7.57,0.014
95367,35867,7.99,0.549
95369,36014,7.69,0.603
95371,36026,7.53,1.526
95373,37046,5.93,1.123
95375,37178,7.95,0.456
95377,37501,6.82,0.989
95379,33444,6.03,1.495
95381,33449,4.35,0.85
95383,33816,6.92,-0.066
95385,33996,7.12,1.576
95387,34639,7.68,1.259
95389,34734,7.87,0.907
95391,34737,7.34,0.328
95393,34893,7.05,0.119
95395,35085,7.74,1.652
95397,30629,7.84,1.025
95399,30651,5.53,0.238
95401,31009,7.76,1.52
95403,31039,5.86,0.934
95405,31215,7.64,1.185
95407,31359,6.45,1.554
95409,31479,7.99,0.236
95411,31526,6.56,0.398
95413,31527,7.83,0.472
95415,31551,7.63,1.263
95417,31552,6.61,0.496
95419,31665,5.87,0.006
95421,31673,7.38,0.158
95423,31720,7.46,0.946
95425,31731,6.73,0.931
95427,31872,6.96,0.3
95429,31961,7.41,0.051
95431,31979,7.18,1.001
95433,32151,7.34,0.237
95435,32284,6.9,1.658
95437,32470,7.66,0.505
95439,32489,5.34,0.964
95441,32609,5.54,0.65
95443,32890,7.95,0.14
95445,32967,7.95,0.515
95447,28467,7.46,1.439
95449,28468,7.71,1.575
95451,28656,6.5,0.953
95453,28804,7.79,1.625
95455,28829,6.32,1.116
95457,29182,7.84,1.216
95459,29246,5.35,1.096
95461,29315,7.14,0.988
95463,29639,7.57,1.474
95465,29763,6.59,1.004
95467,29777,7.48,0.599
95469,29873,7.15,0.523
95471,29876,7.36,0.142
95473,30021,7.41,0.931
95475,30031,6.9,1.141
95477,30060,4.44,0.032
95479,30272,6.05,0.153
95481,30307,7.53,0.32
95483,30357,6.47,1.075
95485,30491,7.56,0.258
95487,30578,7.07,0.56
95489,30605,6.87,0.371
95491,30661,7.9,1.06
95493,30679,5.21,1.538
95495,26124,7.52,0.086
95497,26195,7.69,0.074
95499,26426,7.46,0.98
95501,26485,7.95,0.087
95503,26556,7.89,0.483
95505,26587,7.03,0.411
95507,26942,6.05,0.951
95509,27104,7.72,1.31
95511,27249,5.93,0.164
95513,27283,6.79,0.141
95515,27314,6.56,1.313
95517,27322,7.66,0.526
95519,27592,6.53,0.129
95521,27731,6.14,-0.036
95523,27838,7.12,1.472
95525,27885,7.54,0.422
95527,27971,5.2,0.01
95529,28168,6.95,1.2
95531,28245,7.3,1.388
95533,28253,7.91,0.64
95535,23734,5.22,-0.08
95537,23743,6.08,1.112
95539,23836,7.61,0.961
95541,23944,7.79,0.11
95543,24673,7.62,0.093
95545,24836,6.13,-0.031
95547,25094,7.09,0.75
95549,25197,5.24,-0.011
95551,25226,6.85,1.098
95553,25973,6.44,0.587
95555,21790,7.26,0.125
95557,21941,7.91,0.506
95559,22181,7.18,1.552
95561,22287,5.29,0.246
95563,22300,6.32,0.32
95565,22522,7.82,0.538
95567,22569,7.91,0.673
95569,22614,7.65,0.485
95571,22709,7.85,0.244
95573,22854,5.52,0.015
95575,22994,6.65,1.678
95577,23004,7.98,1.056
95579,23329,7.37,1.022
95581,23394,7.39,0.297
95583,23403,7.5,1.1
95585,23576,7.84,0.215
95587,23768,7.58,0.953
95589,23838,7.3,0.558
95591,23865,6.92,1.33
95593,23877,7.95,0.132
95595,20306,7.66,0.167
95597,20314,7.93,0.233
95599,20380,5.91,0.112
95601,20748,7.33,0.42
95603,20910,7.67,0.561
95605,21231,7.72,0.503
95607,21369,6.65,0.314
95609,21426,6.91,0.516
95611,19030,6.55,0.466
95613,19400,6.25,0.448
95615,19668,7.84,0.581
95617,19774,7.34,0.095
95619,32256,6.68,-0.076
95621,32269,6.47,-0.119
95623,32477,6.45,0.858
95625,28498,7.4,0.465
95627,28839,7.17,0.949
95629,29071,7.68,0.978
95631,29276,4.72,-0.229
95633,29820,7.67,1.353
95635,29845,7.62,0.06
95637,26468,7.72,0.764
95639,26521,7.15,1.459
95641,26768,7.86,1.365
95643,27170,7.55,0.387
95645,27317,6.19,1.406
95647,27559,7.42,0.369
95649,27564,7.13,1.132
95651,24688,7.1,0.89
95653,26079,6.42,0.55
95655,23653,6.26,1.554
95657,38847,7.06,1.557
95659,38957,4.47,-0.18
95661,39111,7.36,-0.063
95663,39122,6.01,0.042
95665,39153,6.13,-0.085
95667,36745,6.69,-0.087
95669,36802,7.52,1.57
95671,36856,6.29,0.073
95673,37043,5.69,-0.037
95675,37110,7.79,1.054
95677,37161,7.76,0.037
95679,37174,5.68,0.683
95681,37234,7.55,1.019
95683,37276,6.97,-0.092
95685,37617,6.56,0.077
95687,37718,6.64,0.527
95689,37727,7.55,0.7
95691,37806,7.7,0.387
95693,37808,7.84,0.057
95695,37932,6.95,0.163
95697,37970,7.08,0.013
95699,38267,5.89,1.088
95701,38500,4.63,-0.228
95703,34442,7.69,0.543
95705,34739,7.5,0.705
95707,34816,7.63,1.308
95709,34851,7.2,-0.121
95711,34945,7.74,1.694
95713,34955,6.79,-0.048
95715,35084,5.96,1.099
95717,35115,7.51,1.378
95719,35189,7.46,-0.042
95721,35359,7.52,0.556
95723,35439,7.84,0.506
95725,35465,7.26,1.07
95727,35515,7.41,1.028
95729,35564,5.5,0.483
95731,35588,6.9,-0.024
95733,35589,5.38,-0.069
95735,35603,6.79,0.115
95737,35621,7.31,-0.103
95739,35779,7.56,0.92
95741,36114,5.09,1.038
95743,36210,6.72,0.694
95745,36299,7.98,0.019
95747,36489,6.55,-0.021
95749,36523,7.48,1.17
95751,32494,5.39,1.33
95753,32761,4.41,0.899
95755,32768,2.94,1.207
95757,32796,7.62,-0.091
95759,33016,6.56,1.082
95761,33139,6.24,0.988
95763,33396,7.24,1.156
95765,33495,6.91,0.477
95767,33779,5.14,1.652
95769,33798,7.68,1.442
95771,33825,7.25,-0.052
95773,33892,7.59,-0.039
95775,33957,6.86,0.055
95777,34006,6.53,-0.109
95779,34059,4.92,0.14
95781,34060,7.19,1.392
95783,34177,6.47,1.424
95785,34184,7.71,1.644
95787,34349,5.96,0.996
95789,34370,6.6,1.389
95791,30438,-0.62,0.164
95793,31079,5.58,0.534
95795,31265,6.18,1.088
95797,31394,7.61,1.507
95799,31407,4.35,-0.021
95801,31630,7.72,0.056
95803,31738,6.74,1.561
95805,31860,7.19,1.492
95807,31871,7.34,0.174
95809,32017,7.67,0.404
95811,32343,7.84,1.219
95813,32375,6.56,1.075
95815,32402,5.81,1.551
95817,32648,7.86,0.409
95819,28636,7.08,0.97
95821,28685,7.46,1.15
95823,29142,7.97,0.536
95825,29193,7.51,0.657
95827,29561,6.85,0.072
95829,29892,7.13,0.972
95831,29903,7.73,0.258
95833,29913,6.4,1.456
95835,29929,6.86,0.171
95837,29970,7.55,0.932
95839,30252,6.74,0.227
95841,26454,7.42,0.131
95843,26721,7.58,0.088
95845,27244,6.63,0.594
95847,27434,7.85,1.063
95849,27583,6.32,0.746
95851,27599,7.99,0.248
95853,27621,5.16,0.96
95855,27671,7.93,0.371
95857,27749,6.82,1.619
95859,27942,7.73,0.29
95861,27947,5.29,0.295
95863,28173,7.49,1.064
95865,28180,6.48,1.48
95867,28292,7.98,0.291
95869,24369,7.52,1.011
95871,24384,6.03,1.392
95873,24490,7.31,1.183
95875,24520,6.48,1.213
95877,24791,7.58,0.888
95879,24829,5.44,0.517
95881,25017,6.67,0.991
95883,25031,7.51,0.937
95885,25058,7.13,0.135
95887,25172,7.69,0.265
95889,25263,7.6,0.077
95891,25298,6.79,0.066
95893,25303,6.26,0.067
95895,25339,7.16,0.417
95897,25344,7.59,0.946
95899,25376,7.85,0.521
95901,26039,7.52,0.293
95903,26140,7.0,1.208
95905,22531,5.58,0.341
95907,22534,6.42,0.483
95909,22570,6.55,0.73
95911,22968,7.89,1.334
95913,23005,7.75,0.173
95915,23078,7.41,0.975
95917,23122,7.77,0.345
95919,23459,7.95,0.226
95921,23502,7.88,0.368
95923,23638,7.75,0.513
95925,23857,7.93,0.524
95927,24253,7.32,1.085
95929,21666,6.45,1.321
95931,21914,5.3,0.977
95933,21979,7.19,1.346
95935,21999,6.62,0.374
95937,22122,7.58,0.875
95939,22170,7.48,1.472
95941,22323,7.35,0.97
95943,19196,6.86,0.405
95945,19283,7.83,1.528
95947,20292,7.58,0.797
95949,20309,7.38,0.186
95951,20606,7.69,0.722
95953,20911,7.48,0.762
95955,18624,7.88,0.051
95957,41878,7.62,0.069
95959,41958,7.13,0.992
95961,39961,5.2,-0.173
95963,39979,7.17,1.46
95965,40088,6.94,0.97
95967,40183,6.0,-0.113
95969,40189,7.97,0.857
95971,40285,5.14,-0.139
95973,40299,6.49,-0.159
95975,40320,7.4,1.116
95977,40330,6.56,0.18
95979,40357,5.86,-0.176
95981,40397,6.45,-0.149
95983,40478,6.65,0.176
95985,40575,8.0,1.07
95987,40594,7.52,-0.023
95989,40738,7.74,0.059
95991,40755,7.17,1.36
95993,40884,7.23,-0.121
95995,40948,7.75,-0.087
95997,40970,7.89,1.06
95999,41008,7.99,1.57
96001,41055,7.24,0.351
96003,41113,7.73,-0.02
96005,41122,7.73,0.065
96007,41618,6.78,1.39
96009,41621,5.82,-0.16
96011,41639,5.03,-0.168
96013,38159,5.82,-0.142
96015,38164,4.1,-0.16
96017,38345,6.53,-0.118
96019,38518,4.22,-0.13
96021,38650,7.34,-0.1
96023,38700,7.09,1.616
96025,38704,7.82,1.344
96027,38737,6.74,-0.125
96029,38746,7.44,-0.11
96031,38879,6.21,-0.099
96033,38887,7.08,-0.111
96035,38896,7.23,-0.126
96037,38917,5.14,1.263
96039,38993,7.28,-0.086
96041,39013,6.84,-0.125
96043,39014,5.98,-0.143
96045,39076,7.67,0.854
96047,39084,6.71,-0.085
96049,39107,7.22,-0.113
96051,39124,7.06,1.037
96053,39137,6.62,1.272
96055,39162,7.7,-0.156
96057,39241,7.98,-0.104
96059,39272,6.56,1.337
96061,39329,6.54,-0.049
96063,39330,7.52,0.655
96065,39371,6.64,-0.152
96067,39461,7.43,-0.109
96069,39493,7.39,1.01
96071,39584,6.18,-0.138
96073,39613,7.05,-0.138
96075,39690,5.04,1.488
96077,39691,6.34,-0.172
96079,39716,6.97,-0.072
96081,39717,7.54,-0.058
96083,39738,6.69,0.954
96085,39758,7.76,0.02
96087,39768,7.48,-0.114
96089,39953,1.75,-0.145
96091,39970,5.23,-0.199
96093,40155,5.77,0.626
96095,36957,7.09,1.398
96097,37008,7.89,-0.024
96099,37432,7.3,-0.009
96101,37525,7.98,0.936
96103,37637,7.86,-0.072
96105,37765,6.76,-0.073
96107,37865,7.47,1.367
96109,37926,7.58,-0.06
96111,37950,7.31,0.099
96113,37953,7.27,-0.099
96115,38020,5.22,-0.151
96117,38028,6.98,-0.108
96119,38089,4.69,1.039
96121,38290,7.91,0.006
96123,35648,6.83,-0.068
96125,35652,7.95,0.012
96127,36084,7.88,1.056
96129,21771,6.9,1.1
96131,19294,7.83,0.915
96133,19528,7.37,0.515
96135,19577,7.07,0.947
96137,19758,6.77,0.577
96139,20145,7.08,1.219
96141,20538,7.98,1.452
96143,18066,6.7,0.283
96145,18078,7.86,0.402
96147,18139,7.59,1.267
96149,18199,5.93,1.22
96151,18286,6.9,0.156
96153,18402,7.55,0.569
96155,18469,7.24,0.953
96157,18556,7.98,1.287
96159,18635,6.83,1.073
96161,18771,7.24,1.02
96163,18894,6.95,1.23
96165,18950,6.62,0.214
96167,18959,7.64,0.174
96169,19088,7.57,0.239
96171,19331,6.58,0.386
96173,19351,7.55,1.513
96175,16696,7.83,0.4
96177,16772,7.02,0.158
96179,17298,6.5,0.522
96181,17534,5.72,0.961
96183,17925,6.93,0.913
96185,16128,6.73,0.501
96187,42805,7.75,0.471
96189,42808,6.58,0.917
96191,42821,7.78,1.55
96193,42857,6.99,0.982
96195,42996,7.24,-0.038
96197,43059,7.97,-0.096
96199,43073,6.21,-0.05
96201,43107,7.06,-0.081
96203,43115,7.62,0.126
96205,43154,7.46,0.045
96207,43176,6.99,-0.161
96209,43179,6.96,-0.1
96211,43257,7.15,0.275
96213,43272,7.04,1.007
96215,43282,7.43,-0.065
96217,43290,7.83,0.651
96219,43325,5.47,0.066
96221,43354,6.38,0.249
96223,43473,7.71,-0.156
96225,43603,5.79,1.508
96227,40967,7.48,0.109
96229,41006,6.96,0.468
96231,41103,7.6,-0.087
96233,41198,7.81,-0.036
96235,41212,7.11,-0.158
96237,41323,5.45,-0.142
96239,41347,7.76,1.023
96241,41357,7.87,0.031
96243,41361,6.07,-0.009
96245,41372,7.85,-0.038
96247,41391,7.24,0.14
96249,41517,7.67,-0.014
96251,41537,7.56,1.564
96253,41576,7.52,-0.006
96255,41599,6.61,-0.175
96257,41730,7.05,-0.081
96259,41736,7.52,1.497
96261,41746,6.62,0.9
96263,41774,7.32,-0.058
96265,41806,6.31,-0.133
96267,41848,7.64,-0.085
96269,41863,7.36,-0.037
96271,41874,7.02,-0.054
96273,41984,7.05,0.735
96275,42001,5.92,-0.114
96277,42033,6.74,1.201
96279,42040,7.01,1.212
96281,42048,7.27,1.212
96283,42123,6.44,0.578
96285,42157,7.47,0.441
96287,42163,7.41,0.462
96289,42287,7.29,0.512
96291,42291,6.53,0.598
96293,42312,4.11,0.109
96295,42315,6.88,1.685
96297,42433,7.2,0.393
96299,42453,7.28,0.16
96301,42540,5.2,-0.027
96303,42543,7.71,0.744
96305,42544,6.85,0.16
96307,42908,7.34,0.324
96309,39974,6.27,-0.036
96311,40096,4.73,0.164
96313,40160,6.48,1.704
96315,40596,7.16,0.305
96317,40735,7.09,0.951
96319,40856,7.63,0.983
96321,40906,7.73,0.254
96323,40974,7.71,0.006
96325,41085,7.09,-0.114
96327,41151,7.47,-0.057
96329,41250,5.97,-0.159
96331,41388,7.79,0.097
96333,17145,7.35,1.681
96335,17204,7.43,0.19
96337,17227,7.65,0.212
96339,17447,7.48,1.733
96341,17912,7.35,0.177
96343,18225,7.92,1.104
96345,15252,7.91,0.5
96347,15475,7.85,1.013
96349,15752,7.75,1.584
96351,15799,6.9,0.84
96353,15845,7.2,1.011
96355,16015,6.33,0.054
96357,16027,7.81,1.024
96359,16113,7.1,1.507
96361,16121,7.72,0.927
96363,16253,7.69,0.257
96365,16285,5.76,0.205
96367,16310,6.12,0.489
96369,16638,7.74,0.401
96371,16870,4.57,1.023
96373,17099,6.55,0.141
96375,14773,7.0,0.166
96377,14857,7.05,0.561
96379,14868,6.98,1.043
96381,14895,7.19,0.218
96383,15039,6.88,0.172
96385,15067,7.37,1.129
96387,15161,7.75,0.438
96389,15162,7.08,1.236
96391,15185,7.79,1.586
96393,43842,7.66,0.071
96395,44360,7.65,0.085
96397,44751,7.88,0.022
96399,42354,7.19,-0.168
96401,42441,6.91,1.678
96403,42455,6.12,0.426
96405,42515,3.97,0.936
96407,42640,7.93,0.378
96409,42740,7.66,1.515
96411,42775,6.42,0.019
96413,42879,6.78,1.404
96415,42923,5.74,-0.139
96417,43000,7.45,-0.14
96419,43005,6.87,0.041
96421,43031,7.87,1.205
96423,43114,6.33,-0.127
96425,43156,6.66,1.429
96427,43158,7.42,0.302
96429,43321,7.7,0.267
96431,43358,7.15,0.503
96433,43383,7.75,0.983
96435,43396,6.9,-0.108
96437,43459,7.86,0.007
96439,43466,7.0,-0.167
96441,43590,6.41,0.549
96443,43704,7.39,0.513
96445,43761,7.41,1.145
96447,43806,7.26,1.484
96449,43880,6.85,0.616
96451,41932,7.87,0.902
96453,41970,6.48,-0.153
96455,42070,6.28,1.562
96457,42095,7.94,1.34
96459,42215,7.22,0.509
96461,15933,7.16,0.143
96463,15964,7.85,0.52
96465,14408,7.54,0.216
96467,14613,7.11,0.684
96469,14972,6.29,-0.076
96471,15092,6.88,0.74
96473,15163,7.85,1.543
96475,15239,7.04,0.135
96477,15462,7.7,0.486
96479,15570,7.95,0.047
96481,15607,7.71,1.532
96483,15836,7.65,1.165
96485,13727,6.58,0.976
96487,44771,7.39,0.983
96489,45001,5.59,0.179
96491,45220,7.14,1.239
96493,45394,7.71,0.2
96495,43352,5.19,0.876
96497,43573,6.49,1.451
96499,43710,7.96,1.212
96501,43716,7.26,1.052
96503,43781,7.15,1.126
96505,43809,7.97,1.355
96507,43815,7.07,0.485
96509,44058,7.9,0.466
96511,44080,7.97,-0.038
96513,44085,7.73,0.177
96515,44393,7.8,0.299
96517,44415,6.94,-0.018
96519,44442,7.15,-0.005
96521,44472,7.77,0.156
96523,44527,7.88,0.388
96525,44538,7.78,1.521
96527,44803,7.91,1.388
96529,43064,7.18,1.05
96531,43095,7.89,0.415
96533,43118,7.62,0.04
96535,43186,6.81,1.158
96537,13147,4.45,0.981
96539,13554,6.86,0.972
96541,13569,6.9,0.261
96543,13904,6.69,1.604
96545,13947,6.32,0.002
96547,14053,7.39,1.136
96549,14056,7.22,0.522
96551,14495,7.54,1.381
96553,14750,7.83,1.696
96555,12907,7.78,0.609
96557,13082,7.21,0.996
96559,13174,7.8,0.199
96561,13317,7.57,0.491
96563,13363,6.38,0.484
96565,45902,4.71,1.633
96567,44281,7.19,1.727
96569,44596,6.63,1.412
96571,44802,7.58,1.008
96573,44887,6.15,0.17
96575,44915,7.84,0.602
96577,44960,6.67,0.924
96579,45044,7.48,-0.112
96581,45117,7.85,-0.056
96583,45141,7.1,1.057
96585,45176,6.76,-0.003
96587,45249,6.38,1.6
96589,45280,7.41,0.998
96591,45288,7.94,0.069
96593,45313,7.92,0.132
96595,45463,7.97,1.352
96597,45472,7.74,1.158
96599,45487,7.36,0.051
96601,44130,6.24,0.997
96603,13768,6.29,0.472
96605,13907,6.14,1.044
96607,12358,7.12,1.203
96609,12675,6.79,0.8
96611,12739,7.51,0.848
96613,13067,7.69,0.945
96615,13202,5.39,0.013
96617,13401,7.05,1.236
96619,13556,7.79,1.2
96621,13675,7.4,0.199
96623,45287,7.39,0.969
96625,45390,7.95,1.565
96627,45440,7.56,0.146
96629,45712,7.19,0.033
96631,45848,8.0,1.01
96633,45890,7.82,0.299
96635,46078,7.93,0.474
96637,46159,7.35,1.012
96639,46238,6.72,-0.033
96641,46313,6.91,-0.003
96643,46371,4.72,1.154
96645,46412,7.22,1.039
96647,44566,7.99,0.484
96649,44824,4.62,1.594
96651,44874,6.77,0.573
96653,44969,7.78,1.066
96655,44982,7.04,0.077
96657,45037,6.53,0.001
96659,45182,7.14,0.619
96661,45245,7.6,1.417
96663,12780,6.96,0.634
96665,12920,7.38,1.147
96667,13066,8.0,1.022
96669,13197,6.14,0.998
96671,13272,7.53,0.221
96673,13613,7.38,1.535
96675,11671,6.17,1.581
96677,11780,7.91,0.277
96679,12141,7.5,1.026
96681,12167,7.7,0.598
96683,12250,6.77,1.036
96685,12340,7.15,1.2
96687,12384,7.58,1.176
96689,12466,7.54,0.478
96691,12837,7.14,0.517
96693,13008,6.47,0.398
96695,46722,7.98,1.645
96697,46813,5.74,0.135
96699,45393,7.31,0.12
96701,45411,7.46,-0.021
96703,45491,7.73,0.425
96705,45506,7.28,0.397
96707,45640,7.49,0.259
96709,45658,7.81,0.216
96711,46027,6.83,1.574
96713,46061,7.88,0.027
96715,46258,7.24,0.257
96717,46336,6.96,0.168
96719,46475,7.84,0.043
96721,46511,5.66,1.587
96723,46665,7.97,1.35
96725,11533,7.91,0.422
96727,11586,7.13,0.447
96729,11907,6.19,1.1
96731,11986,7.02,1.062
96733,12105,7.07,0.941
96735,12170,6.83,1.117
96737,12313,6.71,1.526
96739,12399,7.32,0.77
96741,12681,7.54,0.983
96743,12858,7.13,0.055
96745,12941,7.19,0.387
96747,12964,6.48,0.387
96749,11570,7.98,0.498
96751,46162,7.32,0.912
96753,46320,7.43,0.973
96755,46324,7.91,0.701
96757,46350,6.97,1.483
96759,46413,7.43,0.534
96761,46466,7.78,0.496
96763,46533,7.09,0.11
96765,46618,5.86,1.193
96767,46988,7.8,1.639
96769,47213,7.97,0.181
96771,45697,6.98,0.179
96773,45743,5.79,1.285
96775,45854,6.3,0.468
96777,45968,6.97,0.402
96779,45975,6.72,0.978
96781,46054,7.33,-0.041
96783,46057,7.75,1.132
96785,46181,7.28,0.387
96787,46259,6.95,0.983
96789,12023,7.66,0.069
96791,12102,6.93,0.674
96793,12429,7.47,0.186
96795,12430,7.98,0.99
96797,11088,7.69,0.028
96799,11192,6.68,0.311
96801,11348,5.88,0.116
96803,11783,4.74,0.454
96805,11937,7.89,1.39
96807,12070,6.84,1.122
96809,12146,6.91,1.034
96811,46167,7.66,-0.005
96813,46353,7.77,0.284
96815,46362,7.51,1.45
96817,46519,7.13,1.659
96819,46725,7.0,1.028
96821,46816,7.82,0.933
96823,46855,7.1,0.993
96825,46859,5.95,1.501
96827,47007,6.54,0.623
96829,47086,7.62,1.064
96831,47153,7.57,0.056
96833,47327,7.56,1.141
96835,45927,7.59,1.328
96837,12381,7.98,0.511
96839,12460,6.71,0.261
96841,10928,7.89,0.932
96843,11225,7.66,0.445
96845,11345,4.88,-0.027
96847,11543,7.05,0.427
96849,11592,7.13,1.058
96851,11835,7.37,1.234
96853,11881,7.83,0.76
96855,11927,6.89,0.333
96857,11935,7.96,1.075
96859,12138,7.65,0.991
96861,12260,7.72,0.588
96863,45999,6.51,0.246
96865,46365,6.53,0.053
96867,46390,1.99,1.44
96869,46429,7.26,1.168
96871,46435,6.99,1.609
96873,46443,6.78,1.014
96875,46444,7.85,1.427
96877,46450,7.79,1.079
96879,46474,7.75,0.091
96881,46717,7.73,1.227
96883,46744,6.13,0.261
96885,46758,7.8,0.273
96887,46768,6.12,1.183
96889,46869,6.12,0.974
96891,46893,6.25,1.17
96893,47249,6.4,-0.04
96895,47427,6.31,-0.029
96897,47442,7.56,0.335
96899,10994,7.56,0.935
96901,11029,5.43,0.364
96903,11264,7.72,0.946
96905,11331,7.97,0.321
96907,11343,7.86,1.086
96909,12002,5.74,1.393
96911,12055,7.12,0.015
96913,12107,5.53,1.607
96915,10783,7.67,0.405
96917,47302,7.72,1.022
96919,47358,7.57,1.093
96921,47478,7.72,0.327
96923,46163,7.77,1.617
96925,46165,6.92,0.436
96927,46221,5.6,1.523
96929,46223,7.01,0.28
96931,46235,7.5,0.491
96933,46389,7.91,0.523
96935,46404,5.38,0.642
96937,46543,6.25,0.838
96939,46602,7.89,0.166
96941,46648,7.09,1.419
96943,46669,6.84,1.05
96945,46762,7.68,0.184
96947,46982,5.56,1.159
96949,47027,7.4,1.07
96951,47031,7.16,1.102
96953,47284,7.9,1.223
96955,11139,7.0,0.304
96957,11260,6.89,1.02
96959,11445,7.05,0.987
96961,11664,7.67,0.06
96963,11945,7.14,1.08
96965,10854,6.5,0.082
96967,10872,7.73,0.845
96969,10915,7.91,0.47
96971,47252,7.87,-0.3
96973,47369,7.21,0.137
96975,47431,3.9,1.313
96977,47444,7.8,1.054
96979,47463,7.55,0.61
96981,47604,6.64,0.863
96983,46211,7.98,0.225
96985,46273,6.58,1.417
96987,46288,6.01,1.313
96989,46504,6.27,0.274
96991,46509,4.59,0.411
96993,46522,6.95,0.29
96995,46529,6.14,0.222
96997,46552,7.41,0.659
96999,46708,7.7,1.011
97001,46756,7.75,0.177
97003,46776,4.54,0.109
97005,46799,7.99,0.83
97007,46983,7.14,0.799
97009,47150,7.03,1.017
97011,47242,6.45,0.986
97013,11218,7.2,0.515
97015,11261,6.34,-0.011
97017,11438,7.07,1.516
97019,11669,7.87,0.347
97021,11789,7.69,1.337
97023,11791,5.36,1.004
97025,10700,7.71,1.407
97027,10705,7.71,1.162
97029,10826,6.47,0.966
97031,11046,5.42,0.335
97033,11074,7.92,0.523
97035,47237,6.85,0.939
97037,47292,7.73,0.554
97039,47411,7.31,1.015
97041,46267,7.61,0.915
97043,46633,7.43,0.053
97045,46690,7.27,0.511
97047,46718,7.95,1.004
97049,46732,6.81,0.552
97051,46840,6.11,0.614
97053,47010,7.94,0.958
97055,47081,7.91,1.04
97057,47092,7.8,0.937
97059,11474,6.45,0.971
97061,11538,7.85,0.518
97063,11687,6.0,0.168
97065,11736,7.67,0.194
97067,11737,7.46,0.177
97069,11738,5.27,1.271
97071,11831,7.22,0.894
97073,10664,7.29,0.374
97075,10723,5.6,0.588
97077,10813,7.44,0.957
97079,10822,7.52,1.512
97081,10838,7.28,0.938
97083,11010,7.26,1.552
97085,11021,5.29,1.648
97087,47310,4.68,1.31
97089,47415,7.93,1.073
97091,46134,6.73,0.513
97093,46217,7.36,1.186
97095,46306,7.94,0.382
97097,46367,6.9,0.519
97099,46437,7.51,0.951
97101,46580,7.2,1.002
97103,46826,7.31,1.555
97105,47058,7.71,0.627
97107,47111,7.41,1.355
97109,47205,5.0,1.051
97111,11117,7.97,1.107
97113,11349,7.94,0.807
97115,11360,6.79,0.399
97117,11599,7.99,1.26
97119,11798,7.59,1.072
97121,11854,7.97,0.114
97123,11895,7.66,1.254
97125,12114,5.79,0.918
97127,10775,7.72,0.719
97129,46400,7.9,1.022
97131,46454,5.4,0.605
97133,46457,5.72,1.045
97135,46681,7.99,0.2
97137,46774,5.07,1.364
97139,46812,7.93,0.239
97141,46994,7.35,1.67
97143,47303,7.44,0.273
97145,47336,6.66,0.184
97147,47446,7.2,1.029
97149,10975,7.7,0.401
97151,11106,7.62,0.394
97153,11194,7.09,1.228
97155,11228,6.93,1.093
97157,11249,5.48,-0.098
97159,11319,7.61,0.06
97161,11390,6.7,0.333
97163,11427,6.45,0.45
97165,11484,4.3,-0.053
97167,11602,6.95,0.335
97169,11603,6.09,1.022
97171,12022,6.17,1.053
97173,10776,6.84,1.095
97175,10781,7.97,0.436
97177,46345,6.83,1.387
97179,46392,7.46,1.154
97181,46415,7.79,0.834
97183,46453,7.69,0.669
97185,46464,6.88,1.04
97187,46486,7.72,1.316
97189,46650,7.67,1.052
97191,46713,6.92,1.055
97193,46771,4.99,1.046
97195,47022,6.81,-0.023
97197,47035,7.89,-0.098
97199,47096,6.32,0.027
97201,47151,7.74,0.071
97203,47266,6.63,0.438
97205,47291,6.74,0.912
97207,45879,6.67,0.507
97209,12258,7.98,1.067
97211,11130,7.63,0.945
97213,11242,7.93,1.64
97215,11309,7.36,0.495
97217,11941,7.49,0.666
97219,11971,6.98,0.005
97221,12111,7.26,0.537
97223,12153,5.64,0.516
97225,12252,7.58,1.01
97227,46311,7.97,1.621
97229,46335,7.77,0.308
97231,46545,7.26,1.489
97233,46745,7.66,1.154
97235,45699,6.61,0.487
97237,45827,7.77,0.37
97239,45874,6.57,-0.003
97241,45894,6.98,0.28
97243,45989,7.75,0.165
97245,45992,7.69,1.346
97247,46137,7.18,0.749
97249,46149,7.13,1.508
97251,46232,6.31,0.968
97253,12349,7.11,1.12
97255,12441,7.99,0.369
97257,12603,7.64,1.046
97259,12634,7.98,0.246
97261,12731,7.29,1.687
97263,11223,7.89,0.335
97265,11441,7.24,0.377
97267,11698,6.21,0.908
97269,11843,6.0,0.572
97271,46838,7.95,1.011
97273,46910,7.99,1.018
97275,45272,6.48,0.046
97277,45510,7.03,0.317
97279,45648,7.89,0.408
97281,45747,7.77,1.493
97283,45826,7.24,0.924
97285,45917,7.69,0.604
97287,45936,7.71,1.32
97289,46076,7.72,0.68
97291,46155,6.53,0.933
97293,46304,7.5,0.205
97295,46621,6.94,0.24
97297,46739,7.32,1.028
97299,46751,7.39,1.281
97301,11678,6.14,0.247
97303,11762,7.48,1.289
97305,11781,7.97,0.58
97307,11797,7.34,0.366
97309,11803,7.45,1.01
97311,11904,6.82,0.29
97313,11968,7.94,1.249
97315,12238,6.92,0.91
97317,12319,7.2,1.472
97319,12332,5.45,0.168
97321,12468,7.92,1.674
97323,12518,7.04,0.066
97325,12640,5.74,-0.017
97327,12688,7.65,0.71
97329,12733,7.8,0.253
97331,12819,7.78,0.961
97333,12899,7.66,0.196
97335,45494,7.6,1.304
97337,45574,7.32,0.512
97339,45606,6.97,1.154
97341,45756,7.9,0.522
97343,45869,7.26,0.627
97345,45984,8.0,1.014
97347,46058,6.41,0.856
97349,46105,6.79,1.264
97351,46119,7.24,1.107
97353,44806,7.04,0.192
97355,45004,7.78,1.575
97357,45105,8.0,1.079
97359,45268,7.64,1.136
97361,45349,6.92,1.259
97363,12744,6.35,0.089
97365,12926,7.89,0.84
97367,13012,7.19,0.947
97369,13035,7.46,0.427
97371,13109,7.99,1.537
97373,13120,7.46,1.035
97375,13121,5.89,-0.033
97377,13224,7.51,0.408
97379,13277,7.76,1.109
97381,11814,7.81,0.399
97383,12184,7.1,0.41
97385,12189,6.48,0.51
97387,12730,7.57,1.435
97389,46146,4.47,1.222
97391,44342,6.07,0.243
97393,44438,7.89,1.416
97395,44512,6.67,0.022
97397,44530,7.6,1.61
97399,44592,7.64,1.388
97401,44784,7.99,1.057
97403,44818,5.42,0.888
97405,44892,5.95,0.654
97407,45157,7.88,1.136
97409,45595,6.77,0.409
97411,45617,7.2,0.992
97413,45723,6.61,1.426
97415,45767,7.88,1.285
97417,44211,7.6,1.532
97419,12489,5.3,0.081
97421,12491,7.55,0.547
97423,12719,4.65,-0.122
97425,12799,7.94,0.171
97427,12808,7.14,0.367
97429,13010,7.87,1.117
97431,13047,7.1,0.015
97433,13061,4.52,1.112
97435,13081,7.56,0.82
97437,13209,3.61,-0.1
97439,13356,7.91,0.053
97441,13609,6.84,-0.028
97443,13642,7.52,0.953
97445,13684,6.55,0.937
97447,44967,7.95,0.257
97449,45058,6.04,1.373
97451,43410,6.22,0.549
97453,43584,5.67,0.224
97455,43721,5.4,1.05
97457,43775,7.39,0.107
97459,43904,7.32,0.511
97461,43932,5.44,0.181
97463,43976,6.99,0.302
97465,44031,6.25,0.474
97467,44118,7.95,0.649
97469,44154,5.23,0.913
97471,44307,5.89,0.088
97473,44401,7.94,1.451
97475,44441,7.03,0.497
97477,44574,6.46,0.241
97479,44781,6.95,1.365
97481,44825,6.47,0.375
97483,44897,5.95,0.585
97485,43030,7.05,1.442
97487,43353,7.38,0.898
97489,13241,6.58,0.032
97491,13284,7.66,1.685
97493,13464,6.61,0.529
97495,13504,7.97,0.246
97497,13645,6.89,1.749
97499,13775,5.1,-0.007
97501,13851,6.61,1.017
97503,14002,7.41,0.439
97505,14081,6.6,1.102
97507,14213,7.88,1.755
97509,14399,7.76,1.041
97511,14412,7.84,0.083
97513,14446,7.86,1.061
97515,14450,7.84,-0.001
97517,12991,7.69,0.076
97519,13053,7.95,0.785
97521,13118,6.94,0.956
97523,13210,6.72,0.398
97525,13291,7.56,0.584
97527,13294,7.68,1.2
97529,13395,7.96,0.196
97531,43949,7.17,1.022
97533,44064,6.65,0.012
97535,44169,7.71,0.637
97537,44335,7.83,0.474
97539,42364,7.6,0.218
97541,42465,7.37,0.065
97543,42580,7.8,1.316
97545,42824,7.06,1.048
97547,42871,6.54,0.469
97549,42983,6.95,0.297
97551,43113,7.41,1.409
97553,43279,7.27,0.064
97555,43420,7.49,1.211
97557,43426,6.86,0.592
97559,43634,7.09,0.609
97561,43685,6.14,0.059
97563,43852,7.69,0.771
97565,41771,7.35,1.564
97567,41935,5.88,1.106
97569,15985,7.91,0.415
97571,16102,7.69,0.539
97573,14234,7.14,-0.01
97575,14237,7.69,0.63
97577,14287,6.86,-0.008
97579,14387,6.99,0.181
97581,14509,7.94,1.343
97583,14532,7.36,0.672
97585,14615,7.62,0.256
97587,14616,7.91,1.808
97589,14666,6.95,1.084
97591,14713,7.62,0.044
97593,14824,7.3,1.744
97595,14886,7.29,0.606
97597,15143,7.92,0.047
97599,15151,7.65,0.238
97601,15182,7.98,0.201
97603,15204,6.25,0.29
97605,15205,7.57,0.493
97607,15295,7.83,0.141
97609,15329,7.26,0.609
97611,15468,7.94,1.05
97613,13905,4.94,1.235
97615,14066,7.25,1.45
97617,42744,7.46,1.687
97619,41056,7.13,0.312
97621,41224,6.02,1.591
97623,41406,7.08,1.166
97625,41630,7.94,0.2
97627,41768,7.06,0.158
97629,41782,6.71,0.113
97631,42111,7.42,1.0
97633,42197,6.98,0.188
97635,42238,7.64,0.978
97637,42341,7.47,0.142
97639,42498,7.95,1.29
97641,42590,7.66,0.259
97643,39722,6.35,-0.02
97645,39938,6.26,1.263
97647,40393,6.83,0.051
97649,40651,7.65,0.309
97651,41075,4.25,1.55
97653,16774,7.9,1.167
97655,16938,6.41,-0.064
97657,17022,6.73,0.614
97659,17042,7.84,0.272
97661,17196,7.17,0.405
97663,17369,7.97,0.379
97665,17409,7.48,0.583
97667,17529,3.77,0.425
97669,17549,6.89,-0.022
97671,17781,7.39,0.002
97673,15282,6.44,-0.027
97675,15697,7.36,0.224
97677,15791,7.81,0.163
97679,15871,7.36,1.404
97681,15895,7.87,-0.059
97683,15925,6.52,0.047
97685,15944,7.24,-0.049
97687,16186,7.04,1.076
97689,16220,7.32,0.722
97691,16323,7.65,0.031
97693,16357,6.92,0.387
97695,16398,7.31,0.377
97697,16406,7.32,0.028
97699,16425,6.5,0.243
97701,16473,7.27,0.123
97703,16487,6.73,-0.009
97705,16591,5.79,0.139
97707,16894,7.81,1.04
97709,16897,7.01,0.052
97711,14354,3.32,1.528
97713,14522,7.84,0.356
97715,14817,4.61,1.115
97717,14981,7.98,0.315
97719,15065,7.05,-0.046
97721,15334,5.97,0.056
97723,15456,7.27,0.362
97725,40149,7.68,1.062
97727,40503,6.81,1.603
97729,40533,7.9,0.261
97731,40844,7.89,0.519
97733,41045,8.0,1.09
97735,41184,7.71,0.652
97737,38266,7.06,0.197
97739,38403,6.5,0.213
97741,38527,7.36,1.031
97743,38623,6.25,1.133
97745,38639,5.47,1.462
97747,39074,7.89,0.553
97749,39312,7.88,0.235
97751,39384,7.92,1.076
97753,39463,7.44,0.308
97755,39935,7.88,0.944
97757,40158,7.85,0.17
97759,36334,6.66,1.474
97761,36348,5.7,-0.092
97763,36851,7.27,0.121
97765,37170,7.7,0.621
97767,37441,5.58,1.011
97769,37571,7.81,1.173
97771,37802,7.67,0.313
97773,38003,7.73,1.096
97775,36056,6.77,-0.047
97777,19812,4.12,0.935
97779,19952,7.82,0.092
97781,19992,7.38,1.61
97783,20000,7.09,0.364
97785,20436,7.85,1.83
97787,20689,7.84,1.638
97789,17644,7.57,1.171
97791,17839,7.91,0.219
97793,18188,7.46,1.309
97795,18237,7.9,1.161
97797,18396,5.39,-0.073
97799,18424,7.75,0.22
97801,18460,7.92,0.594
97803,18640,7.92,0.157
97805,18662,7.73,0.041
97807,18782,7.14,1.041
97809,18838,7.91,0.333
97811,19127,6.77,0.153
97813,19343,3.96,-0.025
97815,19366,7.33,0.194
97817,19541,7.6,0.978
97819,16490,7.24,1.426
97821,16516,6.42,-0.007
97823,16688,7.52,1.411
97825,16716,7.53,1.66
97827,16972,7.22,0.202
97829,16980,7.56,0.112
97831,17173,7.4,0.912
97833,17193,7.93,0.399
97835,17217,7.93,0.665
97837,17271,7.6,1.149
97839,17434,7.52,1.85
97841,17475,6.1,0.291
97843,17491,7.72,0.864
97845,17554,7.65,0.403
97847,17577,7.58,0.065
97849,17584,5.66,-0.08
97851,17665,7.62,1.312
97853,17681,7.06,0.007
97855,17756,7.66,0.374
97857,17846,5.95,0.279
97859,17932,5.65,0.779
97861,16061,7.3,1.242
97863,16165,6.52,1.645
97865,16188,7.21,0.226
97867,39005,7.35,1.018
97869,39357,7.26,1.507
97871,36498,7.27,0.176
97873,36893,6.97,0.354
97875,37140,5.93,0.221
97877,37283,6.89,0.473
97879,37701,5.31,-0.001
97881,37917,6.97,1.627
97883,38084,7.71,0.46
97885,38090,7.35,1.092
97887,38642,7.91,1.041
97889,34777,6.67,1.595
97891,34912,5.46,1.64
97893,35033,7.3,0.311
97895,35104,7.26,1.054
97897,35206,7.69,0.824
97899,35304,5.93,1.259
97901,35384,5.0,0.087
97903,35472,7.82,0.543
97905,35612,7.93,1.27
97907,35726,7.72,0.172
97909,35731,7.49,0.32
97911,35766,7.74,1.26
97913,35984,5.8,1.61
97915,36012,7.84,1.678
97917,36145,4.61,-0.001
97919,36439,5.35,0.47
97921,36508,7.75,0.945
97923,36536,6.79,0.21
97925,36545,7.69,1.552
97927,36779,6.44,1.348
97929,32449,7.31,0.009
97931,32730,7.8,0.372
97933,33085,6.95,0.438
97935,33196,7.35,0.051
97937,33264,7.93,1.136
97939,33413,7.52,0.083
97941,33617,7.9,1.201
97943,33672,6.66,1.39
97945,33908,7.93,0.962
97947,33913,7.51,1.105
97949,33931,7.47,0.028
97951,33985,7.42,0.949
97953,34079,7.28,1.143
97955,34217,6.17,0.102
97957,34333,7.74,0.236
97959,34451,7.96,1.442
97961,30474,7.04,1.664
97963,30539,7.13,1.0
97965,30869,6.94,0.965
97967,30878,7.25,0.444
97969,31023,7.64,0.288
97971,31080,7.69,1.024
97973,31182,7.59,1.326
97975,31309,6.91,0.309
97977,31432,7.51,0.105
97979,31452,7.56,0.377
97981,31719,7.84,1.461
97983,31965,7.6,0.672
97985,31989,7.5,0.528
97987,32195,7.8,0.466
97989,32250,7.7,0.048
97991,32261,6.28,1.089
97993,32358,7.04,1.591
97995,28664,7.0,0.327
97997,28765,6.39,0.196
97999,29335,7.72,1.367
98001,29404,6.28,0.141
98003,29481,7.99,0.168
98005,29580,7.36,0.389
98007,29764,7.37,1.396
98009,29935,7.71,0.1
98011,30123,7.26,0.402
98013,30165,7.44,0.201
98015,30247,5.34,0.448
98017,30394,7.71,0.079
98019,26505,7.74,0.834
98021,26653,7.85,0.764
98023,26720,7.21,0.944
98025,26779,6.21,0.84
98027,26974,7.14,0.624
98029,27165,6.85,0.637
98031,27177,7.99,1.054
98033,27293,6.47,0.898
98035,27529,7.81,1.238
98037,27625,6.29,1.047
98039,28023,7.4,1.778
98041,28034,7.99,1.13
98043,28086,6.62,0.159
98045,28096,7.74,0.175
98047,28358,3.72,1.01
98049,24211,7.07,0.999
98051,24397,7.19,0.631
98053,24406,7.96,0.131
98055,24451,6.16,0.084
98057,24529,7.49,0.189
98059,24628,7.73,1.158
98061,24782,7.74,0.522
98063,25008,6.63,1.16
98065,25052,7.76,0.699
98067,25279,7.72,1.546
98069,25749,7.14,0.397
98071,25855,7.53,1.044
98073,25920,7.46,1.429
98075,25926,7.74,1.13
98077,26031,8.0,0.045
98079,26059,7.82,0.181
98081,22279,6.77,0.452
98083,22290,7.56,0.192
98085,22695,7.87,0.574
98087,22720,6.4,0.068
98089,22869,7.05,0.069
98091,22936,5.75,0.105
98093,22951,7.92,0.65
98095,23020,6.95,0.395
98097,23040,4.43,-0.017
98099,23181,7.91,1.029
98101,23216,6.09,1.462
98103,23229,7.98,0.526
98105,23715,7.32,0.024
98107,23783,4.98,0.343
98109,23811,8.0,1.59
98111,23828,7.4,0.087
98113,24052,7.49,0.06
98115,24179,7.52,0.404
98117,20770,7.49,1.677
98119,20908,7.8,0.105
98121,21328,7.82,0.486
98123,21342,7.08,0.084
98125,21727,5.07,1.079
98127,21729,7.9,1.043
98129,21737,7.98,0.073
98131,21876,7.69,0.024
98133,21972,5.86,0.013
98135,22075,6.88,0.116
98137,22262,7.84,0.962
98139,22433,7.86,0.273
98141,22513,7.65,1.731
98143,19356,6.95,0.095
98145,19727,6.92,0.91
98147,19738,7.82,1.28
98149,19986,6.59,1.72
98151,20070,4.6,0.043
98153,20156,5.46,0.235
98155,20234,5.55,-0.031
98157,20296,7.13,1.69
98159,20370,7.11,1.322
98161,20556,6.84,0.191
98163,20586,6.87,0.456
98165,18212,5.76,1.04
98167,18637,7.48,1.207
98169,18923,6.97,0.543
98171,32887,7.92,0.505
98173,30899,7.71,1.159
98175,31162,7.56,0.545
98177,28589,7.57,1.741
98179,29538,7.95,1.036
98181,26344,5.74,1.671
98183,26997,7.32,1.0
98185,27027,6.95,-0.049
98187,27355,6.58,0.924
98189,27672,7.54,0.22
98191,27949,4.96,0.052
98193,28214,7.16,0.063
98195,28385,6.42,0.318
98197,28390,6.14,1.197
98199,25880,7.54,0.62
98201,23753,7.17,1.023
98203,34670,5.12,1.251
98205,32579,7.66,0.287
98207,32913,7.58,0.087
98209,33357,4.94,1.668
98211,33510,7.38,-0.055
98213,33728,6.56,0.882
98215,30456,7.85,0.7
98217,30953,5.28,0.371
98219,31076,7.41,1.064
98221,31211,7.79,0.562
98223,31477,7.02,1.184
98225,31570,7.22,0.923
98227,32148,7.02,-0.14
98229,28484,5.65,0.207
98231,28721,7.46,0.153
98233,28962,7.2,0.347
98235,29107,7.91,0.094
98237,29185,6.48,0.502
98239,29285,7.65,0.488
98241,29418,7.87,0.05
98243,29990,7.03,0.835
98245,30104,6.61,0.657
98247,30132,6.81,1.18
98249,26515,6.43,-0.047
98251,26975,7.59,-0.135
98253,27055,7.96,1.218
98255,27321,3.85,0.171
98257,27408,7.05,0.038
98259,27572,7.19,0.914
98261,27896,6.53,0.891
98263,27937,6.11,-0.148
98265,27978,7.58,0.428
98267,28322,6.82,-0.099
98269,24526,7.89,0.747
98271,24614,7.92,1.221
98273,24617,7.96,0.506
98275,25196,7.85,1.168
98277,25663,7.59,1.438
98279,25796,7.6,1.501
98281,25903,7.44,-0.111
98283,26050,7.15,0.492
98285,26164,7.3,0.206
98287,26393,7.95,0.927
98289,23196,6.99,0.375
98291,23482,5.37,0.421
98293,23487,7.26,1.042
98295,23649,5.05,1.484
98297,23901,7.44,0.299
98299,23978,7.26,1.029
98301,24222,7.84,-0.076
98303,37823,6.02,-0.069
98305,37837,7.56,0.116
98307,37887,7.54,1.025
98309,38066,7.68,1.678
98311,38183,6.32,0.962
98313,38292,6.45,0.899
98315,38732,6.02,-0.111
98317,38846,5.36,-0.166
98319,38872,5.08,-0.166
98321,35767,7.72,-0.098
98323,35939,7.98,0.76
98325,36234,7.59,0.063
98327,36259,7.65,0.996
98329,36298,7.58,-0.051
98331,36422,7.41,0.026
98333,36427,7.84,-0.028
98335,36863,6.77,1.554
98337,36875,6.81,-0.03
98339,36908,7.62,0.055
98341,36992,6.9,1.027
98343,37034,7.2,-0.116
98345,37052,7.28,1.271
98347,37055,7.92,1.01
98349,37148,7.98,1.33
98351,37228,7.98,0.003
98353,37343,7.4,1.739
98355,37360,7.52,0.584
98357,37363,7.29,1.568
98359,37461,6.41,-0.003
98361,37469,7.04,0.009
98363,37606,5.04,0.765
98365,37649,7.23,1.72
98367,34261,7.44,1.652
98369,34506,7.01,-0.067
98371,34654,7.87,0.15
98373,34834,4.49,0.324
98375,34868,7.27,0.038
98377,34899,4.87,-0.003
98379,34922,4.42,1.331
98381,34958,7.45,0.364
98383,34974,7.29,0.947
98385,35020,4.75,-0.091
98387,35029,5.72,-0.109
98389,35096,7.67,0.604
98391,35160,7.92,0.203
98393,35181,5.64,1.441
98395,35296,6.7,0.975
98397,35347,5.86,-0.117
98399,35437,7.17,0.519
98401,32342,7.78,-0.134
98403,32354,7.22,-0.157
98405,32356,7.49,-0.138
98407,32481,6.95,1.4
98409,32538,6.84,0.3
98411,32691,7.36,0.001
98413,32715,7.11,-0.031
98415,32765,5.14,0.46
98417,32771,6.54,1.501
98419,32883,7.3,1.15
98421,32918,6.42,1.207
98423,33517,6.83,-0.062
98425,33590,6.23,-0.006
98427,33609,7.28,-0.012
98429,33636,7.68,1.226
98431,30591,5.76,-0.061
98433,31223,6.96,0.469
98435,31487,7.41,1.14
98437,31506,7.44,1.134
98439,31765,5.05,0.997
98441,31962,6.66,-0.143
98443,31966,6.71,1.601
98445,28796,6.6,0.712
98447,28845,8.0,0.984
98449,29963,7.43,1.618
98451,30044,7.96,0.388
98453,30150,7.92,1.404
98455,26805,7.14,-0.004
98457,26958,7.98,4.75
98459,26983,7.63,1.603
98461,27193,7.22,0.351
98463,27243,5.31,1.04
98465,27818,6.75,1.382
98467,27898,7.45,1.309
98469,24624,7.58,1.433
98471,24876,7.03,1.634
98473,24911,7.82,1.36
98475,24931,7.81,0.965
98477,25506,7.67,0.416
98479,25746,6.64,0.348
98481,25768,5.46,0.615
98483,25963,7.37,0.67
98485,25998,7.68,0.135
98487,26300,6.1,1.159
98489,26347,7.4,0.438
98491,26373,7.95,0.845
98493,26428,7.56,0.997
98495,26499,7.62,1.078
98497,23308,7.77,1.502
98499,23381,7.54,0.771
98501,23424,7.77,0.099
98503,24111,7.73,-0.1
98505,24215,7.87,0.398
98507,24603,7.02,-0.103
98509,21593,7.9,0.317
98511,21786,7.5,0.123
98513,21843,6.77,0.745
98515,21844,7.89,0.049
98517,21849,7.37,0.3
98519,21969,7.36,1.517
98521,21992,7.94,1.068
98523,22006,6.9,0.498
98525,22029,7.91,1.098
98527,22069,7.75,1.45
98529,22329,6.72,0.948
98531,22370,7.45,0.142
98533,22444,7.77,1.252
98535,22514,7.89,0.53
98537,22620,7.13,0.958
98539,22983,7.98,1.479
98541,20052,7.53,0.629
98543,20161,5.33,1.066
98545,20323,7.72,0.959
98547,20514,7.92,0.427
98549,20561,7.06,0.472
98551,20630,6.38,0.457
98553,20678,7.58,-0.136
98555,20781,6.1,0.47
98557,20934,6.13,1.062
98559,21057,7.91,1.673
98561,21060,5.07,-0.194
98563,21431,7.29,0.433
98565,19642,6.7,1.455
98567,19652,7.9,1.572
98569,40740,7.08,-0.059
98571,40947,6.15,0.172
98573,40952,7.17,0.692
98575,38907,7.36,0.69
98577,38955,8.0,-0.033
98579,39028,7.24,-0.09
98581,39061,5.22,0.4
98583,39066,7.7,0.156
98585,39126,7.71,1.679
98587,39170,7.34,0.061
98589,39203,7.88,-0.098
98591,39360,5.52,-0.152
98593,39370,7.74,-0.046
98595,39373,6.97,1.167
98597,39385,6.83,0.95
98599,39420,6.28,1.008
98601,39429,2.21,-0.269
98603,39508,7.43,0.27
98605,39580,7.73,0.668
98607,39657,7.27,0.838
98609,39662,6.91,1.135
98611,39731,7.89,1.639
98613,39776,7.14,-0.119
98615,39864,7.16,0.026
98617,39907,7.64,0.927
98619,39994,8.0,0.068
98621,40029,7.76,0.469
98623,40056,7.37,-0.085
98625,40070,6.69,1.526
98627,40091,4.44,1.59
98629,40147,6.7,1.463
98631,40264,7.78,1.584
98633,40326,4.42,1.17
98635,40366,6.62,-0.148
98637,40520,6.98,1.001
98639,40588,7.83,0.025
98641,40714,7.95,1.03
98643,37460,7.54,0.485
98645,37462,7.4,-0.058
98647,37577,7.01,-0.107
98649,37659,7.32,1.685
98651,37664,5.12,1.104
98653,37675,6.58,-0.131
98655,37699,7.2,1.619
98657,37739,7.75,1.289
98659,37841,7.93,0.992
98661,37938,6.56,-0.124
98663,37983,6.93,-0.168
98665,37985,7.65,1.484
98667,37987,7.67,0.005
98669,37993,7.58,-0.05
98671,38074,6.14,1.591
98673,38076,7.8,-0.043
98675,38133,7.12,-0.143
98677,38165,6.53,-0.151
98679,38224,7.08,-0.07
98681,38355,6.34,-0.173
98683,38370,6.05,-0.181
98685,38400,7.87,1.47
98687,38414,3.71,1.012
98689,38420,7.53,-0.1
98691,38455,4.49,-0.188
98693,38584,6.85,-0.105
98695,38618,7.11,1.066
98697,38624,7.52,1.479
98699,38795,6.78,-0.17
98701,38845,6.09,1.361
98703,38909,7.22,1.311
98705,38924,7.54,-0.109
98707,38925,6.46,0.979
98709,39102,7.72,0.582
98711,39145,7.98,-0.019
98713,39185,7.35,-0.147
98715,39290,7.87,-0.049
98717,35993,7.76,0.061
98719,36178,7.94,1.508
98721,36377,3.25,1.509
98723,36729,6.53,0.918
98725,36775,6.68,1.758
98727,36825,7.46,0.65
98729,36830,7.3,0.187
98731,37318,7.16,0.012
98733,37424,7.34,-0.041
98735,20374,7.57,0.922
98737,20385,7.95,0.456
98739,20856,6.41,1.614
98741,21020,7.35,0.015
98743,21024,7.27,0.016
98745,18679,7.2,1.177
98747,19242,6.59,0.899
98749,19491,7.91,0.289
98751,19515,4.93,0.334
98753,19721,6.36,1.468
98755,19747,3.85,1.085
98757,17436,6.45,1.059
98759,17483,7.51,0.587
98761,17819,7.24,0.56
98763,17993,7.05,1.363
98765,18048,7.57,1.388
98767,18101,7.91,0.868
98769,18187,7.22,0.53
98771,18262,5.7,0.599
98773,18337,6.81,-0.029
98775,18417,7.54,1.223
98777,18437,6.89,0.023
98779,18452,7.55,0.308
98781,18482,6.97,1.31
98783,18885,7.55,0.165
98785,18906,7.54,1.204
98787,41646,7.46,1.19
98789,41939,6.36,0.951
98791,41980,7.86,-0.1
98793,42190,7.87,0.129
98795,40144,6.64,1.53
98797,40162,7.84,0.614
98799,40191,7.72,1.547
98801,40218,7.62,-0.129
98803,40255,7.32,-0.12
98805,40268,7.34,-0.143
98807,40274,4.78,-0.11
98809,40307,6.91,0.786
98811,40321,5.09,-0.184
98813,40324,6.11,-0.185
98815,40328,7.14,-0.104
98817,40344,5.77,1.024
98819,40407,6.8,1.27
98821,40443,7.42,-0.104
98823,40485,6.15,1.549
98825,40506,7.29,0.89
98827,40519,7.18,-0.137
98829,40577,7.59,0.04
98831,40639,6.42,1.446
98833,40673,6.67,0.244
98835,40678,5.59,1.246
98837,40706,4.44,0.222
98839,40787,6.44,-0.079
98841,40811,7.0,0.425
98843,40826,7.59,0.032
98845,40924,7.88,-0.011
98847,40943,5.18,-0.187
98849,41107,6.28,1.613
98851,41173,7.82,0.243
98853,41177,7.41,0.087
98855,41278,7.86,0.612
98857,41410,7.92,0.415
98859,41424,7.83,1.533
98861,41436,7.81,1.23
98863,41515,5.75,-0.151
98865,41546,7.62,1.18
98867,41586,7.68,-0.112
98869,41726,6.78,1.903
98871,41972,7.65,-0.037
98873,42042,6.69,0.428
98875,38654,7.44,0.14
98877,38727,7.99,-0.054
98879,39030,7.27,0.24
98881,39251,5.9,0.147
98883,39299,6.31,1.599
98885,39408,7.86,1.602
98887,39720,7.3,0.548
98889,39763,7.84,1.252
98891,39814,7.75,0.254
98893,39866,6.36,-0.054
98895,40003,7.78,1.039
98897,40045,7.73,0.054
98899,40063,6.42,-0.045
98901,40092,7.26,1.085
98903,40181,6.54,-0.095
98905,40220,6.4,0.108
98907,40265,7.54,0.078
98909,40367,7.85,0.132
98911,17797,4.3,-0.038
98913,17861,6.75,1.615
98915,17874,4.17,0.927
98917,17982,6.86,-0.044
98919,18355,7.87,1.009
98921,16156,6.49,0.126
98923,16289,7.22,0.185
98925,16365,7.71,0.591
98927,16666,7.04,0.384
98929,16720,7.76,1.427
98931,16868,7.24,0.087
98933,17002,7.04,1.28
98935,17124,7.84,0.555
98937,17351,4.59,1.191
98939,17368,7.67,0.315
98941,17439,6.99,0.87
98943,17734,6.21,-0.102
98945,15452,7.06,0.373
98947,15987,6.39,0.082
98949,16112,5.71,1.284
98951,42930,7.16,0.036
98953,43316,7.86,0.452
98955,43385,7.68,0.105
98957,41268,6.81,-0.082
98959,41335,7.12,0.36
98961,41363,7.72,1.2
98963,41438,6.8,0.747
98965,41449,6.33,0.897
98967,41485,7.21,1.292
98969,41491,7.93,0.955
98971,41611,8.0,0.081
98973,41666,7.84,0.044
98975,41723,5.61,1.509
98977,41750,7.41,-0.119
98979,41754,7.09,0.282
98981,41858,7.72,-0.095
98983,41926,6.38,0.78
98985,42065,8.0,1.46
98987,42075,6.41,0.752
98989,42122,6.7,1.355
98991,42127,7.87,0.972
98993,42198,7.59,-0.095
98995,42207,6.69,1.086
98997,42302,6.51,0.32
98999,42307,7.86,-0.025
99001,42406,7.57,0.921
99003,42495,7.09,1.371
99005,42510,7.59,0.231
99007,42633,7.93,1.018
99009,42707,7.3,-0.024
99011,42828,3.68,-0.18
99013,42893,7.34,1.56
99015,42937,6.89,0.325
99017,43013,6.84,1.149
99019,40945,4.83,1.419
99021,41116,7.78,0.202
99023,41168,7.16,-0.14
99025,41222,7.99,1.452
99027,16851,6.93,0.477
99029,15043,7.53,1.19
99031,15265,7.15,0.227
99033,15517,7.45,0.92
99035,15816,6.51,1.372
99037,15866,7.35,0.892
99039,16012,7.88,0.716
99041,16215,7.16,1.274
99043,16418,7.23,0.99
99045,16433,7.62,0.04
99047,16480,7.95,0.246
99049,16672,6.39,1.404
99051,14557,7.27,0.259
99053,14925,6.97,1.262
99055,14939,7.84,1.006
99057,14940,7.03,1.362
99059,15218,6.64,-0.035
99061,44290,6.2,1.137
99063,44343,7.25,0.498
99065,42785,7.91,0.017
99067,43041,7.09,1.321
99069,43076,7.97,0.972
99071,43088,7.63,1.439
99073,43093,7.29,2.087
99075,43215,6.42,1.364
99077,43334,7.45,0.016
99079,43370,5.86,0.948
99081,43389,7.69,0.277
99083,43394,6.17,-0.055
99085,43409,4.02,1.272
99087,43434,7.74,0.897
99089,43533,7.63,0.352
99091,43782,7.62,1.272
99093,43825,4.87,0.142
99095,43890,7.57,0.233
99097,43997,7.66,0.279
99099,44164,6.88,0.695
99101,41856,7.59,1.046
99103,42151,7.57,0.025
99105,42166,7.13,1.135
99107,42305,7.91,0.955
99109,42482,6.94,1.118
99111,42483,4.86,0.9
99113,15518,7.56,1.469
99115,15809,7.4,1.215
99117,15930,7.26,0.992
99119,14035,7.6,0.597
99121,14079,7.83,0.338
99123,14086,5.88,0.794
99125,14463,7.14,1.353
99127,14551,6.18,0.166
99129,14643,7.66,0.111
99131,14851,7.0,1.032
99133,14879,3.8,0.543
99135,14963,7.74,1.002
99137,14966,7.8,0.85
99139,15001,7.03,0.097
99141,15005,7.88,0.622
99143,15024,6.17,1.041
99145,15125,6.25,0.038
99147,15142,7.7,1.305
99149,15343,7.58,0.584
99151,15357,5.93,0.337
99153,15527,7.36,0.63
99155,15585,6.4,0.542
99157,43645,8.0,0.035
99159,43736,7.23,0.546
99161,43853,6.39,0.157
99163,44007,7.11,1.002
99165,44175,6.96,0.43
99167,44268,6.94,0.097
99169,44276,7.49,0.341
99171,44334,7.66,1.059
99173,44431,6.72,-0.033
99175,44515,7.91,0.311
99177,43002,6.07,0.084
99179,14323,7.53,1.026
99181,14623,7.29,0.678
99183,14757,6.37,0.912
99185,13458,6.59,0.957
99187,13479,5.93,1.041
99189,13626,6.59,1.182
99191,13769,7.84,0.96
99193,13772,7.33,0.863
99195,13782,5.44,0.238
99197,13835,5.82,1.334
99199,13942,5.69,0.427
99201,14146,4.08,0.163
99203,44923,5.73,0.0
99205,45158,5.72,0.977
99207,45339,7.65,1.171
99209,43398,7.95,0.067
99211,43777,7.38,0.842
99213,43798,5.75,1.327
99215,43800,7.06,1.532
99217,44017,7.11,0.0
99219,44162,6.19,0.461
99221,44246,7.11,0.363
99223,44286,7.57,0.226
99225,44570,7.77,1.218
99227,44934,7.42,0.999
99229,13288,4.76,0.906
99231,13416,7.86,0.983
99233,13545,7.79,0.388
99235,13564,7.55,0.434
99237,13647,7.64,1.368
99239,13764,7.27,1.301
99241,13993,7.81,0.936
99243,14038,7.35,1.655
99245,14186,7.76,0.213
99247,14249,7.48,0.851
99249,14357,7.45,1.159
99251,12843,4.47,0.481
99253,13113,7.19,1.112
99255,13196,7.37,1.582
99257,44556,7.16,0.358
99259,44609,7.95,1.744
99261,44733,6.65,1.036
99263,44860,7.29,0.617
99265,44888,6.48,1.1
99267,44927,7.97,0.591
99269,45018,6.98,0.335
99271,45039,7.81,0.216
99273,45070,8.0,0.18
99275,45076,7.95,0.169
99277,45102,8.0,0.174
99279,45223,7.44,0.398
99281,45305,6.46,0.958
99283,45424,6.32,0.013
99285,45552,7.95,1.515
99287,45559,5.83,1.049
99289,43899,5.95,1.544
99291,43920,6.56,0.413
99293,44075,5.8,0.521
99295,44083,6.98,1.358
99297,44096,6.74,1.543
99299,44129,7.13,1.122
99301,44159,7.88,0.395
99303,44238,7.57,0.283
99305,44478,6.58,1.452
99307,13831,7.93,0.529
99309,14117,7.54,0.336
99311,12554,7.27,0.529
99313,12562,5.98,0.429
99315,12630,7.49,0.419
99317,12850,7.6,0.827
99319,13705,7.9,0.214
99321,44427,7.36,1.658
99323,44468,7.65,1.401
99325,44580,7.6,1.502
99327,44754,7.04,0.298
99329,44793,7.15,1.468
99331,44936,5.76,0.937
99333,44974,7.44,1.518
99335,45171,7.92,0.257
99337,45445,7.42,1.311
99339,45511,6.82,0.191
99341,45543,6.45,1.172
99343,45588,7.07,1.033
99345,45720,7.66,1.036
99347,45744,6.62,0.086
99349,45751,4.77,0.927
99351,45763,7.09,1.029
99353,13970,7.06,1.098
99355,12770,4.24,-0.122
99357,12774,7.61,1.201
99359,13064,6.63,1.434
99361,13207,7.88,1.14
99363,13402,6.05,0.862
99365,13527,7.81,0.083
99367,13578,7.07,0.336
99369,13843,6.51,1.031
99371,12374,7.89,0.471
99373,12390,4.83,0.447
99375,45802,6.99,0.39
99377,45811,4.8,0.913
99379,45838,7.39,0.478
99381,44578,7.27,0.311
99383,44796,7.85,0.04
99385,44801,7.83,0.034
99387,44813,7.37,0.323
99389,44883,5.6,-0.057
99391,44896,7.15,0.61
99393,44940,7.84,-0.082
99395,44961,5.47,1.002
99397,44972,7.47,1.284
99399,45380,7.27,0.042
99401,45422,6.96,0.315
99403,45482,7.26,0.344
99405,45526,5.49,-0.081
99407,45547,7.53,0.972
99409,12754,6.54,1.16
99411,13168,7.61,0.643
99413,13384,7.03,1.433
99415,13421,6.31,0.196
99417,13467,7.89,0.704
99419,13476,7.21,0.415
99421,13520,6.95,0.435
99423,12350,6.98,0.702
99425,12363,6.65,1.008
99427,12444,5.79,0.524
99429,45527,5.24,1.172
99431,45755,7.75,1.625
99433,45961,7.33,0.234
99435,45998,7.39,0.943
99437,46090,7.48,1.435
99439,45034,7.46,0.885
99441,45143,7.59,1.628
99443,45161,7.55,0.228
99445,45180,7.52,1.2
99447,45184,6.1,0.232
99449,45368,7.8,1.187
99451,12912,7.53,0.437
99453,12953,7.76,0.378
99455,13085,6.85,0.102
99457,13095,7.77,0.968
99459,13103,7.21,1.057
99461,13135,7.9,0.406
99463,13143,6.91,1.624
99465,13231,7.26,1.442
99467,13233,7.15,-0.1
99469,13451,7.24,1.129
99471,13491,7.67,1.006
99473,13558,7.32,0.991
99475,12699,7.27,1.085
99477,12764,7.07,0.534
99479,45378,6.97,0.1
99481,45621,7.78,0.869
99483,45710,7.73,0.236
99485,45916,7.21,-0.02
99487,45944,7.59,0.909
99489,44696,7.34,0.646
99491,44820,7.09,0.868
99493,44931,7.44,1.446
99495,45047,7.66,0.286
99497,45156,7.89,1.024
99499,45203,7.1,1.314
99501,45297,7.73,1.084
99503,13316,7.82,0.03
99505,13321,7.42,0.48
99507,13379,7.82,0.145
99509,13478,7.46,0.996
99511,12048,6.83,0.67
99513,12202,7.53,0.352
99515,12247,5.65,1.021
99517,12377,7.84,-0.004
99519,12530,5.72,0.511
99521,12584,6.07,1.175
99523,12720,6.48,0.981
99525,12814,7.86,1.091
99527,45404,7.61,0.984
99529,45521,6.73,0.443
99531,45564,7.77,0.372
99533,45565,6.82,0.273
99535,45592,6.96,0.174
99537,45646,7.76,1.058
99539,45804,7.55,0.998
99541,45824,6.66,1.57
99543,45866,6.99,0.385
99545,46029,7.31,0.345
99547,46064,7.41,1.113
99549,46089,7.62,0.315
99551,44738,6.16,1.648
99553,44755,6.66,0.425
99555,44761,7.16,0.03
99557,44958,7.57,-0.1
99559,45056,8.0,0.435
99561,45114,6.78,1.324
99563,45299,7.0,1.531
99565,45336,3.89,-0.06
99567,13026,7.93,0.502
99569,13050,7.8,0.921
99571,13183,6.82,1.02
99573,13232,7.64,0.5
99575,13313,7.12,1.192
99577,13314,7.4,0.316
99579,13326,7.7,1.158
99581,13482,6.74,0.94
99583,12013,7.76,1.136
99585,12205,7.22,0.397
99587,12318,6.21,0.999
99589,12387,4.08,-0.212
99591,12421,7.83,0.656
99593,12473,7.62,1.043
99595,12496,7.08,1.015
99597,12555,6.69,1.119
99599,12598,7.59,0.367
99601,12706,3.47,0.093
99603,12707,7.79,1.707
99605,12743,7.69,0.991
99607,45758,6.62,0.259
99609,45942,7.86,0.508
99611,46068,6.86,0.214
99613,46130,7.56,0.281
99615,44659,4.99,1.189
99617,44765,7.68,0.102
99619,45150,6.34,0.328
99621,45167,6.14,-0.01
99623,45252,7.31,-0.053
99625,45257,7.23,0.279
99627,45376,7.85,0.5
99629,45383,7.91,1.035
99631,45471,7.78,1.647
99633,12802,7.75,1.016
99635,12862,6.04,0.312
99637,12925,7.88,0.551
99639,13408,7.11,-0.005
99641,13526,7.63,0.153
99643,12093,4.87,0.88
99645,12113,7.0,0.353
99647,12447,6.26,0.397
99649,12540,6.99,0.307
99651,45589,7.66,1.15
99653,45613,7.08,0.922
99655,45634,8.0,1.067
99657,45717,7.76,1.146
99659,45740,7.17,0.995
99661,46053,6.82,1.589
99663,44736,7.86,0.481
99665,44748,7.39,1.061
99667,44798,5.23,-0.092
99669,44916,6.99,0.954
99671,45010,7.77,1.517
99673,45111,6.98,1.505
99675,45255,7.77,1.024
99677,45453,7.96,0.242
99679,12599,6.52,1.264
99681,12647,6.32,0.064
99683,12828,4.27,0.311
99685,13018,7.68,1.348
99687,13495,6.54,1.455
99689,13539,7.44,0.043
99691,13611,7.77,0.352
99693,13750,7.9,0.604
99695,12148,5.81,1.04
99697,12272,6.4,0.431
99699,12348,7.67,0.066
99701,12354,6.68,1.106
99703,12542,7.25,1.349
99705,45855,7.96,0.347
99707,44548,7.58,1.298
99709,44581,7.37,0.995
99711,44831,7.3,1.619
99713,44843,7.29,0.982
99715,44984,6.48,0.355
99717,45363,7.88,1.415
99719,45614,6.4,0.095
99721,45700,7.96,0.1
99723,12461,7.52,1.103
99725,12832,5.17,0.234
99727,12838,7.79,0.529
99729,12975,7.52,0.149
99731,13505,7.64,1.057
99733,13878,7.27,1.047
99735,44672,7.41,0.083
99737,44674,7.58,1.034
99739,44682,7.63,1.56
99741,44723,7.87,0.498
99743,44838,7.35,1.213
99745,44870,7.58,1.05
99747,44918,7.19,1.207
99749,45153,6.87,0.087
99751,45170,6.49,0.731
99753,45201,7.75,0.169
99755,45410,5.36,1.319
99757,45462,7.8,0.358
99759,43915,7.62,0.966
99761,43957,6.17,1.001
99763,44000,7.92,1.011
99765,44126,6.3,1.511
99767,44336,7.39,-0.015
99769,13702,5.58,0.471
99771,13786,6.9,1.2
99773,13824,7.03,1.25
99775,14021,6.74,0.046
99777,14048,7.31,0.553
99779,14069,7.78,0.656
99781,12784,6.4,1.143
99783,12803,5.78,-0.024
99785,12893,7.24,1.38
99787,12928,7.89,0.007
99789,13046,7.48,1.131
99791,13069,6.67,1.37
99793,13165,5.26,-0.066
99795,13327,5.52,-0.099
99797,13448,6.3,0.457
99799,13484,7.54,1.71
99801,13509,7.58,0.996
99803,13579,7.01,0.28
99805,13601,7.41,0.749
99807,13643,7.82,0.202
99809,43642,7.62,1.596
99811,43683,6.68,0.701
99813,43950,7.04,0.91
99815,44056,6.56,0.021
99817,44097,7.63,0.693
99819,44477,7.81,0.475
99821,44616,7.91,0.49
99823,44705,7.59,1.134
99825,44716,7.68,0.796
99827,45033,6.04,0.89
99829,45046,7.64,0.282
99831,14767,7.22,1.065
99833,13532,7.12,1.26
99835,13571,6.96,1.211
99837,13654,5.76,1.452
99839,13834,5.8,0.415
99841,13892,6.69,0.235
99843,13913,7.34,0.396
99845,13914,4.63,0.048
99847,14203,7.96,1.595
99849,14292,7.29,1.079
99851,14378,7.73,0.3
99853,14715,7.53,0.293
99855,13027,6.9,0.68
99857,13038,7.92,1.51
99859,13108,5.83,1.216
99861,13158,7.94,1.01
99863,13269,6.63,0.602
99865,43727,7.82,0.611
99867,43871,6.74,0.403
99869,44078,7.59,0.222
99871,44089,7.47,0.68
99873,44100,7.95,0.516
99875,44391,7.3,1.08
99877,44405,5.45,-0.041
99879,44414,7.93,0.997
99881,44571,7.8,1.245
99883,44586,7.36,0.613
99885,44768,6.39,0.453
99887,44808,7.99,0.446
99889,44946,5.16,0.97
99891,43535,7.54,1.212
99893,14376,5.45,-0.031
99895,14554,7.97,0.32
99897,14621,7.8,0.418
99899,13867,7.41,1.168
99901,14024,7.13,1.098
99903,14080,7.99,0.396
99905,14152,7.92,0.506
99907,14230,7.09,0.624
99909,14394,7.67,1.641
99911,44180,6.86,0.264
99913,42852,7.89,1.291
99915,42976,7.34,0.46
99917,43048,7.29,0.943
99919,43100,6.58,0.051
99921,43103,4.03,1.007
99923,43129,6.6,0.676
99925,43340,7.38,1.164
99927,43430,7.44,0.331
99929,43549,7.08,1.032
99931,43575,6.25,1.552
99933,43587,5.96,0.869
99935,43616,7.35,1.091
99937,43729,7.01,1.596
99939,43766,6.73,0.665
99941,43817,7.36,0.025
99943,43834,5.23,1.0
99945,41875,7.35,0.955
99947,42294,6.63,0.833
99949,15549,4.47,1.555
99951,15902,7.12,0.132
99953,14232,6.38,0.306
99955,14233,7.52,0.998
99957,14364,7.98,0.461
99959,14499,7.65,0.139
99961,14677,5.74,0.115
99963,14719,6.42,0.014
99965,14748,6.02,1.278
99967,14893,5.78,-0.106
99969,15141,7.89,1.206
99971,15177,7.92,0.268
99973,15274,7.4,0.003
99975,15487,7.91,0.169
99977,15514,5.91,0.86
99979,15575,7.75,1.185
99981,15696,5.55,1.1
99983,14109,5.91,0.141
99985,14150,6.62,0.696
99987,42954,6.12,0.935
99989,41548,7.15,1.129
99991,41629,6.92,-0.083
99993,41868,7.79,0.408
99995,41960,7.82,0.039
99997,42330,7.93,0.323
99999,42365,5.96,1.111
100001,42389,7.44,1.299
100003,42472,6.71,1.453
100005,42503,6.7,1.122
100007,42538,6.21,0.401
100009,42562,6.74,1.071
100011,42734,7.42,0.583
100013,42753,7.18,0.598
100015,42874,7.03,0.233
100017,42973,7.83,1.572
100019,40716,7.87,0.153
100021,40966,7.16,0.8
100023,41159,7.72,0.239
100025,16557,7.63,0.423
100027,17129,6.82,0.543
100029,17313,4.97,-0.048
100031,17387,7.51,0.103
100033,15191,6.3,0.366
100035,15241,5.98,0.988
100037,15323,6.4,0.574
100039,15416,4.85,1.491
100041,15609,7.94,0.728
100043,15704,7.5,1.158
100045,15721,7.4,1.902
100047,15767,7.96,0.598
100049,15781,7.38,1.185
100051,15787,7.62,0.7
100053,15804,7.87,0.407
100055,15876,5.78,-0.001
100057,15953,7.31,1.51
100059,16154,7.52,0.992
100061,16168,5.72,0.048
100063,16203,7.06,0.305
100065,16507,7.75,1.129
100067,16713,6.66,0.429
100069,14479,7.07,0.299
100071,14784,7.26,1.06
100073,14988,6.94,1.496
100075,15154,5.61,0.012
100077,41820,7.26,0.73
100079,41931,7.52,1.199
100081,42090,5.76,0.051
100083,40001,6.65,0.538
100085,40522,7.99,-0.022
100087,40645,7.15,0.388
100089,40692,7.45,0.944
100091,40791,7.18,0.36
100093,40814,7.25,0.98
100095,40901,7.15,0.182
100097,41262,6.08,1.261
100099,41286,7.93,0.451
100101,41337,7.79,1.212
100103,41502,7.97,-0.051
100105,41519,6.89,0.899
100107,41552,7.68,1.032
100109,41691,7.88,0.441
100111,41798,6.18,-0.039
100113,41975,6.2,0.402
100115,39414,6.9,1.482
100117,39638,7.07,0.397
100119,39784,7.99,0.073
100121,39785,7.1,0.337
100123,39832,7.06,1.589
100125,39836,7.69,1.152
100127,39966,7.3,1.035
100129,17558,6.45,1.195
100131,17930,6.61,0.275
100133,18793,7.74,1.274
100135,18912,7.84,0.056
100137,16206,7.14,1.16
100139,16302,7.78,0.44
100141,16444,7.82,0.2
100143,16517,7.29,0.503
100145,16518,5.91,-0.084
100147,16552,7.29,0.891
100149,16719,7.01,0.337
100151,16724,7.6,0.071
100153,16843,6.88,1.336
100155,16856,7.46,0.14
100157,16935,7.34,0.972
100159,17203,5.55,-0.062
100161,17224,7.69,1.161
100163,17226,7.81,1.041
100165,17254,7.78,0.053
100167,17424,7.66,1.641
100169,17460,5.6,0.062
100171,16075,6.76,1.051
100173,40654,7.87,0.91
100175,40788,7.63,1.21
100177,40823,6.76,0.989
100179,39113,7.5,1.535
100181,39129,7.89,0.946
100183,39189,7.6,1.325
100185,39224,7.38,1.006
100187,39243,7.28,0.563
100189,39523,6.89,1.058
100191,39593,7.79,0.182
100193,40093,6.61,0.593
100195,40224,7.53,1.043
100197,40403,7.73,0.12
100199,40507,7.87,0.252
100201,37365,6.83,-0.045
100203,37706,7.83,1.663
100205,38257,6.83,1.635
100207,38458,7.41,0.309
100209,38530,7.51,1.199
100211,38632,7.61,1.42
100213,38664,7.75,0.242
100215,38720,7.95,1.195
100217,38744,7.25,0.044
100219,36163,6.66,1.37
100221,36315,7.89,1.147
100223,36507,7.21,1.108
100225,36597,7.52,1.67
100227,36804,7.95,0.49
100229,36965,6.37,0.364
100231,37172,7.93,0.601
100233,37235,7.53,0.47
100235,21928,5.3,0.028
100237,20259,7.23,1.8
100239,20367,7.99,0.101
100241,20498,6.25,0.023
100243,20576,7.11,0.16
100245,20701,7.64,0.227
100247,20753,7.66,0.643
100249,20824,7.45,0.785
100251,20835,7.74,0.03
100253,20919,7.36,0.466
100255,21238,6.8,0.213
100257,21242,6.09,0.37
100259,21290,7.37,0.232
100261,21538,7.78,1.081
100263,21614,7.97,1.325
100265,18507,7.36,0.028
100267,18903,7.86,0.279
100269,18935,7.9,-0.1
100271,18986,7.13,0.68
100273,19023,8.0,0.451
100275,19083,7.61,1.169
100277,19159,7.38,0.838
100279,19287,7.05,1.224
100281,19298,6.57,-0.011
100283,19307,7.89,0.144
100285,19370,6.98,0.134
100287,19389,7.53,0.502
100289,19487,7.76,1.939
100291,19550,6.98,1.075
100293,19563,7.26,0.176
100295,19811,4.67,1.007
100297,19863,7.85,0.371
100299,20063,6.22,-0.072
100301,20155,6.98,0.456
100303,20159,7.88,1.593
100305,20241,5.95,0.962
100307,17521,7.51,1.011
100309,17666,7.67,0.796
100311,17747,7.25,0.634
100313,17834,7.78,0.212
100315,18095,7.57,0.2
100317,18123,7.18,1.064
100319,18499,6.84,0.115
100321,18532,2.9,-0.199
100323,18565,6.32,1.081
100325,18657,6.51,0.113
100327,18688,6.89,0.135
100329,18770,7.2,0.396
100331,18851,7.71,0.26
100333,19012,7.51,0.262
100335,16692,7.91,0.414
100337,17190,7.85,0.2
100339,37674,7.18,0.9
100341,38659,7.54,0.983
100343,38959,6.36,1.043
100345,38979,7.3,-0.167
100347,35978,7.84,0.8
100349,36147,7.78,1.082
100351,36185,7.66,0.094
100353,36281,6.86,0.111
100355,36288,7.27,1.462
100357,36294,7.93,0.599
100359,36351,6.42,1.202
100361,36401,7.94,0.777
100363,36672,7.63,0.663
100365,36803,7.11,1.584
100367,36839,7.87,1.124
100369,37023,5.66,1.56
100371,37601,7.87,1.025
100373,37734,7.5,1.022
100375,33954,7.66,0.079
100377,34070,6.99,0.45
100379,34089,7.8,0.378
100381,34168,6.37,-0.048
100383,34257,7.81,1.419
100385,34416,6.84,1.07
100387,34514,7.57,0.333
100389,34676,7.71,1.335
100391,34778,6.88,0.022
100393,34829,7.79,1.515
100395,34897,6.75,0.296
100397,34926,7.04,0.44
100399,34946,7.26,-0.2
100401,35113,6.51,1.152
100403,35136,5.54,0.576
100405,35194,7.7,0.154
100407,35277,7.69,0.115
100409,35291,7.7,1.134
100411,35339,7.61,0.441
100413,35402,7.66,1.063
100415,35643,5.74,0.342
100417,36029,7.99,1.243
100419,32063,7.67,0.731
100421,32774,7.15,1.29
100423,32949,7.41,1.05
100425,33271,6.31,0.945
100427,33377,5.85,-0.079
100429,33415,5.88,1.093
100431,33485,4.9,0.027
100433,33852,7.98,0.986
100435,34046,7.72,0.478
100437,30559,7.81,0.04
100439,30762,6.55,-0.036
100441,30972,5.88,1.448
100443,31209,7.05,1.643
100445,31238,7.02,-0.037
100447,31255,7.54,1.689
100449,31439,7.87,0.417
100451,32061,7.59,0.307
100453,32135,7.29,0.498
100455,28444,7.77,0.14
100457,28499,5.71,-0.007
100459,28634,6.49,0.567
100461,28661,7.34,1.169
100463,28783,7.3,-0.054
100465,28881,6.77,-0.102
100467,29265,7.2,1.205
100469,29318,7.86,0.319
100471,29357,6.85,0.176
100473,29472,7.51,0.044
100475,29884,6.53,0.263
100477,30023,6.83,0.561
100479,26827,7.83,0.189
100481,27019,7.26,1.301
100483,27239,7.98,0.097
100485,27278,7.47,0.025
100487,27409,7.01,1.214
100489,27591,7.4,1.857
100491,28100,7.77,0.048
100493,28233,7.76,0.518
100495,28340,8.0,0.03
100497,24748,7.72,1.13
100499,24951,6.54,0.582
100501,25184,6.81,1.7
100503,25569,6.51,1.489
100505,25575,7.2,1.207
100507,25715,7.95,1.009
100509,25941,7.79,0.04
100511,26023,7.8,0.303
100513,26075,7.6,0.822
100515,26267,7.5,1.363
100517,26315,6.1,0.295
100519,26417,7.36,1.035
100521,23024,7.89,0.003
100523,23355,7.42,0.396
100525,23477,7.74,0.019
100527,23569,7.13,1.296
100529,23585,6.51,0.223
100531,23684,6.6,0.888
100533,24109,5.67,0.452
100535,24198,7.87,0.06
100537,24380,7.55,0.027
100539,24488,6.91,0.982
100541,24608,0.08,0.795
100543,21435,7.83,0.818
100545,21437,7.58,0.496
100547,21583,6.98,1.189
100549,21774,7.47,0.172
100551,21823,5.66,0.002
100553,21886,7.97,1.223
100555,22041,6.78,1.269
100557,22054,7.75,0.263
100559,22106,7.26,1.111
100561,22261,7.83,1.791
100563,22284,7.75,0.252
100565,22596,6.94,0.586
100567,22650,6.69,0.558
100569,22817,7.95,0.533
100571,22917,7.89,0.038
100573,20053,7.78,0.16
100575,20096,7.43,0.249
100577,20287,7.67,0.11
100579,20354,4.8,-0.022
100581,20433,7.89,0.398
100583,20624,7.89,1.365
100585,20647,7.43,0.234
100587,20800,6.72,0.711
100589,21023,7.83,0.497
100591,21062,6.99,1.054
100593,21189,7.86,0.12
100595,21289,7.7,0.38
100597,21301,7.46,0.473
100599,21413,7.36,1.72
100601,18979,7.71,0.204
100603,19301,7.7,0.725
100605,19346,7.62,1.292
100607,19843,7.23,0.242
100609,32321,7.99,0.461
100611,32562,5.22,1.131
100613,33051,7.65,1.219
100615,33217,6.99,0.147
100617,33668,7.41,1.148
100619,30385,7.96,1.01
100621,30520,4.92,1.905
100623,30745,7.31,0.578
100625,32204,7.46,1.053
100627,28424,6.76,0.046
100629,28470,7.88,0.243
100631,28562,5.98,1.437
100633,28637,6.04,-0.033
100635,29109,7.94,0.088
100637,29215,7.23,1.42
100639,29388,5.78,0.1
100641,29569,6.07,1.051
100643,29681,7.19,-0.152
100645,29869,7.36,0.035
100647,29962,7.74,0.891
100649,26569,6.85,0.979
100651,26970,7.25,1.003
100653,27176,7.49,1.064
100655,27196,5.46,0.03
100657,27247,7.92,0.397
100659,27267,7.67,1.301
100661,27326,7.18,1.587
100663,27443,7.98,-0.027
100665,27535,7.79,0.066
100667,27763,7.75,1.146
100669,27871,7.88,1.491
100671,28162,6.55,0.993
100673,28343,5.9,1.194
100675,24766,6.93,1.282
100677,25203,7.8,1.756
100679,25910,7.5,0.06
100681,25964,6.72,0.47
100683,26184,7.76,0.496
100685,23729,7.99,0.034
100687,23747,7.61,0.481
100689,23964,6.64,0.19
100691,24325,7.66,0.37
100693,22545,5.64,1.013
100695,34065,5.56,0.624
100697,34069,6.83,0.779
100699,34276,6.52,-0.008
100701,32484,7.99,1.482
100703,32615,7.41,0.159
100705,32657,7.36,-0.115
100707,33015,6.47,-0.101
100709,33475,7.3,-0.053
100711,30199,7.7,-0.125
100713,30299,6.84,-0.104
100715,30339,6.73,1.139
100717,30439,7.86,0.71
100719,30672,7.7,-0.012
100721,30696,7.97,0.46
100723,30873,7.6,0.103
100725,31061,6.68,0.977
100727,31161,7.16,1.069
100729,31186,7.3,0.198
100731,31221,7.95,1.652
100733,31642,6.87,-0.155
100735,31679,7.71,-0.023
100737,31784,7.69,-0.115
100739,31788,7.58,-0.044
100741,28435,7.32,0.22
100743,28508,7.69,0.559
100745,28764,6.35,0.517
100747,28769,6.92,0.969
100749,28790,5.93,0.493
100751,28878,7.51,0.168
100753,28913,7.24,0.551
100755,28987,6.83,0.463
100757,28988,6.48,1.162
100759,29057,6.76,0.317
100761,29129,6.26,-0.135
100763,29136,7.49,-0.062
100765,29304,6.28,-0.012
100767,29355,7.22,1.241
100769,29816,7.34,-0.009
100771,26859,7.47,1.261
100773,26919,7.64,-0.09
100775,27001,6.38,0.295
100777,27006,7.93,1.006
100779,27290,7.41,0.496
100781,27294,7.86,0.183
100783,27462,7.53,0.242
100785,27499,7.73,0.927
100787,27512,6.38,1.262
100789,27792,7.7,0.201
100791,27843,7.89,0.813
100793,28150,6.65,0.521
100795,28287,5.81,1.061
100797,24943,6.6,1.688
100799,25026,7.77,0.133
100801,25269,7.62,1.572
100803,25317,6.09,1.195
100805,25489,6.81,1.432
100807,25723,7.69,1.613
100809,25766,7.75,1.46
100811,25887,5.86,1.349
100813,26325,7.89,1.087
100815,26501,7.33,0.769
100817,23713,7.55,0.938
100819,23833,6.91,-0.094
100821,24008,7.49,0.463
100823,24691,7.64,0.524
100825,22999,7.83,1.15
100827,37060,7.07,1.22
100829,37184,6.61,-0.047
100831,37202,6.2,1.015
100833,37373,6.66,1.03
100835,37446,7.73,-0.05
100837,37557,7.26,-0.075
100839,37594,7.72,0.344
100841,37616,6.89,1.026
100843,37697,7.42,-0.057
100845,37809,7.54,1.504
100847,37829,7.19,-0.027
100849,37982,6.33,-0.142
100851,37992,7.12,0.372
100853,38192,7.27,1.1
100855,35279,7.57,0.701
100857,35287,7.38,-0.089
100859,35288,6.77,1.352
100861,35360,7.93,1.097
100863,35393,5.24,0.026
100865,35627,7.98,0.887
100867,35645,7.86,0.029
100869,35698,7.73,0.536
100871,35815,7.86,0.366
100873,35879,7.1,1.032
100875,36015,7.58,0.446
100877,36074,7.41,1.253
100879,36363,5.41,-0.148
100881,36474,6.55,0.96
100883,36728,6.27,-0.129
100885,36787,6.76,1.129
100887,37004,7.48,0.189
100889,33683,7.02,1.183
100891,33776,7.72,1.442
100893,33803,7.36,-0.024
100895,33909,6.44,-0.039
100897,33922,7.01,-0.138
100899,33984,7.47,0.28
100901,34053,7.56,1.088
100903,34081,5.2,0.198
100905,34137,7.1,1.273
100907,34201,6.73,0.909
100909,34246,7.21,-0.018
100911,34339,5.8,-0.158
100913,34346,7.99,1.459
100915,34495,4.83,-0.179
100917,34659,7.49,0.116
100919,34701,7.92,-0.049
100921,34721,6.87,0.141
100923,34802,5.3,0.072
100925,35040,7.56,-0.076
100927,35054,5.95,-0.146
100929,35090,7.0,-0.067
100931,35114,7.66,1.265
100933,35147,7.6,-0.066
100935,31800,7.97,0.534
100937,31875,7.4,-0.136
100939,32007,6.16,-0.146
100941,32098,7.96,1.0
100943,32111,7.94,0.597
100945,32126,7.45,1.107
100947,32206,7.7,1.378
100949,32505,7.78,1.31
100951,32718,7.01,0.537
100953,32910,7.45,-0.05
100955,33006,6.52,0.416
100957,33023,7.66,1.064
100959,33038,7.23,0.519
100961,33189,6.32,2.287
100963,33193,7.8,1.621
100965,33375,7.96,0.266
100967,33502,7.62,0.22
100969,30077,7.91,0.389
100971,30476,6.67,0.673
100973,30626,7.96,0.027
100975,30759,7.68,0.914
100977,30849,6.32,0.39
100979,30896,7.91,0.85
100981,30962,7.54,1.431
100983,31056,6.19,1.398
100985,31189,7.68,0.985
100987,31330,7.35,0.927
100989,31603,6.36,1.147
100991,31620,7.32,1.592
100993,31636,7.62,1.045
100995,31685,3.17,-0.103
100997,31841,7.18,1.532
100999,28489,6.58,-0.159
101001,28957,6.15,0.246
101003,29064,5.5,0.007
101005,29217,7.28,0.483
101007,29467,7.79,0.409
101009,29593,7.7,0.457
101011,27121,7.22,0.215
101013,27344,6.78,1.585
101015,27532,7.58,-0.132
101017,27835,6.55,1.37
101019,27870,7.97,0.411
101021,28165,7.82,0.395
101023,28328,3.96,1.146
101025,25488,5.86,0.239
101027,25856,6.7,0.355
101029,26465,7.96,0.546
101031,26488,7.43,0.6
101033,26531,7.93,0.435
101035,26657,7.66,1.123
101037,23488,7.96,1.39
101039,23495,6.95,1.617
101041,23555,6.3,0.528
101043,23639,7.72,1.129
101045,23926,6.75,0.662
101047,23968,7.56,0.379
101049,24038,6.89,1.537
101051,24224,7.43,1.117
101053,24559,7.2,1.549
101055,24564,7.91,0.822
101057,24751,7.88,0.475
101059,21982,7.77,1.167
101061,21998,6.24,1.468
101063,22114,7.62,0.074
101065,22144,6.04,1.065
101067,22389,7.26,0.17
101069,22397,7.74,1.126
101071,22411,7.31,0.199
101073,22437,7.84,1.49
101075,22488,6.06,0.408
101077,22674,7.95,1.564
101079,22819,7.83,0.926
101081,22847,6.11,1.423
101083,22892,7.88,1.068
101085,22939,7.92,1.537
101087,22971,7.92,1.568
101089,23012,7.9,0.174
101091,23164,7.92,0.468
101093,23244,7.99,0.118
101095,23281,7.92,1.344
101097,23321,7.75,1.654
101099,23377,6.02,0.893
101101,20554,7.36,-0.099
101103,20735,6.7,0.078
101105,20811,7.14,0.591
101107,21002,7.32,1.036
101109,21004,7.68,1.08
101111,21063,7.02,0.393
101113,21224,7.69,0.446
101115,21525,6.4,0.167
101117,21753,7.43,1.216
101119,21770,4.44,0.342
101121,21805,7.96,0.633
101123,19923,7.13,0.165
101125,40233,6.99,1.29
101127,38262,7.21,1.53
101129,38423,5.01,0.47
101131,38497,5.44,1.161
101133,38512,6.64,0.819
101135,38544,7.58,0.218
101137,38593,5.48,-0.175
101139,38635,6.14,1.54
101141,38851,6.86,1.58
101143,38913,7.82,1.372
101145,38942,7.48,-0.103
101147,38980,7.95,0.739
101149,38981,6.99,0.979
101151,39063,7.43,-0.126
101153,39123,7.18,0.147
101155,39248,7.86,-0.04
101157,39254,7.56,0.47
101159,39353,6.59,0.257
101161,39365,7.26,1.632
101163,39369,7.73,1.015
101165,39561,7.64,0.546
101167,39801,7.2,0.346
101169,39920,6.21,0.892
101171,36582,6.66,-0.119
101173,36608,6.61,-0.076
101175,36657,6.35,-0.096
101177,36778,5.42,-0.078
101179,36792,7.81,-0.03
101181,36940,7.85,-0.13
101183,36963,7.25,-0.071
101185,37096,4.53,-0.081
101187,37098,7.11,1.233
101189,37127,6.59,1.134
101191,37128,6.38,1.472
101193,37167,7.85,0.069
101195,37223,5.78,-0.148
101197,37297,4.84,-0.189
101199,37317,7.88,0.33
101201,37320,7.79,1.143
101203,37322,5.73,-0.125
101205,37329,5.76,-0.071
101207,37336,7.95,-0.039
101209,37345,5.99,-0.04
101211,37430,7.49,1.558
101213,37450,5.41,-0.13
101215,37514,6.54,-0.087
101217,37562,7.59,-0.107
101219,37623,5.6,-0.13
101221,37666,6.42,-0.119
101223,37678,7.73,1.236
101225,37710,5.8,0.32
101227,37752,5.89,-0.115
101229,37803,6.53,-0.099
101231,37819,3.62,1.706
101233,37838,6.99,-0.065
101235,37915,5.87,-0.111
101237,37925,7.71,0.02
101239,37939,6.31,1.348
101241,37996,6.46,1.083
101243,38010,5.07,-0.112
101245,38128,7.57,1.684
101247,38129,7.14,0.489
101249,38167,5.94,-0.051
101251,38222,6.76,1.553
101253,38268,7.26,-0.072
101255,35202,5.81,-0.133
101257,35450,7.02,1.091
101259,35483,7.82,-0.05
101261,35947,7.42,0.435
101263,35960,6.14,0.261
101265,36304,6.54,0.061
101267,36409,7.51,1.436
101269,36414,7.73,0.551
101271,36515,6.66,0.641
101273,34801,7.95,0.604
101275,34919,7.46,0.0
101277,22179,7.56,1.031
101279,22235,7.34,0.934
101281,22500,7.18,0.526
101283,22595,7.88,0.206
101285,21009,7.13,1.496
101287,21064,7.32,1.265
101289,21213,7.63,0.241
101291,21456,7.2,0.401
101293,21869,6.93,-0.034
101295,19509,6.43,1.07
101297,19639,7.12,0.409
101299,19646,7.93,0.372
101301,19741,6.99,1.48
101303,19769,6.92,0.987
101305,19836,6.76,0.13
101307,19838,7.06,0.91
101309,20289,7.92,0.312
101311,20372,6.53,1.388
101313,20462,7.85,0.9
101315,20467,6.38,1.242
101317,20638,7.79,0.629
101319,18213,5.11,-0.133
101321,18305,7.7,0.456
101323,18357,7.52,0.185
101325,18824,6.73,0.628
101327,18956,7.16,0.311
101329,19052,7.7,0.637
101331,19254,7.72,0.943
101333,19256,6.71,1.305
101335,19463,7.22,1.628
101337,41131,6.93,1.201
101339,41145,7.32,-0.073
101341,39800,7.92,0.04
101343,39828,7.46,-0.001
101345,39894,7.73,-0.042
101347,39914,6.64,1.398
101349,39918,7.34,1.018
101351,39996,7.76,1.694
101353,40049,7.2,1.34
101355,40148,7.78,-0.094
101357,40250,7.64,-0.12
101359,40279,7.62,0.957
101361,40283,6.7,0.618
101363,40291,6.38,1.141
101365,40341,6.07,-0.159
101367,40412,7.99,-0.012
101369,40413,7.72,0.117
101371,40466,8.0,0.755
101373,40476,6.22,0.777
101375,40486,7.01,0.714
101377,40576,7.88,0.154
101379,40608,6.94,0.048
101381,40656,6.43,1.04
101383,40846,6.9,1.199
101385,41065,7.23,-0.109
101387,38173,7.67,1.053
101389,38200,5.61,1.617
101391,38367,7.83,1.376
101393,38494,7.69,0.17
101395,38516,7.36,1.641
101397,38587,7.48,-0.088
101399,38652,7.19,-0.108
101401,38858,7.31,-0.151
101403,39091,7.63,1.26
101405,39101,7.53,0.554
101407,39121,7.88,0.25
101409,39149,7.49,0.05
101411,39367,7.35,-0.13
101413,39380,5.83,1.225
101415,39487,5.25,1.882
101417,39565,6.62,0.448
101419,39617,6.15,1.098
101421,39619,7.9,0.039
101423,37628,7.46,0.118
101425,37853,5.36,0.589
101427,37928,7.9,-0.093
101429,20036,7.45,0.38
101431,20042,3.55,-0.108
101433,20116,7.86,0.714
101435,18361,7.85,1.286
101437,18435,7.93,0.109
101439,18723,5.93,0.036
101441,19305,7.43,0.24
101443,19339,7.99,1.249
101445,19423,7.44,1.151
101447,16958,7.25,1.584
101449,17304,4.99,-0.159
101451,17372,7.77,1.11
101453,17373,7.07,1.431
101455,17667,7.06,1.598
101457,17738,5.52,0.973
101459,17739,7.9,0.32
101461,17793,7.63,0.21
101463,17939,7.89,1.192
101465,17951,6.93,1.54
101467,17976,7.02,1.506
101469,18030,7.53,1.292
101471,18040,7.66,1.128
101473,16624,7.16,1.075
101475,16628,6.2,0.482
101477,42263,6.8,1.14
101479,42269,7.72,1.288
101481,42334,5.24,-0.03
101483,40611,7.32,0.507
101485,40682,7.58,1.42
101487,40804,7.18,1.301
101489,41004,7.14,1.017
101491,41042,7.02,0.37
101493,41044,7.81,0.48
101495,41074,5.88,0.379
101497,41134,7.09,0.6
101499,41154,6.64,0.016
101501,41317,7.81,0.643
101503,41360,6.99,0.459
101505,41413,6.73,-0.031
101507,41504,6.6,0.11
101509,41534,7.51,-0.14
101511,41602,7.9,0.169
101513,41617,7.69,-0.16
101515,41627,7.42,0.938
101517,41640,6.69,-0.098
101519,41735,7.85,0.382
101521,41846,8.0,-0.022
101523,42071,6.4,1.429
101525,42147,5.95,0.393
101527,39439,7.74,-0.044
101529,39473,7.38,0.082
101531,39521,7.35,1.572
101533,39710,6.8,0.6
101535,39915,7.79,1.008
101537,40139,7.92,-0.056
101539,40211,6.53,0.057
101541,40607,7.57,1.197
101543,17422,7.25,0.347
101545,17618,5.91,0.11
101547,17689,6.54,0.509
101549,17693,6.93,1.103
101551,18010,7.68,1.38
101553,18411,7.54,1.106
101555,15748,7.99,1.317
101557,15969,7.4,0.952
101559,16029,5.93,0.934
101561,16053,7.48,1.194
101563,16349,7.81,0.377
101565,16876,7.3,0.076
101567,17007,6.01,-0.027
101569,17108,6.94,0.552
101571,17186,7.14,1.098
101573,15582,6.92,0.407
101575,15769,8.0,0.916
101577,15842,7.85,0.472
101579,41949,6.19,0.27
101581,42011,7.22,0.745
101583,42029,6.99,0.134
101585,42064,7.67,0.308
101587,42114,7.24,1.245
101589,42144,7.53,0.778
101591,42430,5.05,0.72
101593,42513,7.96,1.19
101595,42654,7.8,0.013
101597,42678,7.49,1.633
101599,42736,7.95,1.028
101601,42737,7.8,0.296
101603,42912,6.72,1.263
101605,42918,7.47,1.661
101607,40622,7.63,1.698
101609,40868,7.73,0.475
101611,41236,6.97,0.481
101613,41242,5.67,0.066
101615,41260,5.32,1.476
101617,41280,6.93,0.969
101619,41496,7.32,1.248
101621,41572,6.5,0.06
101623,41582,7.61,0.18
101625,41811,7.77,0.121
101627,17553,6.97,0.283
101629,16261,6.88,0.442
101631,16449,6.38,0.12
101633,16500,7.03,0.116
101635,16697,6.48,0.985
101637,16717,7.42,0.983
101639,17276,6.77,0.506
101641,15291,6.61,1.503
101643,15382,4.86,0.904
101645,15479,5.63,1.663
101647,15561,7.67,0.488
101649,15643,5.5,0.885
101651,15700,6.36,0.01
101653,15859,7.09,1.297
101655,16274,6.79,1.065
101657,43108,6.6,1.032
101659,43338,6.48,0.256
101661,43558,7.64,0.498
101663,41603,6.69,-0.066
101665,41772,7.41,0.108
101667,41804,7.12,0.385
101669,41817,5.42,-0.061
101671,41819,7.67,0.969
101673,41850,7.06,0.883
101675,42099,7.65,0.966
101677,42132,7.53,1.601
101679,42255,7.01,0.927
101681,42394,6.32,1.592
101683,42466,7.11,0.343
101685,42558,7.75,1.41
101687,42620,7.56,0.231
101689,42878,7.38,1.0
101691,42928,6.1,0.195
101693,43054,7.8,0.637
101695,41475,6.57,0.043
101697,16611,4.26,-0.106
101699,15147,7.02,0.016
101701,15411,5.72,0.381
101703,15474,3.7,1.614
101705,15504,7.06,0.068
101707,15660,6.69,0.027
101709,15702,6.73,1.213
101711,15847,7.14,1.111
101713,15932,7.85,0.523
101715,16251,7.28,1.19
101717,16348,7.45,0.666
101719,14575,7.61,1.605
101721,14627,7.19,0.05
101723,14692,7.77,1.119
101725,14771,7.63,0.952
101727,14898,7.04,-0.119
101729,14970,6.74,1.193
101731,42935,7.99,0.491
101733,43152,6.48,0.679
101735,43299,7.27,0.536
101737,43585,7.72,0.096
101739,43623,6.43,1.082
101741,43655,7.35,0.497
101743,43772,7.1,1.048
101745,43850,6.47,1.393
101747,42271,7.6,1.348
101749,42435,7.74,0.01
101751,42502,6.59,1.334
101753,42552,7.46,0.081
101755,42662,4.87,1.063
101757,42691,7.81,0.466
101759,15165,7.28,0.446
101761,15425,7.65,1.306
101763,15677,7.26,1.152
101765,15775,6.7,1.007
101767,15784,7.61,0.601
101769,15868,7.51,0.618
101771,14380,7.34,0.435
101773,14814,6.25,1.167
101775,14849,7.75,1.004
101777,14899,7.92,1.025
101779,15188,7.97,-0.124
101781,15199,7.85,0.614
101783,44210,7.92,1.574
101785,44237,7.38,0.332
101787,42509,4.98,1.415
101789,42574,7.25,0.266
101791,42581,7.59,0.734
101793,42607,7.78,0.456
101795,42701,6.46,0.16
101797,42790,7.57,0.406
101799,42822,7.65,-0.05
101801,43035,6.22,1.608
101803,43039,6.79,1.579
101805,43067,4.32,0.9
101807,43169,7.5,0.149
101809,43309,7.13,1.152
101811,43315,7.39,1.297
101813,43461,7.65,0.13
101815,43565,6.83,0.553
101817,43580,6.12,1.142
101819,43608,7.63,0.937
101821,43651,6.98,1.528
101823,43746,6.59,1.657
101825,43776,7.59,1.158
101827,43805,6.86,0.168
101829,43821,7.62,1.47
101831,43896,7.76,1.583
101833,42444,6.65,0.032
101835,14153,7.8,0.96
101837,14235,7.1,0.495
101839,14413,7.68,0.467
101841,14501,6.97,0.645
101843,14781,7.22,1.004
101845,14797,6.36,0.614
101847,14832,7.69,0.441
101849,15021,7.65,0.314
101851,15104,7.82,1.127
101853,15127,7.36,0.987
101855,15148,7.76,1.119
101857,15224,7.14,1.595
101859,15413,7.76,1.28
101861,15483,7.89,0.995
101863,14006,7.36,1.008
101865,43992,7.74,1.039
101867,43994,7.98,-0.009
101869,44134,7.93,0.996
101871,44212,7.8,0.537
101873,44254,7.19,0.073
101875,44277,7.38,0.049
101877,44305,7.73,1.048
101879,44354,7.29,1.096
101881,42769,6.9,0.166
101883,42835,4.63,0.84
101885,42924,7.6,0.518
101887,43034,7.49,1.379
101889,43089,7.43,1.041
101891,43218,7.97,0.132
101893,43330,6.82,0.244
101895,43474,7.76,1.341
101897,43723,7.44,0.546
101899,43764,7.61,0.288
101901,43822,6.07,0.22
101903,14355,6.3,1.02
101905,14455,6.69,1.021
101907,15084,7.68,0.456
101909,15173,6.61,1.154
101911,15197,4.8,0.232
101913,15213,7.37,1.238
101915,15244,6.14,0.407
101917,15354,7.02,0.93
101919,13701,3.89,1.088
101921,13883,6.14,0.221
101923,13933,7.77,1.075
101925,14050,7.78,0.729
101927,14060,5.75,1.043
101929,14110,5.84,1.092
101931,14168,5.32,0.941
101933,14293,5.26,0.193
101935,44030,6.68,0.386
101937,44269,7.64,0.336
101939,44316,6.65,1.406
101941,44450,7.46,0.106
101943,44476,6.83,-0.059
101945,44575,7.95,1.072
101947,44584,8.0,0.488
101949,44594,7.23,1.288
101951,42949,6.66,1.472
101953,43019,7.89,1.172
101955,43204,6.09,1.282
101957,43284,7.85,1.088
101959,43336,7.15,0.88
101961,43397,6.92,0.924
101963,43417,7.02,0.3
101965,43496,5.55,0.15
101967,43511,7.75,0.068
101969,43648,7.62,1.188
101971,43726,6.01,0.661
101973,14456,5.23,1.575
101975,14503,7.66,1.383
101977,14819,6.08,1.67
101979,15049,7.74,0.441
101981,15093,7.17,1.112
101983,13717,5.16,0.084
101985,13872,7.92,0.184
101987,13910,7.99,0.069
101989,13938,7.76,0.508
101991,13944,6.62,1.076
101993,13986,7.76,0.432
101995,14124,6.2,0.598
101997,14282,7.18,1.604
101999,43774,6.98,0.2
102001,43810,7.02,1.129
102003,43837,6.93,1.104
102005,44038,7.65,1.435
102007,44179,7.58,1.382
102009,44293,7.5,1.128
102011,44306,7.82,0.276
102013,44322,7.86,0.49
102015,44325,7.36,0.147
102017,44326,7.79,0.11
102019,44353,7.95,0.714
102021,44356,5.64,1.163
102023,44379,7.46,0.442
102025,44622,7.94,1.228
102027,43026,5.7,1.097
102029,43142,5.28,0.058
102031,43235,7.31,0.928
102033,43246,6.42,1.142
102035,43305,5.3,-0.08
102037,14494,6.95,0.968
102039,14736,7.33,-0.01
102041,14841,7.09,1.167
102043,14888,7.67,1.08
102045,14954,5.07,0.575
102047,13567,6.53,1.044
102049,13582,7.68,1.043
102051,13766,7.16,0.908
102053,13830,7.73,0.202
102055,13874,5.22,0.014
102057,13951,5.56,-0.072
102059,13968,7.86,0.808
102061,13978,7.03,0.31
102063,13984,7.79,1.477
102065,14040,6.11,1.751
102067,14194,7.51,0.519
102069,43676,7.23,0.345
102071,43795,7.75,0.926
102073,43966,6.95,0.364
102075,43968,7.67,0.938
102077,44042,6.59,0.064
102079,44157,7.7,1.027
102081,44280,7.43,0.085
102083,44359,7.1,0.3
102085,44424,7.97,0.573
102087,44551,7.74,1.111
102089,44552,7.29,0.148
102091,44553,7.57,0.364
102093,44603,7.38,0.156
102095,43060,7.08,0.19
102097,43167,7.82,0.084
102099,43172,7.77,0.655
102101,43214,7.31,0.462
102103,43224,7.24,1.47
102105,43241,6.93,1.082
102107,43252,7.89,0.451
102109,43297,7.45,0.689
102111,43323,7.03,0.02
102113,43357,7.24,0.928
102115,43456,7.99,0.083
102117,14471,7.97,0.129
102119,14534,7.11,1.336
102121,14696,7.65,0.377
102123,14704,7.46,0.481
102125,14758,7.29,0.25
102127,14786,6.78,1.071
102129,14875,7.03,1.096
102131,15058,7.36,0.531
102133,13593,6.91,0.309
102135,13598,7.04,1.137
102137,13629,6.6,-0.038
102139,13765,6.63,0.32
102141,13773,7.56,0.577
102143,13869,7.55,1.379
102145,13927,7.81,1.221
102147,14003,7.8,1.055
102149,14077,7.38,0.221
102151,14204,7.74,1.228
102153,14315,6.05,1.045
102155,43813,3.11,0.978
102157,43816,6.68,1.275
102159,43902,6.13,1.001
102161,44105,7.99,0.22
102163,44315,6.08,1.111
102165,44344,7.19,0.313
102167,44437,6.53,1.04
102169,42931,6.13,0.2
102171,42981,6.45,1.228
102173,43109,3.38,0.685
102175,43136,7.38,0.017
102177,43234,4.35,-0.044
102179,43271,7.62,0.495
102181,43304,7.96,0.746
102183,43350,6.67,1.065
102185,43362,6.94,0.011
102187,43539,7.2,0.171
102189,43570,6.34,0.122
102191,43739,7.23,1.628
102193,14390,7.68,1.339
102195,14438,7.77,0.163
102197,14454,7.94,0.971
102199,14590,7.65,0.972
102201,14676,7.99,0.58
102203,14802,7.99,1.089
102205,14804,7.84,0.451
102207,14835,7.93,0.904
102209,14915,5.55,1.011
102211,13671,7.28,1.091
102213,13682,7.7,0.043
102215,13756,6.15,1.623
102217,13762,7.59,0.418
102219,13923,7.25,0.0
102221,14104,6.24,1.041
102223,14135,2.54,1.63
102225,14143,5.62,-0.107
102227,14228,6.72,0.342
102229,14258,6.92,0.552
102231,44010,6.19,0.984
102233,44079,7.9,-0.028
102235,44133,7.51,-0.035
102237,44137,7.84,0.756
102239,44406,5.85,1.1
102241,42837,7.23,1.036
102243,42917,5.63,-0.069
102245,43027,7.71,1.345
102247,43074,7.34,0.515
102249,43084,7.07,0.008
102251,43143,7.13,1.521
102253,43245,6.91,1.555
102255,43317,7.7,0.321
102257,43557,6.57,0.64
102259,43692,7.15,0.51
102261,14591,7.3,0.437
102263,14600,7.01,0.279
102265,14607,6.28,1.026
102267,14640,7.62,0.441
102269,14778,6.95,1.726
102271,15099,7.83,0.861
102273,13679,5.97,0.478
102275,13918,7.88,0.511
102277,13954,4.71,-0.109
102279,13976,7.97,0.926
102281,13982,7.51,0.475
102283,14039,7.69,1.367
102285,44050,7.66,1.242
102287,44264,7.93,0.08
102289,42631,7.55,0.107
102291,42795,5.62,0.435
102293,42797,7.94,0.854
102295,43043,7.99,0.288
102297,43121,5.89,0.12
102299,43130,7.65,1.556
102301,43251,6.66,1.642
102303,43262,7.87,1.19
102305,43519,7.83,1.102
102307,43530,7.47,1.23
102309,43569,7.84,0.99
102311,43666,7.06,0.189
102313,43735,7.84,1.203
102315,43833,7.79,0.873
102317,43851,5.44,1.462
102319,44066,4.26,0.141
102321,44082,7.96,1.012
102323,44148,6.49,1.462
102325,42331,7.6,1.489
102327,42566,7.99,0.122
102329,14236,7.86,1.05
102331,14329,7.36,0.943
102333,14433,7.12,1.82
102335,14439,5.64,1.087
102337,14631,7.23,0.92
102339,14764,5.97,-0.061
102341,14821,6.11,1.038
102343,14977,7.8,0.661
102345,15153,8.0,0.615
102347,15345,7.54,0.112
102349,15375,7.76,0.225
102351,15508,7.12,0.783
102353,15565,7.34,0.468
102355,14036,5.93,1.593
102357,42770,7.8,0.111
102359,42911,3.94,1.083
102361,42950,7.78,0.574
102363,43079,7.87,0.382
102365,43147,7.83,0.213
102367,43206,7.22,1.426
102369,43359,7.67,0.45
102371,43412,7.99,0.184
102373,43421,6.7,0.881
102375,43454,6.36,0.669
102377,43463,7.38,0.911
102379,43613,7.83,1.003
102381,43635,6.87,0.404
102383,43672,7.24,-0.007
102385,43811,6.28,2.975
102387,43858,7.96,0.503
102389,43970,5.22,0.149
102391,44001,5.68,0.209
102393,42187,6.33,0.338
102395,42383,8.0,0.398
102397,42480,7.6,1.161
102399,42598,7.82,0.296
102401,15285,7.41,1.72
102403,15381,7.52,0.642
102405,15519,7.77,0.335
102407,15777,7.86,1.12
102409,14318,6.37,1.4
102411,14514,6.13,-0.123
102413,14569,7.67,0.401
102415,14614,7.85,0.642
102417,14682,7.74,1.546
102419,14735,7.7,0.039
102421,14751,7.9,0.343
102423,14863,7.46,1.61
102425,14910,7.33,0.181
102427,15064,7.17,0.072
102429,15394,7.42,0.79
102431,42970,6.77,0.39
102433,43427,6.41,0.009
102435,41765,7.43,0.276
102437,41833,6.5,1.496
102439,41909,5.33,1.252
102441,42058,7.44,1.295
102443,42133,6.55,0.681
102445,42164,7.48,0.155
102447,42201,7.47,0.142
102449,42298,8.0,0.576
102451,42327,6.72,0.193
102453,42485,6.65,0.248
102455,42497,6.59,0.956
102457,42516,6.39,0.98
102459,42523,6.61,0.006
102461,42542,6.76,0.271
102463,42549,6.42,1.02
102465,42556,6.29,0.17
102467,42578,6.83,0.202
102469,42600,6.77,0.169
102471,42628,6.72,0.112
102473,42673,6.9,0.959
102475,42705,7.9,0.21
102477,42806,4.66,0.01
102479,43004,7.58,0.518
102481,43061,7.13,0.073
102483,41524,6.87,1.037
102485,15110,4.87,-0.007
102487,15189,7.91,0.359
102489,15227,7.86,1.132
102491,15506,7.43,-0.047
102493,15550,7.6,0.188
102495,15555,6.9,1.223
102497,15597,6.78,1.168
102499,15612,7.96,0.594
102501,15627,5.27,-0.067
102503,15737,5.1,1.231
102505,15838,6.83,1.63
102507,15870,6.07,-0.028
102509,15939,7.95,1.844
102511,16077,6.54,0.188
102513,16133,7.85,1.129
102515,16143,6.72,0.471
102517,16205,7.33,-0.067
102519,16401,8.0,0.483
102521,14586,6.24,1.56
102523,14649,6.41,1.241
102525,14672,6.86,0.113
102527,14689,7.49,1.222
102529,14727,7.59,1.029
102531,14838,4.35,1.033
102533,15048,6.51,1.487
102535,41940,6.35,1.032
102537,42184,6.99,0.084
102539,42243,7.47,-0.005
102541,42403,6.89,0.547
102543,40625,7.52,0.969
102545,40756,7.22,0.917
102547,40833,7.93,0.044
102549,40881,5.92,-0.039
102551,40890,7.27,1.419
102553,41133,7.99,0.2
102555,41244,7.49,0.408
102557,41389,6.51,0.349
102559,41574,6.05,0.246
102561,41660,7.05,0.986
102563,41791,7.57,0.181
102565,41816,5.71,0.327
102567,16071,8.0,1.568
102569,16132,7.85,1.09
102571,16664,5.95,0.123
102573,16859,6.72,0.123
102575,17034,7.11,0.039
102577,17181,6.11,0.097
102579,15072,6.76,1.111
102581,15267,7.32,1.296
102583,15341,7.64,0.267
102585,15361,7.82,0.446
102587,15380,7.25,1.178
102589,15552,7.46,0.279
102591,15557,6.14,1.241
102593,15560,7.31,1.209
102595,15861,5.5,1.19
102597,15882,6.91,0.11
102599,16181,6.03,0.951
102601,42326,7.86,1.157
102603,42356,7.54,0.632
102605,40603,7.42,1.289
102607,40619,7.61,1.13
102609,40667,7.19,0.157
102611,40739,7.15,0.346
102613,40843,5.13,0.487
102615,41071,7.93,0.918
102617,41342,7.56,1.115
102619,41377,5.58,1.421
102621,41404,6.3,0.187
102623,41679,6.81,-0.017
102625,39958,6.47,0.804
102627,39985,7.49,1.455
102629,40240,5.62,-0.073
102631,40311,7.78,0.488
102633,17220,6.88,-0.004
102635,17470,6.75,0.37
102637,17482,6.86,0.642
102639,17547,7.41,0.128
102641,17596,7.9,1.403
102643,17937,7.82,0.119
102645,18007,7.95,0.498
102647,16042,6.47,0.882
102649,16171,7.53,1.212
102651,16378,7.87,0.15
102653,16382,7.94,1.217
102655,16386,7.44,0.04
102657,16410,6.99,0.052
102659,16411,6.61,0.031
102661,16791,7.39,1.092
102663,16795,7.62,0.177
102665,16835,6.53,0.271
102667,16879,7.28,0.704
102669,17156,7.99,1.759
102671,17168,6.86,0.154
102673,17407,7.35,1.16
102675,15760,7.23,0.18
102677,41172,7.36,1.036
102679,39833,7.64,0.169
102681,39948,6.68,0.486
102683,40118,6.78,0.679
102685,40349,7.97,1.129
102687,40364,7.55,1.318
102689,40472,7.36,0.519
102691,38004,7.32,1.038
102693,38016,5.14,1.635
102695,38319,6.06,0.15
102697,38658,7.47,0.566
102699,38797,7.57,0.321
102701,38891,7.13,0.234
102703,38932,7.74,1.508
102705,39036,7.91,0.093
102707,39480,6.7,0.071
102709,37580,6.05,0.469
102711,18111,7.43,0.044
102713,19039,6.87,0.0
102715,19087,7.21,1.675
102717,19178,7.05,0.035
102719,19201,6.7,-0.009
102721,19306,7.52,0.198
102723,19336,7.95,1.113
102725,19525,5.75,1.412
102727,16872,7.79,1.036
102729,16900,6.96,0.46
102731,17320,6.77,0.486
102733,17448,3.84,0.022
102735,17631,6.68,0.036
102737,17732,6.26,0.474
102739,17735,6.57,0.035
102741,17845,7.45,0.213
102743,17886,5.14,0.057
102745,17969,7.17,1.503
102747,18094,6.22,0.206
102749,18138,6.73,0.896
102751,18246,2.84,0.271
102753,18350,6.79,0.081
102755,16474,7.88,0.261
102757,16757,6.86,0.407
102759,38409,6.92,1.63
102761,38422,7.05,0.589
102763,38595,7.15,0.959
102765,38647,7.78,0.659
102767,38681,7.92,0.448
102769,38723,6.23,0.277
102771,38754,7.57,1.174
102773,39057,7.3,1.654
102775,39094,6.5,1.561
102777,39279,6.34,1.564
102779,39433,6.89,1.434
102781,36632,7.02,1.589
102783,36704,7.68,0.863
102785,36740,6.4,1.231
102787,37153,7.18,1.652
102789,37204,5.58,0.921
102791,37265,4.89,0.413
102793,37369,5.77,1.654
102795,37483,7.58,0.341
102797,37861,7.99,0.248
102799,37946,5.15,1.588
102801,37980,7.68,0.219
102803,38098,7.91,0.284
102805,38328,7.37,0.465
102807,38349,6.49,1.51
102809,35431,6.96,0.919
102811,35662,6.88,1.048
102813,36224,6.92,0.9
102815,36463,6.99,0.498
102817,34523,7.96,0.327
102819,21144,6.35,1.089
102821,21167,6.8,0.47
102823,21387,7.74,1.586
102825,21468,6.62,1.23
102827,21485,7.63,0.07
102829,21628,7.61,0.442
102831,21847,5.97,0.593
102833,21878,7.6,0.602
102835,21915,6.66,0.291
102837,22055,6.74,0.778
102839,19255,7.13,0.865
102841,19302,6.07,0.943
102843,19335,5.52,0.52
102845,19391,7.73,1.826
102847,19435,8.0,0.89
102849,19497,7.98,0.194
102851,19606,7.57,0.32
102853,19622,8.0,1.145
102855,19713,7.91,0.26
102857,19746,6.47,1.029
102859,19755,7.43,0.33
102861,19810,6.31,0.958
102863,19815,7.52,0.258
102865,19903,7.57,0.31
102867,20176,7.17,0.363
102869,20235,7.91,1.852
102871,20252,4.93,0.95
102873,20291,7.47,0.919
102875,20300,7.69,0.318
102877,20326,7.97,0.351
102879,20340,7.42,1.558
102881,20497,7.16,1.263
102883,20534,7.89,0.384
102885,20791,6.76,1.075
102887,17998,7.84,-0.011
102889,18434,5.49,-0.058
102891,18518,6.98,0.428
102893,18547,6.54,0.228
102895,18614,3.98,0.016
102897,18646,7.99,1.023
102899,18769,6.39,-0.005
102901,18908,7.29,1.065
102903,18914,7.61,1.195
102905,18963,7.62,0.65
102907,19028,7.97,0.163
102909,19055,8.0,0.204
102911,19089,6.64,0.453
102913,19405,7.76,0.515
102915,17815,7.12,0.71
102917,17943,6.77,0.321
102919,18081,5.78,-0.036
102921,37091,6.34,1.6
102923,37102,7.94,0.15
102925,37133,7.2,0.277
102927,37292,7.34,0.821
102929,37443,7.96,0.054
102931,37707,7.49,1.565
102933,37789,6.74,0.545
102935,37863,7.14,0.364
102937,35314,7.45,1.003
102939,35317,6.48,0.995
102941,35341,5.87,0.181
102943,35558,7.82,1.545
102945,35623,6.33,1.404
102947,35702,7.99,0.91
102949,35704,7.56,0.919
102951,35725,6.4,1.217
102953,35770,7.71,0.23
102955,35811,7.6,0.958
102957,35852,7.85,0.054
102959,35907,5.23,1.249
102961,35968,7.8,1.659
102963,36075,7.95,0.44
102965,36207,6.99,1.026
102967,36285,7.39,0.702
102969,36624,6.56,0.077
102971,36769,7.79,1.535
102973,36873,7.9,0.217
102975,36906,7.68,0.662
102977,33494,7.59,1.0
102979,33597,7.7,0.01
102981,33643,6.68,0.121
102983,34068,6.97,0.878
102985,34752,4.91,1.451
102987,31776,6.87,0.021
102989,31807,7.48,1.637
102991,31832,4.8,1.236
102993,31834,7.61,0.114
102995,31928,6.82,0.471
102997,32275,6.84,1.59
102999,32432,7.81,0.177
103001,32433,6.88,1.597
103003,32493,7.94,0.303
103005,32623,7.28,1.336
103007,32792,7.99,1.067
103009,32844,4.99,1.256
103011,32955,7.85,0.439
103013,33002,7.05,1.234
103015,33159,7.89,0.543
103017,33218,7.41,0.183
103019,33355,7.53,0.553
103021,33472,7.47,1.221
103023,33507,6.84,1.016
103025,30117,7.64,0.958
103027,30205,6.79,0.015
103029,30340,7.97,0.003
103031,30466,6.98,0.98
103033,30640,7.07,1.035
103035,31006,6.7,-0.012
103037,31367,7.49,0.338
103039,28511,7.49,0.533
103041,28642,6.38,1.205
103043,28677,6.08,0.979
103045,28823,5.9,0.358
103047,29025,6.15,1.202
103049,29062,7.05,0.016
103051,29218,7.07,0.114
103053,29373,6.95,1.008
103055,29565,7.16,0.083
103057,29743,7.49,1.258
103059,26872,7.26,0.001
103061,26957,6.81,0.71
103063,27319,6.3,1.354
103065,28347,7.92,0.124
103067,24990,7.75,0.01
103069,25048,5.22,-0.129
103071,25064,6.98,1.05
103073,25143,5.54,0.127
103075,25284,7.66,-0.036
103077,25386,7.9,1.724
103079,25542,6.76,0.003
103081,25674,6.58,0.937
103083,25816,5.99,1.112
103085,26057,6.55,-0.015
103087,26128,6.87,1.871
103089,26230,7.31,1.014
103091,26392,7.09,0.569
103093,26546,6.59,1.442
103095,26592,6.44,1.0
103097,26613,7.26,1.472
103099,26666,6.96,1.455
103101,23453,3.69,1.154
103103,23489,7.5,-0.089
103105,23511,6.11,0.188
103107,23650,7.31,0.144
103109,23762,7.95,0.118
103111,23767,3.18,-0.148
103113,23799,6.2,0.444
103115,24096,7.72,0.529
103117,24238,7.79,0.194
103119,24239,6.97,0.037
103121,24326,7.38,-0.017
103123,24455,7.86,1.169
103125,24565,8.0,0.087
103127,24738,5.55,1.492
103129,24771,6.22,1.386
103131,24793,6.69,1.521
103133,24902,5.46,0.122
103135,24973,7.29,0.013
103137,21832,7.29,0.633
103139,22019,7.51,0.31
103141,22034,6.09,0.04
103143,22196,6.53,0.704
103145,22220,5.99,0.934
103147,22236,7.2,0.064
103149,22365,7.7,0.423
103151,22661,7.91,1.33
103153,22699,5.68,0.115
103155,23100,7.21,0.496
103157,23186,7.42,-0.005
103159,23213,6.66,0.952
103161,23261,5.95,0.415
103163,23268,6.46,1.677
103165,23359,7.86,1.364
103167,23360,7.51,0.888
103169,21017,7.98,1.032
103171,21052,7.82,0.879
103173,21108,6.25,0.009
103175,21469,7.95,0.196
103177,21476,4.25,1.171
103179,21642,6.89,1.233
103181,21738,7.2,1.591
103183,21749,6.58,0.425
103185,19480,7.02,0.413
103187,19729,7.28,1.66
103189,19943,7.79,1.127
103191,20207,7.93,1.961
103193,20395,7.02,0.616
103195,33885,6.91,1.301
103197,32173,5.04,1.479
103199,32315,6.64,1.224
103201,32382,7.47,0.614
103203,32480,5.24,0.575
103205,32665,7.92,0.415
103207,32702,7.3,0.546
103209,32891,7.87,0.398
103211,33056,6.24,0.239
103213,33269,6.16,0.314
103215,33409,7.93,1.618
103217,30246,7.15,1.41
103219,30267,6.88,1.02
103221,30290,7.81,0.235
103223,30303,7.33,0.134
103225,30507,7.21,0.027
103227,31035,7.68,1.299
103229,31511,6.87,0.976
103231,31889,6.35,1.222
103233,31916,6.75,1.029
103235,28438,6.21,1.128
103237,28527,7.67,0.08
103239,28767,6.74,0.573
103241,28775,7.3,0.22
103243,28826,7.93,1.644
103245,29108,7.43,0.142
103247,29345,7.42,0.891
103249,29375,7.55,0.246
103251,29378,7.13,1.33
103253,29667,7.52,-0.039
103255,29857,7.64,0.304
103257,29871,7.59,0.99
103259,29949,6.33,1.113
103261,26938,7.57,0.158
103263,27057,7.64,1.04
103265,27224,7.96,0.14
103267,27598,7.59,0.175
103269,28208,6.59,0.97
103271,28317,7.83,1.095
103273,28349,6.83,0.046
103275,28360,1.9,0.077
103277,28364,7.48,-0.076
103279,28404,4.3,1.701
103281,24881,6.49,1.331
103283,25081,7.52,0.0
103285,25503,7.39,1.25
103287,25560,7.62,1.509
103289,25974,7.95,0.07
103291,25977,7.95,0.646
103293,25986,8.0,0.91
103295,26088,7.69,0.773
103297,26105,7.77,1.246
103299,26116,7.21,0.038
103301,26310,7.26,0.493
103303,26413,7.24,1.2
103305,26430,7.32,0.965
103307,23369,7.28,0.196
103309,23416,3.03,0.537
103311,23603,7.64,-0.051
103313,23778,7.52,0.135
103315,23956,7.93,0.984
103317,24175,7.74,0.567
103319,24279,7.78,0.031
103321,24319,7.34,0.039
103323,22842,6.06,-0.032
103325,22928,7.4,1.789
103327,32013,7.78,0.024
103329,32059,7.75,-0.062
103331,32208,6.3,0.258
103333,32231,7.67,0.501
103335,32418,6.62,-0.125
103337,32536,7.63,0.087
103339,32790,7.24,0.906
103341,29972,7.34,1.131
103343,30024,7.76,-0.075
103345,30079,6.61,1.254
103347,30284,7.89,1.074
103349,30451,8.0,1.065
103351,30505,6.3,-0.049
103353,30593,7.04,0.219
103355,30599,7.31,1.722
103357,30895,7.57,1.264
103359,30904,7.88,1.25
103361,31032,6.68,-0.112
103363,31453,7.47,0.048
103365,28593,6.82,0.936
103367,28745,7.97,0.475
103369,28857,7.82,1.506
103371,28952,7.01,0.002
103373,29159,7.43,0.176
103375,29263,5.54,1.665
103377,29808,6.0,0.163
103379,29893,8.0,0.033
103381,26981,6.25,0.377
103383,27122,7.2,1.42
103385,27156,7.23,0.296
103387,27383,6.62,1.12
103389,27700,6.71,1.647
103391,27955,5.55,1.515
103393,28097,7.58,1.004
103395,28207,7.87,0.072
103397,25194,5.73,1.626
103399,25553,6.86,0.905
103401,25576,7.56,0.8
103403,26545,5.81,-0.078
103405,24640,7.14,0.083
103407,24947,7.39,0.51
103409,25023,7.51,1.143
103411,36544,7.48,1.673
103413,34708,7.82,-0.117
103415,34838,7.75,0.05
103417,34979,7.55,0.597
103419,35031,7.23,-0.175
103421,35075,7.39,-0.085
103423,35094,7.67,1.59
103425,35226,5.03,-0.161
103427,35264,2.71,1.616
103429,35363,4.65,-0.099
103431,35406,5.11,-0.17
103433,35447,7.81,-0.012
103435,35638,7.99,0.056
103437,35733,6.68,0.559
103439,35830,6.74,-0.131
103441,35856,7.48,1.067
103443,35893,6.32,-0.136
103445,36115,7.42,1.059
103447,36165,7.03,0.487
103449,36305,7.48,0.201
103451,36355,6.92,-0.118
103453,33301,7.88,0.51
103455,33359,7.68,-0.002
103457,33394,6.27,1.278
103459,33417,7.99,1.364
103461,33442,7.59,-0.046
103463,33451,6.23,0.465
103465,33481,7.27,1.313
103467,33543,7.62,-0.022
103469,33544,7.57,0.094
103471,33741,7.67,0.912
103473,33749,7.84,0.0
103475,33845,7.61,1.243
103477,33864,6.58,-0.154
103479,33930,7.94,0.353
103481,34192,7.8,0.027
103483,34200,6.15,0.353
103485,34253,6.09,0.702
103487,34275,7.5,-0.02
103489,34388,7.34,1.259
103491,34555,7.26,0.432
103493,34635,7.68,1.115
103495,34817,5.94,-0.145
103497,31509,6.36,0.486
103499,31521,7.61,0.471
103501,31547,7.23,0.62
103503,31617,6.03,1.03
103505,31637,5.72,-0.112
103507,31670,7.9,-0.113
103509,31690,7.82,0.519
103511,31773,7.15,-0.1
103513,31809,7.97,0.864
103515,31815,7.83,1.032
103517,31886,6.59,1.175
103519,32002,7.33,1.476
103521,32091,6.28,0.346
103523,32136,7.86,-0.006
103525,32172,8.0,-0.081
103527,32223,7.32,1.034
103529,32381,7.98,0.069
103531,32434,6.19,-0.123
103533,32436,7.05,0.137
103535,32476,7.95,1.089
103537,32537,5.27,-0.078
103539,32611,7.8,0.953
103541,32632,7.75,0.269
103543,32668,6.91,-0.021
103545,32855,4.99,1.379
103547,32880,7.91,1.376
103549,32930,7.89,-0.099
103551,32938,5.94,0.183
103553,33132,7.72,0.945
103555,33254,7.45,1.0
103557,29985,7.73,1.378
103559,30121,7.85,0.149
103561,30172,7.88,0.782
103563,30418,6.89,-0.096
103565,30444,5.62,1.027
103567,30455,6.84,0.932
103569,30508,7.91,1.505
103571,30587,7.88,-0.049
103573,30604,7.06,1.585
103575,30706,6.48,0.394
103577,31047,7.14,0.214
103579,31072,5.82,0.813
103581,31099,6.26,1.599
103583,31116,7.55,-0.108
103585,31165,5.25,0.982
103587,31241,6.44,0.999
103589,31243,7.25,0.327
103591,31299,5.42,1.419
103593,31410,7.32,1.001
103595,31449,7.99,1.254
103597,31457,5.59,-0.13
103599,31471,7.56,1.026
103601,31475,7.14,0.037
103603,28504,7.1,0.921
103605,28515,7.7,-0.019
103607,28654,6.88,0.201
103609,28662,6.9,-0.077
103611,29009,7.68,1.526
103613,29012,7.25,1.018
103615,29031,7.8,0.014
103617,29034,5.0,-0.095
103619,29152,8.0,0.113
103621,29464,6.88,-0.149
103623,29842,5.54,1.129
103625,29848,7.89,0.3
103627,29852,5.88,0.139
103629,26874,7.81,1.13
103631,27259,6.84,0.086
103633,27325,6.29,1.191
103635,27331,7.6,0.013
103637,27340,7.12,1.282
103639,27579,7.01,1.587
103641,27628,3.12,1.146
103643,27701,7.37,0.206
103645,27766,5.62,1.046
103647,27787,6.69,1.077
103649,27873,7.6,0.365
103651,27892,6.78,0.438
103653,28010,4.97,1.102
103655,28036,7.46,0.492
103657,28310,7.93,1.012
103659,25350,7.31,0.84
103661,25387,7.26,0.682
103663,25465,7.21,-0.05
103665,25608,5.56,0.026
103667,25859,3.86,1.13
103669,25952,7.97,0.55
103671,25993,5.45,1.224
103673,26019,5.75,1.085
103675,26420,6.9,1.322
103677,26722,7.84,0.554
103679,23910,6.51,1.087
103681,24106,7.83,0.329
103683,24131,7.1,1.436
103685,24189,6.57,1.653
103687,24373,6.98,1.47
103689,24426,5.75,1.009
103691,24474,6.75,1.123
103693,24532,6.66,0.153
103695,24659,4.81,0.987
103697,24909,6.34,0.318
103699,25067,8.0,1.163
103701,25221,6.8,1.037
103703,25265,7.91,0.966
103705,22387,7.74,0.528
103707,22451,7.49,0.901
103709,22573,5.82,0.105
103711,22611,6.68,0.533
103713,22724,6.95,1.444
103715,22786,6.75,1.257
103717,22787,7.6,0.792
103719,23061,7.6,1.148
103721,23185,7.11,0.473
103723,23224,7.9,1.047
103725,23412,7.61,0.823
103727,23595,4.55,1.177
103729,23596,6.32,0.311
103731,21042,5.95,1.005
103733,21098,7.49,1.279
103735,21118,7.91,0.413
103737,21327,7.61,0.776
103739,21336,7.15,1.4
103741,21355,7.04,1.014
103743,21494,7.92,1.348
103745,21861,5.04,0.391
103747,22194,7.75,1.219
103749,22205,7.62,1.472
103751,22247,7.66,2.391
103753,22391,6.81,1.267
103755,20613,6.55,0.445
103757,37736,7.69,0.014
103759,38029,7.87,0.256
103761,38035,7.41,0.248
103763,38110,7.2,-0.159
103765,38118,6.97,-0.106
103767,38120,7.52,0.647
103769,38177,7.54,0.46
103771,38395,7.82,-0.148
103773,38686,6.45,1.474
103775,38792,6.28,1.476
103777,38901,4.76,0.151
103779,36345,5.95,-0.156
103781,36362,5.78,-0.185
103783,36379,7.9,1.652
103785,36381,7.32,0.203
103787,36500,7.62,-0.088
103789,36514,4.65,0.904
103791,36741,7.34,-0.132
103793,36807,6.11,0.297
103795,36955,7.23,-0.14
103797,37094,7.55,-0.062
103799,37145,6.7,0.392
103801,37158,7.18,0.314
103803,37334,7.63,0.542
103805,37357,7.11,1.059
103807,37385,6.95,0.007
103809,37388,7.8,-0.15
103811,37390,7.32,0.543
103813,37415,6.6,1.07
103815,37444,7.7,0.39
103817,37477,7.65,-0.075
103819,37519,7.0,0.306
103821,37524,6.95,-0.15
103823,37612,7.37,0.34
103825,37702,7.85,0.984
103827,37709,7.51,0.35
103829,34519,7.49,-0.117
103831,34813,7.13,1.724
103833,34937,6.57,-0.172
103835,34964,7.66,-0.087
103837,35014,7.8,0.07
103839,35024,7.85,0.749
103841,35188,6.92,1.624
103843,35241,6.3,0.2
103845,35242,7.99,0.286
103847,35249,7.81,-0.03
103849,35342,7.97,-0.081
103851,35385,6.99,-0.089
103853,35391,7.01,-0.185
103855,35463,6.31,1.302
103857,35540,7.95,0.159
103859,35605,7.34,1.334
103861,35716,7.13,-0.051
103863,35761,6.82,-0.171
103865,35795,5.4,-0.161
103867,35855,5.41,-0.169
103869,35859,7.99,-0.084
103871,35866,7.03,0.113
103873,35887,6.61,-0.198
103875,35901,7.81,1.473
103877,35957,5.35,1.071
103879,36045,6.32,-0.176
103881,36143,5.9,-0.153
103883,33170,7.33,-0.022
103885,33298,6.99,1.148
103887,33558,5.07,-0.154
103889,33669,6.62,0.203
103891,33774,6.39,1.052
103893,34179,7.5,0.509
103895,34432,7.92,0.236
103897,32788,7.41,-0.043
103899,32970,7.21,0.614
103901,22606,7.78,1.33
103903,23059,7.67,1.612
103905,23238,7.9,0.0
103907,21322,7.41,1.11
103909,21357,7.9,1.089
103911,21393,3.81,0.957
103913,21486,6.28,-0.095
103915,21502,6.9,1.3
103917,21592,7.81,1.047
103919,21694,7.69,0.927
103921,21922,7.55,1.165
103923,21933,7.51,0.299
103925,21958,5.66,1.391
103927,22023,7.53,0.968
103929,22136,6.85,0.002
103931,20138,6.36,0.132
103933,20140,7.83,0.948
103935,20474,7.13,0.161
103937,20535,3.97,1.468
103939,20727,6.81,0.386
103941,20819,7.08,0.466
103943,20888,7.88,0.407
103945,21012,7.33,0.089
103947,21114,7.85,0.362
103949,21121,7.56,0.424
103951,19047,7.86,0.362
103953,19091,6.94,0.548
103955,19633,7.44,0.735
103957,19688,7.03,0.235
103959,19743,6.98,1.013
103961,19751,7.19,1.08
103963,19827,7.77,0.047
103965,38983,6.98,1.587
103967,39001,7.44,1.224
103969,39062,7.67,0.331
103971,39132,7.97,0.944
103973,39282,6.82,-0.04
103975,39316,7.95,-0.064
103977,39352,6.89,0.752
103979,39468,7.17,0.466
103981,39700,7.06,-0.077
103983,37293,6.5,-0.094
103985,37304,6.78,-0.121
103987,37371,7.82,0.304
103989,37399,6.76,-0.14
103991,37482,7.93,-0.099
103993,37544,7.88,-0.106
103995,37554,7.39,-0.059
103997,37590,5.64,0.99
103999,37611,6.93,0.183
104001,37646,7.96,0.077
104003,37648,4.63,1.632
104005,37677,3.94,0.16
104007,37927,7.85,0.256
104009,37957,8.0,-0.098
104011,38085,7.76,0.99
104013,38571,6.95,0.913
104015,38580,7.0,1.337
104017,38615,6.6,0.081
104019,38733,7.94,1.083
104021,38760,7.91,-0.004
104023,36258,5.55,-0.048
104025,36328,6.67,1.125
104027,36643,7.74,1.69
104029,36780,6.77,0.308
104031,36870,7.66,1.046
104033,36890,7.82,0.426
104035,36917,4.65,-0.111
104037,36987,7.08,1.507
104039,37070,7.11,0.323
104041,37229,3.8,-0.159
104043,37268,7.97,-0.026
104045,37315,7.21,1.279
104047,37389,7.83,1.268
104049,35791,7.63,1.083
104051,20506,7.92,1.359
104053,20607,7.91,1.061
104055,20802,7.75,0.752
104057,20887,8.0,0.369
104059,20965,7.73,1.278
104061,20979,7.71,0.299
104063,21104,7.47,0.275
104065,21248,4.49,0.972
104067,18839,7.6,0.566
104069,18870,7.4,0.543
104071,19095,5.59,0.324
104073,19371,7.88,0.427
104075,19418,7.7,1.454
104077,19684,7.45,0.516
104079,17745,6.97,0.121
104081,17838,6.95,0.403
104083,18254,6.99,0.197
104085,18364,7.54,0.963
104087,18776,7.52,0.531
104089,40246,7.61,0.166
104091,40252,7.19,0.312
104093,40277,7.8,0.054
104095,40343,7.75,0.313
104097,40773,7.66,1.605
104099,40845,7.07,1.636
104101,40853,7.79,-0.006
104103,40876,6.12,1.039
104105,38668,6.99,0.029
104107,38804,7.58,-0.025
104109,38835,4.2,0.718
104111,39023,5.09,1.111
104113,39108,7.54,0.048
104115,39214,7.17,0.229
104117,39217,7.06,0.65
104119,39222,7.6,1.067
104121,39346,7.4,0.355
104123,39389,7.72,0.878
104125,39514,6.35,1.461
104127,39520,7.85,0.299
104129,39559,7.67,0.77
104131,39671,7.85,1.513
104133,39757,2.83,0.458
104135,39815,7.95,1.395
104137,39820,7.64,0.597
104139,39834,6.56,-0.077
104141,40010,6.8,0.315
104143,37660,6.56,0.065
104145,38070,4.4,-0.07
104147,38079,6.85,-0.029
104149,38134,7.93,0.546
104151,38146,5.32,0.751
104153,38170,3.34,1.218
104155,38235,6.73,0.31
104157,38316,6.43,-0.003
104159,38551,6.95,-0.079
104161,38553,7.22,-0.069
104163,38692,7.44,1.304
104165,19453,6.95,1.124
104167,19501,7.86,0.44
104169,19507,7.35,0.583
104171,19723,7.64,1.14
104173,17635,7.18,1.056
104175,17638,7.64,1.433
104177,17717,5.24,0.075
104179,18068,7.99,1.007
104181,18153,7.09,0.304
104183,18216,4.64,-0.136
104185,18235,6.68,0.82
104187,18363,7.34,1.143
104189,18432,6.88,0.748
104191,18492,7.24,0.217
104193,18575,7.92,0.061
104195,18673,4.62,-0.121
104197,18766,7.41,0.29
104199,18875,6.9,1.157
104201,18931,7.24,1.449
104203,18939,6.57,1.631
104205,17500,7.51,1.039
104207,17651,4.22,0.434
104209,41647,7.84,-0.115
104211,39852,7.07,-0.063
104213,39867,7.54,1.106
104215,39906,4.4,-0.16
104217,40066,7.53,-0.122
104219,40487,7.11,1.622
104221,40543,6.97,-0.142
104223,40561,6.6,0.018
104225,40623,7.89,0.059
104227,40777,6.68,0.028
104229,40944,5.58,0.771
104231,40958,7.29,-0.011
104233,40978,7.84,0.221
104235,41174,6.88,1.212
104237,41282,6.01,0.402
104239,39336,7.68,0.092
104241,39474,7.82,0.056
104243,39511,7.39,1.25
104245,39524,6.12,-0.154
104247,39634,6.97,0.015
104249,39658,7.59,0.056
104251,39734,5.33,0.1
104253,39876,6.37,0.141
104255,39908,7.62,0.555
104257,39926,7.41,1.029
104259,18052,6.59,1.058
104261,18159,7.7,1.297
104263,18173,6.21,0.866
104265,18382,7.43,1.286
104267,18641,7.26,1.2
104269,18816,7.26,1.256
104271,16799,7.86,0.656
104273,16816,7.34,0.084
104275,17010,7.74,1.36
104277,17071,7.78,0.888
104279,17138,6.91,1.125
104281,17170,6.82,1.125
104283,17223,6.58,0.092
104285,17345,7.56,0.221
104287,17420,7.1,0.927
104289,17539,7.44,0.205
104291,17798,5.81,1.602
104293,17946,7.38,0.019
104295,16364,7.39,1.156
104297,41252,6.76,0.193
104299,41306,6.44,1.234
104301,41328,5.96,0.167
104303,41409,7.44,0.14
104305,41441,7.46,1.579
104307,41463,6.68,-0.153
104309,41596,7.29,1.018
104311,41757,6.75,1.561
104313,41767,7.82,0.355
104315,41893,6.38,0.275
104317,41956,7.44,0.988
104319,41992,6.56,1.036
104321,39730,6.5,1.246
104323,39943,5.66,-0.153
104325,40258,8.0,0.2
104327,40259,4.99,1.066
104329,40406,6.98,0.49
104331,40505,7.38,1.19
104333,40552,7.2,1.48
104335,40604,6.32,0.057
104337,40661,7.58,-0.03
104339,40713,6.96,0.068
104341,40940,6.81,1.324
104343,40990,5.71,1.05
104345,16803,5.24,-0.117
104347,16921,7.05,0.955
104349,17082,6.86,0.924
104351,17136,6.35,0.881
104353,17288,7.7,0.498
104355,17303,7.88,1.2
104357,17550,7.61,1.136
104359,17659,7.49,1.453
104361,17737,7.99,1.59
104363,18056,7.71,1.043
104365,15940,7.98,0.667
104367,16030,7.59,0.063
104369,16422,7.61,0.483
104371,16607,7.05,0.455
104373,16658,7.92,0.927
104375,40965,6.85,0.292
104377,40997,7.61,0.521
104379,41067,6.13,0.997
104381,41221,7.09,1.582
104383,41255,6.89,-0.13
104385,41393,7.78,0.954
104387,41395,5.52,1.167
104389,41497,7.88,1.43
104391,41558,7.93,0.404
104393,41719,7.33,0.055
104395,41722,7.79,0.078
104397,41747,7.54,1.27
104399,41769,7.47,0.24
104401,41899,6.62,1.339
104403,42050,7.86,0.873
104405,42176,7.36,1.638
104407,42213,7.96,0.453
104409,42309,6.7,0.284
104411,42328,8.0,0.384
104413,42336,7.13,0.955
104415,42348,6.58,-0.044
104417,40453,7.06,1.686
104419,40578,7.99,1.458
104421,40693,5.95,0.754
104423,40786,7.66,0.485
104425,40822,6.77,1.39
104427,40896,7.57,0.296
104429,17191,7.59,0.403
104431,17214,6.49,0.377
104433,17243,7.29,1.063
104435,17268,7.05,0.11
104437,15772,7.57,0.45
104439,15786,7.8,0.777
104441,15869,6.87,0.142
104443,15920,7.86,0.49
104445,16124,7.22,0.05
104447,16142,5.74,1.102
104449,16153,7.39,1.254
104451,16182,7.15,1.545
104453,16263,5.57,0.171
104455,16308,6.77,0.732
104457,16400,7.71,0.136
104459,16435,7.86,0.266
104461,16681,7.68,0.524
104463,16780,5.56,0.915
104465,16977,7.81,0.984
104467,17107,7.01,1.074
104469,42343,7.02,0.516
104471,42489,7.78,1.401
104473,42606,6.64,0.017
104475,42670,7.91,0.108
104477,42732,7.01,-0.046
104479,40937,7.28,1.282
104481,40959,7.78,1.105
104483,40962,7.08,0.127
104485,40993,6.78,0.393
104487,41080,5.92,1.635
104489,41201,7.58,1.305
104491,41265,7.96,-0.044
104493,41303,6.51,0.956
104495,41336,6.58,0.176
104497,41343,6.94,0.378
104499,41495,7.55,1.558
104501,41547,6.43,1.197
104503,41597,6.01,0.427
104505,41683,7.14,1.023
104507,41733,7.66,0.371
104509,41839,7.95,0.0
104511,42013,7.5,1.626
104513,42037,7.62,0.401
104515,42146,5.72,-0.004
104517,42234,7.48,1.138
104519,40683,7.76,0.969
104521,40766,6.31,0.329
104523,16065,7.66,1.226
104525,16238,7.51,0.428
104527,16350,6.86,1.315
104529,16463,7.54,0.125
104531,16537,3.72,0.881
104533,16555,7.34,0.407
104535,16596,7.59,0.378
104537,16601,7.95,0.314
104539,16677,6.25,0.019
104541,16960,7.99,1.108
104543,16989,5.86,0.98
104545,17012,7.28,0.9
104547,17057,6.19,1.031
104549,17135,6.92,0.455
104551,15378,7.86,0.015
104553,15776,6.2,0.702
104555,42299,6.18,1.054
104557,42333,6.74,0.655
104559,42368,6.52,0.447
104561,42412,7.17,0.066
104563,42461,7.97,1.389
104565,42464,7.86,1.006
104567,42634,7.59,0.76
104569,42674,7.78,1.514
104571,42739,6.9,1.382
104573,42863,7.3,0.166
104575,40880,7.11,1.585
104577,41036,6.14,0.227
104579,41073,7.64,0.024
104581,41179,7.34,1.504
104583,41211,5.61,0.478
104585,41214,6.03,0.46
104587,41274,7.35,0.952
104589,41307,3.91,-0.012
104591,41316,7.39,1.571
104593,41375,5.6,0.218
104595,41452,6.61,0.523
104597,41479,7.17,0.646
104599,41489,6.83,0.365
104601,41555,7.95,0.409
104603,41619,7.36,0.939
104605,41717,7.52,0.039
104607,41876,7.26,1.023
104609,41896,6.88,0.98
104611,41961,6.8,0.075
104613,41968,7.34,0.525
104615,15919,7.86,1.153
104617,15927,7.22,1.03
104619,15946,6.99,0.94
104621,16266,6.01,1.02
104623,16341,4.74,-0.092
104625,16347,7.56,0.305
104627,16485,7.31,0.488
104629,16653,7.85,1.241
104631,16779,6.49,1.091
104633,15203,6.17,-0.018
104635,15230,6.3,1.648
104637,15236,7.09,0.101
104639,15281,7.39,0.311
104641,15694,7.81,1.076
104643,42360,7.78,0.925
104645,42700,7.4,1.482
104647,42951,6.41,0.521
104649,41068,6.95,1.119
104651,41166,6.91,0.725
104653,41209,7.07,0.589
104655,41313,7.3,1.062
104657,41379,7.58,1.109
104659,41417,7.61,1.13
104661,41448,7.87,0.058
104663,41564,6.42,0.332
104665,41622,7.74,-0.011
104667,41645,6.7,1.025
104669,41707,7.93,-0.086
104671,41901,7.6,0.251
104673,41983,7.93,-0.005
104675,41991,7.75,1.444
104677,42028,5.8,0.007
104679,42030,7.46,0.612
104681,42074,7.32,0.791
104683,42081,7.63,0.194
104685,16389,6.64,0.119
104687,16436,7.17,1.007
104689,16558,7.42,1.073
104691,16699,7.52,0.205
104693,15089,7.13,1.593
104695,15247,7.48,0.534
104697,15251,7.71,-0.019
104699,15383,5.62,1.05
104701,15442,7.05,0.655
104703,15524,7.7,0.446
104705,15594,7.9,1.024
104707,42119,6.94,0.956
104709,42142,6.35,1.023
104711,42370,7.24,1.044
104713,42402,4.45,1.216
104715,42537,6.76,1.382
104717,42629,7.62,1.598
104719,42648,7.87,1.167
104721,42799,4.3,-0.192
104723,42957,6.55,1.008
104725,41148,7.46,0.33
104727,41299,5.74,1.528
104729,41315,6.56,1.16
104731,41366,7.31,1.311
104733,41471,7.57,0.619
104735,41508,6.96,1.088
104737,41538,7.3,1.16
104739,41573,7.4,0.525
104741,41677,7.59,0.936
104743,41688,7.03,0.823
104745,41712,7.85,1.354
104747,41766,7.76,0.254
104749,42017,7.58,0.142
104751,16058,7.05,1.48
104753,16086,7.4,0.12
104755,16226,6.41,0.79
104757,16515,7.82,1.23
104759,16651,7.51,1.133
104761,16846,5.82,0.885
104763,16852,4.29,0.575
104765,15284,7.77,0.214
104767,15457,4.84,0.681
104769,15501,7.27,1.0
104771,15523,6.73,0.949
104773,15800,6.47,1.154
104775,42283,7.42,0.982
104777,42313,4.14,0.003
104779,42418,7.9,0.897
104781,42488,7.26,0.61
104783,42528,6.6,0.899
104785,42723,7.61,0.585
104787,42854,6.37,-0.04
104789,42899,6.87,0.118
104791,41032,7.39,1.461
104793,41129,7.38,1.557
104795,41509,7.91,1.108
104797,41532,7.68,0.933
104799,41550,7.37,-0.096
104801,41569,7.15,0.423
104803,41886,7.97,0.069
104805,41898,7.27,1.118
104807,42008,5.89,1.066
104809,42076,6.63,1.587
104811,42172,5.91,0.53
104813,42173,7.25,0.71
104815,15978,7.65,0.082
104817,16108,7.19,1.266
104819,16201,7.68,0.185
104821,16356,7.69,0.201
104823,16358,5.93,0.953
104825,16362,7.03,0.95
104827,16363,7.34,0.436
104829,16530,7.33,0.965
104831,16606,7.16,0.906
104833,16695,6.49,0.642
104835,16723,7.48,0.515
104837,16925,7.22,0.368
104839,16930,7.78,0.574
104841,15279,6.96,0.263
104843,15333,7.8,1.018
104845,15365,7.99,0.287
104847,15619,5.7,0.964
104849,15687,7.47,1.154
104851,15807,6.37,0.851
104853,42278,7.79,0.402
104855,42353,6.54,-0.01
104857,42439,7.93,0.8
104859,42462,6.46,1.08
104861,42594,7.73,0.288
104863,40870,7.35,1.391
104865,40879,6.93,1.301
104867,40987,7.7,0.837
104869,41027,7.72,0.954
104871,41163,6.11,1.507
104873,41200,7.86,1.151
104875,41257,6.76,1.434
104877,41325,5.13,0.934
104879,41398,7.04,0.004
104881,41430,7.12,0.203
104883,41652,6.83,1.015
104885,41776,7.99,0.48
104887,41843,6.78,-0.037
104889,41904,6.48,-0.007
104891,42023,7.54,0.323
104893,42049,6.04,0.332
104895,42194,7.94,1.173
104897,42265,5.92,0.083
104899,17240,7.25,1.228
104901,15897,7.78,1.147
104903,15900,3.61,0.887
104905,15918,7.96,1.034
104907,16083,3.73,-0.082
104909,16116,7.6,0.412
104911,16120,7.8,0.321
104913,16158,8.0,0.611
104915,16325,7.0,1.458
104917,16380,7.61,1.267
104919,16464,7.66,0.937
104921,16511,5.76,-0.072
104923,16796,7.6,1.453
104925,16934,7.92,1.815
104927,17038,7.76,0.194
104929,15304,7.38,0.567
104931,15310,7.78,0.617
104933,15515,7.44,0.04
104935,15630,7.71,0.334
104937,42499,7.61,0.832
104939,42560,6.78,1.382
104941,40986,7.33,0.351
104943,41247,7.92,0.948
104945,41400,5.56,1.608
104947,41518,7.24,1.507
104949,41578,5.94,0.201
104951,41623,7.26,1.438
104953,41635,7.86,1.066
104955,41792,7.4,1.332
104957,41865,7.29,1.15
104959,41951,7.95,0.719
104961,41997,7.82,0.909
104963,42010,6.26,1.179
104965,42112,7.47,0.513
104967,42193,7.4,0.058
104969,40354,6.39,1.034
104971,40530,7.38,1.279
104973,40534,7.04,1.036
104975,40580,7.7,1.051
104977,40761,7.86,0.674
104979,40982,7.87,1.05
104981,17049,6.67,0.92
104983,17617,6.88,0.069
104985,15850,6.03,1.227
104987,15922,7.29,0.152
104989,15928,7.42,0.277
104991,16095,6.29,-0.025
104993,16193,6.74,0.965
104995,16322,5.14,-0.041
104997,16369,4.14,1.112
104999,16478,6.79,0.035
105001,16572,6.9,1.06
105003,16715,7.99,0.561
105005,41226,7.06,0.539
105007,41319,6.11,0.448
105009,41505,7.94,0.468
105011,41818,7.66,1.49
105013,41822,5.33,1.567
105015,41900,8.0,1.0
105017,41913,7.41,1.464
105019,39990,7.34,1.487
105021,40115,7.3,1.2
105023,40133,7.34,0.667
105025,40167,4.67,0.531
105027,40231,6.03,0.89
105029,40342,6.47,0.331
105031,40410,7.28,-0.081
105033,40458,7.66,1.02
105035,40675,6.42,1.018
105037,40754,6.98,-0.045
105039,40835,7.59,1.544
105041,40995,7.28,1.28
105043,41040,6.66,1.168
105045,41120,7.66,1.421
105047,16924,6.4,0.167
105049,16985,7.35,1.164
105051,17058,6.18,1.0
105053,17336,7.07,0.659
105055,17746,7.98,0.406
105057,17830,7.22,0.432
105059,17960,7.5,0.653
105061,18170,5.97,0.354
105063,15951,7.91,1.252
105065,16221,7.38,0.036
105067,16268,7.05,-0.052
105069,16414,6.79,1.545
105071,16538,7.03,0.503
105073,16593,7.6,1.87
105075,16641,6.14,0.891
105077,16788,7.65,0.58
105079,39816,7.62,0.619
105081,40270,7.84,1.107
105083,40361,6.93,0.393
105085,40483,7.54,1.057
105087,40544,7.63,0.948
105089,40832,7.7,0.978
105091,40866,5.8,1.137
105093,40950,7.31,1.071
105095,41002,7.21,1.36
105097,41117,5.94,0.175
105099,41232,7.34,0.644
105101,39064,7.68,0.833
105103,39296,7.65,-0.035
105105,39344,7.97,1.453
105107,39428,7.03,1.0
105109,39503,7.51,0.15
105111,39535,6.21,-0.042
105113,39711,7.68,0.5
105115,39749,7.68,0.599
105117,39780,5.3,0.642
105119,18326,7.82,0.692
105121,18405,7.88,1.008
105123,18490,6.84,1.03
105125,16737,7.57,1.73
105127,16813,7.47,0.502
105129,16961,7.72,0.384
105131,17026,6.5,0.151
105133,17043,7.27,0.068
105135,17148,7.16,0.311
105137,17309,5.68,-0.016
105139,17340,7.91,0.624
105141,17408,6.13,0.994
105143,17453,6.09,0.028
105145,17552,7.75,0.179
105147,17763,7.97,0.231
105149,18116,7.94,0.21
105151,16613,7.99,1.062
105153,40293,6.56,0.116
105155,38752,7.7,0.983
105157,38755,7.32,0.629
105159,38761,6.81,-0.079
105161,38785,7.59,1.06
105163,39077,6.92,1.026
105165,39148,7.96,0.092
105167,39191,5.87,1.021
105169,39194,6.34,1.16
105171,39235,7.27,1.1
105173,39263,6.32,0.023
105175,39447,6.84,1.19
105177,39659,5.96,1.652
105179,39681,7.2,0.769
105181,39705,7.77,1.093
105183,39941,7.29,1.022
105185,39969,7.45,1.483
105187,40007,6.44,1.42
105189,40023,5.73,0.825
105191,37704,5.3,1.535
105193,38172,7.09,0.488
105195,38201,7.79,1.575
105197,38287,7.07,0.22
105199,38385,7.75,1.043
105201,19182,7.99,0.193
105203,19341,7.2,1.393
105205,19361,6.97,1.143
105207,19436,7.36,0.202
105209,17664,6.83,0.021
105211,17702,2.85,-0.086
105213,17704,6.83,0.066
105215,17759,6.44,1.701
105217,17776,5.44,-0.067
105219,17791,6.96,0.128
105221,17832,6.47,0.377
105223,17847,3.62,-0.07
105225,17851,5.05,-0.082
105227,17862,6.62,-0.027
105229,17892,7.01,0.033
105231,17900,6.17,-0.046
105233,17921,6.05,-0.006
105235,17923,6.73,0.063
105237,17928,7.29,0.538
105239,17954,5.24,0.231
105241,17999,6.95,0.078
105243,18046,6.79,0.16
105245,18059,6.71,1.12
105247,18097,7.57,0.684
105249,18106,6.77,0.583
105251,18194,7.84,0.24
105253,18201,6.35,0.11
105255,18296,7.95,0.048
105257,18433,7.84,0.688
105259,18471,5.62,0.345
105261,18485,6.05,0.031
105263,18491,7.5,1.022
105265,18508,6.19,1.372
105267,18559,7.21,0.035
105269,18620,7.36,1.067
105271,18748,6.52,0.103
105273,18833,7.82,0.456
105275,19009,5.46,0.813
105277,19038,4.36,1.064
105279,17000,6.71,-0.001
105281,17305,7.4,0.428
105283,17401,7.93,0.347
105285,17403,7.52,0.141
105287,17489,5.45,-0.034
105289,17499,3.72,-0.105
105291,17527,5.66,-0.064
105293,17531,4.3,-0.11
105295,17572,6.85,0.06
105297,17573,3.87,-0.063
105299,17579,5.76,-0.036
105301,17588,6.43,-0.02
105303,17608,4.14,-0.051
105305,17684,6.98,0.542
105307,17692,6.99,0.03
105309,38832,7.59,1.0
105311,39157,6.97,0.716
105313,39306,7.7,0.933
105315,39401,7.07,0.167
105317,39424,4.94,1.13
105319,39607,6.21,0.01
105321,39777,7.84,0.069
105323,39888,6.88,1.04
105325,37575,7.72,1.606
105327,37629,4.23,1.118
105329,37826,1.16,0.991
105331,37848,7.35,1.53
105333,37886,7.87,0.011
105335,38055,7.5,0.934
105337,38101,6.86,1.001
105339,38144,7.82,0.211
105341,38221,6.82,0.961
105343,38228,6.9,0.682
105345,38231,6.77,0.089
105347,38261,7.66,1.108
105349,38363,7.01,0.855
105351,38525,6.92,-0.006
105353,38538,4.97,0.098
105355,38564,7.6,0.573
105357,38620,7.83,1.335
105359,38677,7.33,0.435
105361,38778,6.81,1.414
105363,38903,7.83,1.233
105365,36291,7.67,0.254
105367,36479,7.61,1.016
105369,36835,7.7,-0.063
105371,36841,6.66,0.93
105373,36859,7.45,1.37
105375,36919,7.0,0.202
105377,35759,7.69,1.093
105379,20250,4.97,1.15
105381,20262,7.93,0.24
105383,20324,7.21,2.02
105385,18687,7.81,0.339
105387,18781,7.08,0.173
105389,19068,7.94,0.137
105391,19136,7.55,0.543
105393,19171,5.18,-0.124
105395,19186,7.85,1.0
105397,19205,5.21,0.359
105399,19513,5.39,0.352
105401,19715,7.92,1.879
105403,19835,7.11,1.07
105405,19947,7.83,1.572
105407,17774,7.98,1.15
105409,18163,8.0,0.644
105411,18208,7.89,0.84
105413,18230,7.48,1.049
105415,18621,7.44,0.14
105417,37761,7.97,0.4
105419,38317,6.83,0.18
105421,38329,7.73,0.18
105423,38643,7.8,1.066
105425,36139,7.14,0.893
105427,36357,7.73,0.923
105429,36366,4.16,0.32
105431,36720,7.63,0.082
105433,36751,7.46,1.171
105435,36850,1.58,0.034
105437,36896,5.34,1.01
105439,36993,8.0,0.632
105441,37108,7.76,-0.098
105443,37179,6.84,1.266
105445,37197,7.78,0.476
105447,37339,6.16,0.374
105449,37545,6.69,1.356
105451,34663,7.04,1.457
105453,34671,7.6,1.04
105455,34714,7.16,0.431
105457,34881,6.9,0.051
105459,34920,7.37,0.281
105461,35265,6.93,0.631
105463,35272,7.82,1.043
105465,35298,6.75,-0.058
105467,35345,6.19,-0.024
105469,35526,7.26,0.138
105471,35826,7.91,0.087
105473,35890,7.88,1.506
105475,36066,7.55,0.123
105477,36087,7.08,0.026
105479,33018,3.6,0.102
105481,33421,5.91,0.878
105483,33661,7.91,0.976
105485,34043,7.47,1.065
105487,34247,7.47,1.562
105489,34358,5.94,1.507
105491,34380,7.45,0.925
105493,34428,6.31,1.356
105495,34439,7.51,0.271
105497,34497,6.54,1.487
105499,32636,7.79,0.931
105501,22662,7.54,0.264
105503,22898,7.18,1.14
105505,23001,7.76,1.077
105507,23015,2.69,1.49
105509,23733,7.05,-0.05
105511,21516,7.76,0.498
105513,21602,7.11,0.298
105515,21679,7.92,0.453
105517,21950,7.26,1.109
105519,22003,6.49,0.311
105521,22407,5.84,0.25
105523,19883,7.32,0.586
105525,20072,7.68,0.312
105527,20178,7.64,1.673
105529,20231,6.16,1.679
105531,20426,7.27,1.508
105533,20579,5.73,-0.054
105535,20591,5.77,0.4
105537,20704,5.29,0.986
105539,20904,6.38,0.547
105541,20988,7.67,0.446
105543,21038,6.18,-0.026
105545,19197,7.57,1.54
105547,19428,6.88,0.55
105549,19576,7.67,0.138
105551,19679,6.69,1.704
105553,19895,7.64,0.65
105555,34806,7.76,0.155
105557,34969,7.71,1.112
105559,35282,7.81,0.976
105561,35440,7.11,1.34
105563,35477,7.48,0.992
105565,35710,5.12,1.082
105567,35919,7.14,0.402
105569,35932,7.99,0.946
105571,36335,7.45,1.133
105573,36402,7.91,0.091
105575,36412,7.22,1.501
105577,33060,7.86,1.34
105579,33209,7.72,1.549
105581,33291,6.73,0.937
105583,33453,6.48,1.673
105585,33553,7.78,0.99
105587,33614,6.02,1.218
105589,33649,7.91,-0.014
105591,34083,6.7,0.84
105593,34103,6.62,0.928
105595,34140,7.81,0.265
105597,34141,7.89,1.031
105599,34244,6.88,0.993
105601,34267,5.55,0.909
105603,34462,6.19,1.212
105605,34546,6.74,-0.016
105607,32040,6.48,0.509
105609,32190,6.21,1.026
105611,32263,7.49,0.315
105613,32268,6.37,0.065
105615,32746,6.49,1.553
105617,32794,7.16,1.011
105619,32798,7.91,0.224
105621,33044,6.03,1.455
105623,33064,6.32,0.516
105625,33133,6.46,-0.044
105627,29977,7.76,1.652
105629,30074,7.15,0.37
105631,30373,7.42,0.041
105633,30484,7.04,1.258
105635,30486,7.59,0.629
105637,30497,6.56,1.19
105639,30589,7.18,0.941
105641,30777,7.75,0.572
105643,30862,7.15,0.613
105645,31096,6.64,0.94
105647,31193,6.79,1.142
105649,31200,7.04,1.26
105651,31340,6.66,0.983
105653,31373,7.3,0.676
105655,31424,7.4,1.014
105657,31454,7.01,0.795
105659,31579,5.4,2.773
105661,28549,7.66,0.023
105663,28787,6.93,-0.025
105665,28820,6.32,0.825
105667,28946,5.35,0.251
105669,29024,6.94,0.4
105671,29033,7.02,0.99
105673,29068,6.96,1.158
105675,29090,7.09,0.2
105677,29204,7.65,0.07
105679,29238,7.96,0.508
105681,29541,6.77,0.001
105683,29723,7.46,0.39
105685,29725,6.86,0.44
105687,29767,7.09,0.876
105689,26910,7.12,0.969
105691,27112,7.53,1.203
105693,27189,7.49,1.747
105695,27207,7.34,0.833
105697,27639,4.72,1.621
105699,27706,7.89,0.795
105701,27723,6.93,0.022
105703,27844,6.7,0.2
105705,27857,7.38,1.12
105707,27954,7.32,1.241
105709,28043,7.27,0.257
105711,28106,7.92,0.104
105713,28152,7.21,1.375
105715,28194,7.86,0.85
105717,28228,7.49,1.275
105719,28380,2.65,-0.083
105721,25292,5.02,1.445
105723,25301,6.49,1.645
105725,25343,6.55,1.101
105727,25370,7.43,0.081
105729,25476,6.17,1.453
105731,25733,6.78,0.131
105733,25735,6.88,1.07
105735,25875,7.45,1.802
105737,25877,6.88,1.802
105739,25995,7.18,0.282
105741,26249,7.58,0.323
105743,26364,7.65,1.477
105745,26482,7.24,1.063
105747,26585,7.51,0.043
105749,26632,6.96,0.015
105751,26838,6.85,0.024
105753,23774,7.74,0.116
105755,24072,6.02,0.72
105757,24150,7.84,0.456
105759,24184,7.08,1.514
105761,24303,7.9,1.272
105763,24332,6.48,0.542
105765,24340,4.82,0.189
105767,24350,7.9,0.1
105769,24379,6.86,0.015
105771,24398,7.68,0.054
105773,24538,7.69,0.551
105775,24575,5.99,0.199
105777,24587,7.22,0.159
105779,24724,7.92,0.09
105781,24744,7.78,0.066
105783,24821,7.04,0.129
105785,24892,7.39,1.738
105787,24898,7.5,-0.028
105789,24957,6.79,0.0
105791,25084,7.68,1.529
105793,25114,7.4,0.188
105795,25238,6.83,0.903
105797,22275,7.51,0.965
105799,22421,7.8,1.3
105801,22453,4.89,1.447
105803,22529,7.28,0.471
105805,22576,6.78,0.717
105807,22639,7.63,0.264
105809,22647,6.8,1.1
105811,22678,4.79,1.414
105813,22744,6.69,1.039
105815,22776,7.77,0.747
105817,22955,6.1,0.352
105819,23117,6.74,0.335
105821,23132,7.97,0.425
105823,23179,4.93,0.037
105825,23282,7.29,0.202
105827,23536,7.3,0.12
105829,23709,7.31,0.453
105831,23724,6.49,0.184
105833,23765,7.79,0.705
105835,23797,7.7,0.427
105837,21657,7.73,0.264
105839,21691,7.97,0.206
105841,21822,7.91,1.304
105843,21907,7.89,0.226
105845,22092,7.85,0.438
105847,20570,7.3,0.021
105849,20926,7.39,0.475
105851,31757,7.78,1.676
105853,31771,5.7,1.367
105855,31789,5.34,-0.075
105857,31956,7.17,0.626
105859,31995,7.25,1.06
105861,32125,7.04,0.359
105863,32350,6.93,0.351
105865,32410,7.29,-0.033
105867,32757,7.76,-0.069
105869,32808,7.95,0.951
105871,33041,6.1,0.406
105873,33120,7.76,1.488
105875,30408,6.81,1.058
105877,30432,7.15,1.596
105879,30822,7.83,0.347
105881,30860,7.89,0.74
105883,30911,7.89,0.637
105885,31058,6.66,0.004
105887,31227,7.45,0.063
105889,31288,7.05,1.483
105891,28443,7.57,1.045
105893,28588,7.27,0.84
105895,29114,6.34,1.044
105897,29332,7.64,0.125
105899,29606,7.69,0.137
105901,29865,7.94,0.086
105903,29886,7.29,1.24
105905,29891,7.56,0.979
105907,29901,6.72,1.902
105909,29904,7.47,-0.024
105911,26764,7.78,0.263
105913,26961,7.47,0.01
105915,27192,6.57,0.256
105917,27228,7.92,1.0
105919,27458,6.8,0.82
105921,27483,4.51,0.949
105923,27497,7.2,1.17
105925,27525,7.92,0.506
105927,27673,3.97,1.132
105929,27702,7.85,0.424
105931,27717,7.97,0.666
105933,27777,6.4,0.098
105935,28054,6.64,0.297
105937,28263,7.89,0.08
105939,28281,7.23,1.132
105941,28338,7.33,0.541
105943,25802,7.62,0.986
105945,25810,6.38,0.986
105947,26363,6.08,1.032
105949,26763,7.85,0.417
105951,24002,6.91,1.006
105953,24638,7.13,1.345
105955,24767,7.91,0.46
105957,24813,4.69,0.63
105959,24884,7.34,0.072
105961,24890,7.36,1.695
105963,24987,7.76,0.103
105965,25060,7.31,0.48
105967,23393,7.55,1.12
105969,30069,5.76,-0.08
105971,30274,7.24,1.026
105973,30372,6.53,-0.073
105975,30566,6.24,1.353
105977,30577,7.18,0.273
105979,28557,7.17,0.195
105981,28855,5.8,0.027
105983,28992,5.82,-0.137
105985,29029,7.79,0.092
105987,29047,7.18,1.221
105989,29292,6.65,0.775
105991,29801,7.19,1.129
105993,29807,4.37,0.978
105995,27387,7.72,1.053
105997,27420,7.29,0.935
105999,27551,7.35,1.654
106001,27788,6.64,0.916
106003,28199,4.36,-0.165
106005,28230,7.55,0.281
106007,28372,6.78,1.315
106009,25504,6.94,0.9
106011,26035,6.87,0.316
106013,26343,7.61,1.046
106015,26348,6.88,1.366
106017,26466,6.57,1.269
106019,26868,5.29,-0.032
106021,25007,6.05,-0.176
106023,25259,7.45,0.204
106025,34424,7.06,0.47
106027,34632,7.76,0.223
106029,34646,7.58,-0.175
106031,34665,7.91,1.303
106033,34782,6.1,0.273
106035,34898,7.72,-0.08
106037,34954,6.32,-0.183
106039,35017,6.92,0.784
106041,35083,5.36,-0.155
106043,35168,7.15,-0.183
106045,32905,7.55,0.057
106047,32976,7.99,0.327
106049,32985,7.72,0.209
106051,33157,7.86,0.182
106053,33178,6.86,-0.11
106055,33330,6.36,-0.155
106057,33333,7.78,0.188
106059,33533,7.13,0.869
106061,33591,6.41,-0.137
106063,33610,6.76,0.83
106065,33692,7.09,1.488
106067,33705,6.62,0.438
106069,33716,7.94,1.061
106071,33812,7.41,0.288
106073,34108,7.92,-0.074
106075,34127,7.82,-0.036
106077,34138,7.35,0.458
106079,34161,7.74,1.678
106081,34248,6.34,-0.131
106083,31362,5.62,-0.085
106085,31374,6.69,0.254
106087,31398,6.94,1.634
106089,31402,7.9,-0.119
106091,31405,7.77,1.517
106093,31463,7.89,-0.126
106095,31572,6.87,0.366
106097,31623,7.65,0.703
106099,31688,5.25,1.177
106101,31824,7.69,-0.178
106103,31870,5.7,1.134
106105,31890,7.88,-0.038
106107,31948,7.59,0.329
106109,31958,7.69,1.021
106111,31993,7.23,-0.055
106113,32096,7.79,-0.093
106115,32140,6.76,0.281
106117,32248,7.71,1.667
106119,32292,5.23,-0.127
106121,32339,6.53,-0.111
106123,32348,7.61,-0.095
106125,32366,5.92,0.491
106127,32385,5.62,-0.138
106129,32517,7.86,0.508
106131,32716,6.85,-0.082
106133,32759,3.5,-0.116
106135,32810,5.74,0.094
106137,32830,7.16,0.884
106139,29912,7.45,1.16
106141,30122,3.02,-0.16
106143,30143,5.55,-0.182
106145,30216,7.63,1.343
106147,30271,7.57,1.533
106149,30277,3.85,0.858
106151,30338,7.25,1.617
106153,30376,6.31,0.893
106155,30378,7.68,0.42
106157,30410,7.43,0.428
106159,30664,7.14,0.922
106161,30680,7.92,0.284
106163,30705,7.16,0.794
106165,30788,4.47,-0.169
106167,30840,5.74,-0.16
106169,30929,7.95,0.265
106171,30967,7.55,-0.015
106173,31086,6.31,1.665
106175,31190,5.73,-0.18
106177,31269,6.96,1.453
106179,28442,7.85,1.137
106181,28524,5.54,1.58
106183,28756,5.65,-0.186
106185,28856,7.44,-0.005
106187,28900,6.7,0.5
106189,28967,7.42,0.988
106191,28999,7.92,0.543
106193,29325,7.66,1.253
106195,29356,7.36,1.163
106197,29527,7.99,0.198
106199,29658,7.63,0.307
106201,29778,7.86,1.393
106203,26924,7.21,1.036
106205,26959,6.83,1.621
106207,27133,6.83,0.374
106209,27204,5.18,-0.274
106211,27415,6.86,1.376
106213,27457,7.57,0.896
106215,27471,7.85,0.475
106217,27479,6.89,1.564
106219,27537,6.63,0.951
106221,27555,6.84,0.043
106223,27789,7.89,1.051
106225,27804,7.89,1.542
106227,27810,4.88,-0.154
106229,27821,7.73,0.094
106231,27967,7.88,1.308
106233,27976,7.82,0.027
106235,28060,6.73,-0.05
106237,28098,5.52,0.382
106239,28112,7.3,-0.007
106241,28138,6.44,1.07
106243,28235,7.43,1.442
106245,28329,7.99,0.27
106247,28335,7.25,1.027
106249,25421,7.7,0.946
106251,25490,7.18,0.6
106253,25562,6.82,0.911
106255,25602,7.75,0.142
106257,25685,6.75,1.061
106259,25710,7.8,1.551
106261,26185,7.38,-0.051
106263,26219,5.76,1.12
106265,26245,6.74,0.502
106267,26292,7.62,0.909
106269,26433,7.19,1.127
106271,26634,2.65,-0.12
106273,26649,5.44,0.913
106275,26660,7.76,1.238
106277,26674,7.68,-0.035
106279,26737,7.84,0.648
106281,26796,6.35,-0.04
106283,26862,6.18,0.023
106285,24018,7.86,1.653
106287,24057,7.87,0.132
106289,24087,7.95,1.549
106291,24178,7.06,0.478
106293,24355,7.5,-0.23
106295,24362,7.16,0.219
106297,24577,6.95,0.991
106299,24578,7.07,0.537
106301,24629,7.47,0.475
106303,24996,7.39,1.351
106305,25183,7.53,0.387
106307,25399,6.86,1.136
106309,22680,7.68,0.192
106311,22865,7.62,-0.018
106313,23183,6.7,1.295
106315,23354,7.94,1.279
106317,23429,7.05,1.271
106319,23446,5.92,1.17
106321,22280,6.35,1.071
106323,22395,7.88,0.676
106325,22457,7.35,1.157
106327,22472,7.98,1.293
106329,35769,7.15,-0.073
106331,35848,5.37,1.539
106333,35870,7.75,0.375
106335,35904,2.45,-0.083
106337,35906,6.79,-0.15
106339,36009,7.93,-0.144
106341,36083,7.42,1.416
106343,36246,7.09,-0.119
106345,36264,6.26,1.513
106347,36520,7.68,0.095
106349,36837,6.64,-0.007
106351,36848,5.78,1.045
106353,36892,7.95,0.951
106355,36932,7.74,-0.078
106357,36934,6.62,0.098
106359,37069,6.89,1.077
106361,37215,7.15,-0.108
106363,34331,6.61,-0.175
106365,34342,7.35,1.58
106367,34391,7.96,1.054
106369,34444,1.83,0.671
106371,34457,7.54,0.577
106373,34507,7.74,-0.162
106375,34601,7.3,-0.174
106377,34624,5.46,0.998
106379,34645,7.91,0.478
106381,34729,7.21,1.139
106383,34757,7.81,0.686
106385,34786,6.92,-0.142
106387,34814,6.59,0.19
106389,34917,7.46,0.177
106391,34924,6.12,-0.234
106393,34981,4.42,-0.17
106395,34983,7.9,-0.149
106397,35037,4.01,-0.15
106399,35044,5.58,1.22
106401,35051,7.38,-0.173
106403,35079,7.64,0.833
106405,35148,7.87,0.591
106407,35166,7.69,-0.064
106409,35205,4.66,1.589
106411,35245,7.67,0.276
106413,35262,7.12,-0.013
106415,35286,7.11,0.06
106417,35323,7.83,0.419
106419,35326,6.45,-0.153
106421,35427,5.29,0.956
106423,35456,7.41,1.27
106425,35578,6.74,0.248
106427,35604,7.88,-0.152
106429,35611,6.0,-0.172
106431,35660,7.0,0.972
106433,32708,7.43,0.966
106435,32782,7.05,-0.183
106437,32842,7.98,0.665
106439,32929,7.68,0.094
106441,32952,7.59,-0.14
106443,33008,7.02,1.552
106445,33040,6.33,1.408
106447,33094,6.05,0.708
106449,33270,7.02,0.518
106451,33492,6.22,-0.147
106453,33532,6.36,-0.186
106455,33579,1.5,-0.211
106457,33611,7.17,-0.175
106459,33671,7.78,0.533
106461,33673,7.23,-0.172
106463,33760,6.28,0.449
106465,33769,7.83,-0.137
106467,33771,7.79,1.289
106469,33817,6.71,0.882
106471,33844,7.75,0.042
106473,33846,6.95,-0.175
106475,33856,3.49,1.729
106477,31271,7.99,0.043
106479,31325,6.82,0.296
106481,31541,7.04,1.017
106483,31621,7.49,0.973
106485,31949,7.19,0.93
106487,32028,7.96,0.064
106489,32175,7.28,-0.004
106491,32185,7.29,0.047
106493,32244,7.46,0.043
106495,32322,6.43,0.55
106497,32408,7.64,-0.115
106499,32444,6.91,0.882
106501,32542,7.84,-0.165
106503,32642,7.83,-0.099
106505,32646,7.38,-0.026
106507,32669,6.83,1.518
106509,32697,6.99,0.254
106511,30174,6.99,0.372
106513,30223,7.72,0.506
106515,30395,6.99,1.068
106517,30503,6.37,0.626
106519,30583,6.89,-0.022
106521,31133,7.47,1.084
106523,28412,7.69,0.927
106525,28635,7.95,1.054
106527,28735,7.8,-0.027
106529,28899,5.79,0.041
106531,29256,7.49,-0.104
106533,29466,7.44,0.5
106535,29546,6.52,-0.105
106537,29619,6.98,-0.013
106539,29671,7.31,0.025
106541,29756,6.67,1.545
106543,27281,7.54,0.553
106545,27705,6.47,1.473
106547,27901,6.34,0.37
106549,28017,7.79,1.579
106551,28021,7.91,0.569
106553,26087,7.96,0.242
106555,26091,6.52,-0.016
106557,26309,6.26,0.151
106559,26453,7.26,0.404
106561,26460,5.28,0.486
106563,26473,7.43,1.216
106565,26528,7.97,0.417
106567,26738,7.02,0.951
106569,24299,7.05,1.561
106571,24306,7.38,1.373
106573,24420,7.41,1.357
106575,24478,7.15,0.267
106577,24496,7.54,1.061
106579,24505,5.06,-0.067
106581,24586,7.97,1.589
106583,24644,7.84,1.554
106585,24831,5.98,-0.022
106587,24961,7.41,0.052
106589,22822,7.76,1.147
106591,23125,7.35,1.612
106593,23176,7.61,0.867
106595,23430,5.01,1.056
106597,23668,5.71,1.166
106599,21653,7.94,0.349
106601,21778,7.74,0.621
106603,22036,6.76,1.497
106605,22046,7.16,0.931
106607,22192,6.18,0.189
106609,22226,7.85,0.393
106611,22233,7.5,1.029
106613,22503,7.26,1.189
106615,22530,7.91,1.113
106617,20953,6.78,1.236
106619,21154,7.42,1.09
106621,21287,6.85,0.407
106623,21466,7.35,0.496
106625,20185,7.85,0.435
106627,36979,7.76,-0.15
106629,36986,6.4,0.968
106631,37089,6.34,0.54
106633,37173,4.69,-0.1
106635,37342,7.61,0.943
106637,37354,7.56,1.622
106639,37382,7.05,1.076
106641,37465,6.16,1.644
106643,37495,6.9,0.277
106645,37632,6.94,0.912
106647,37667,7.87,0.088
106649,37751,5.62,-0.191
106651,37812,7.82,0.31
106653,37880,6.73,-0.149
106655,37896,7.51,-0.118
106657,37906,6.95,0.509
106659,37995,5.9,-0.18
106661,38464,7.57,1.578
106663,35471,7.02,-0.1
106665,35566,7.18,1.012
106667,35609,6.59,-0.137
106669,35747,7.02,1.419
106671,35912,7.27,1.565
106673,35920,6.2,-0.088
106675,36024,5.79,-0.103
106677,36136,7.41,-0.016
106679,36140,6.62,-0.002
106681,36168,5.65,-0.134
106683,36218,7.64,0.161
106685,36236,5.98,-0.088
106687,36256,7.48,0.958
106689,36431,4.85,0.243
106691,36451,7.12,0.21
106693,36707,7.75,-0.17
106695,36721,5.84,0.156
106697,36795,4.44,0.521
106699,36817,5.06,0.468
106701,36868,7.88,-0.073
106703,36961,6.78,1.158
106705,36995,7.62,1.227
106707,37006,7.9,-0.124
106709,37025,6.85,-0.079
106711,37058,7.46,0.222
106713,34318,6.09,1.341
106715,34335,7.31,1.451
106717,34483,7.74,-0.003
106719,34489,6.65,-0.189
106721,34564,7.96,1.364
106723,34579,5.69,-0.158
106725,34798,5.91,-0.17
106727,34879,7.17,0.66
106729,34940,6.34,-0.184
106731,35003,7.77,0.955
106733,35012,7.32,-0.03
106735,35026,7.3,-0.177
106737,35132,6.34,-0.018
106739,35208,7.58,-0.182
106741,35210,4.83,1.601
106743,35213,6.02,0.317
106745,35229,7.03,0.118
106747,35267,7.85,-0.148
106749,35358,6.7,1.207
106751,35373,7.84,1.141
106753,35412,4.88,-0.16
106755,35415,4.37,-0.132
106757,35453,7.47,-0.174
106759,35461,6.82,-0.167
106761,35539,7.9,-0.099
106763,35626,5.87,1.604
106765,33575,5.59,-0.162
106767,33770,7.35,-0.116
106769,33804,5.64,-0.165
106771,34041,6.86,-0.166
106773,34048,7.97,-0.162
106775,21649,7.3,1.039
106777,21743,5.56,0.926
106779,21825,7.34,1.697
106781,21893,6.8,1.579
106783,21940,7.51,0.356
106785,21965,7.12,0.411
106787,22159,7.52,0.443
106789,22360,7.84,0.526
106791,22491,7.91,0.961
106793,22543,7.16,0.106
106795,22683,7.8,0.446
106797,22897,6.71,0.271
106799,20465,5.81,1.507
106801,20478,7.82,0.627
106803,20765,6.11,0.143
106805,20862,7.01,1.103
106807,20909,7.58,0.961
106809,21032,6.83,0.166
106811,21055,7.76,1.453
106813,21133,7.86,0.104
106815,21225,7.26,0.446
106817,21324,6.37,1.137
106819,21354,7.38,0.478
106821,21381,6.69,0.497
106823,21514,7.86,0.015
106825,21522,7.67,-0.087
106827,19666,6.61,1.644
106829,19690,6.78,0.351
106831,19878,6.73,0.078
106833,19881,6.93,0.072
106835,20106,6.09,0.302
106837,20194,6.86,1.443
106839,20347,6.08,0.371
106841,38331,6.59,0.958
106843,38379,7.62,-0.003
106845,38388,6.78,0.42
106847,38591,6.89,1.662
106849,38707,6.84,0.134
106851,38789,6.84,0.038
106853,38897,7.74,1.037
106855,38923,7.28,2.015
106857,39050,7.49,0.008
106859,39095,4.61,0.087
106861,36808,6.93,-0.17
106863,36966,7.7,0.378
106865,36990,7.97,1.032
106867,37036,5.69,-0.165
106869,37065,6.69,0.976
106871,37244,7.27,0.307
106873,37261,6.72,-0.073
106875,37364,5.92,1.158
106877,37546,7.36,0.451
106879,37603,6.82,1.098
106881,37652,8.0,-0.002
106883,37892,7.58,1.486
106885,37954,7.34,-0.4
106887,38038,7.99,-0.1
106889,38056,7.61,0.157
106891,38108,7.31,1.173
106893,38121,7.39,1.348
106895,38197,7.98,-0.132
106897,38209,6.49,1.234
106899,38216,6.54,0.579
106901,38217,7.9,1.745
106903,38246,6.11,1.265
106905,38375,5.62,0.956
106907,35997,6.8,0.117
106909,36017,6.04,0.227
106911,36098,7.88,0.395
106913,36101,7.18,0.105
106915,36223,7.55,0.757
106917,36329,7.28,1.382
106919,36397,7.82,-0.087
106921,36404,7.77,-0.088
106923,36452,6.72,1.491
106925,36486,7.37,0.091
106927,36586,7.52,1.529
106929,36652,7.34,0.411
106931,36732,5.64,1.121
106933,36847,7.48,0.057
106935,20761,7.0,0.551
106937,20836,6.75,0.505
106939,20892,5.95,1.215
106941,21054,7.71,0.219
106943,21147,6.76,1.519
106945,21367,7.65,1.011
106947,19446,7.02,0.949
106949,19452,7.16,1.147
106951,19571,5.8,0.165
106953,19879,7.05,0.963
106955,20075,6.0,1.597
106957,20206,7.99,0.448
106959,20256,7.98,1.02
106961,20264,5.38,-0.027
106963,20283,7.12,0.858
106965,20313,7.46,1.213
106967,20375,7.53,0.569
106969,18483,7.99,1.238
106971,18678,7.12,0.508
106973,18809,7.65,0.42
106975,18813,7.83,0.541
106977,18853,7.91,0.546
106979,18882,7.97,1.256
106981,18917,7.63,0.933
106983,18926,6.47,-0.178
106985,18942,7.01,1.227
106987,19001,7.71,0.042
106989,19037,6.12,1.157
106991,19066,7.82,1.393
106993,19111,6.34,0.918
106995,19149,7.63,1.2
106997,19202,6.65,0.24
106999,39688,7.74,0.767
107001,39928,7.32,-0.114
107003,38185,7.8,1.47
107005,38211,5.17,1.282
107007,38427,5.69,0.368
107009,38453,7.66,-0.02
107011,38718,7.0,0.895
107013,38808,7.16,1.307
107015,38817,7.23,0.562
107017,38862,8.0,0.63
107019,39003,7.66,1.572
107021,39115,7.02,0.98
107023,39136,7.7,1.518
107025,39155,7.46,1.075
107027,39156,7.65,1.03
107029,39187,7.42,0.305
107031,39245,7.45,0.983
107033,39513,6.54,1.576
107035,36901,7.29,0.595
107037,37155,7.32,0.986
107039,37289,6.4,1.47
107041,37313,7.6,0.127
107043,37321,7.38,1.755
107045,37379,4.98,1.543
107047,37439,8.0,-0.061
107049,37542,7.11,1.046
107051,37608,6.53,0.813
107053,37725,7.73,0.003
107055,37772,7.78,1.171
107057,37782,7.9,0.47
107059,37842,7.03,0.345
107061,37843,6.06,0.11
107063,37891,5.03,0.342
107065,38031,6.31,1.791
107067,38037,6.38,1.697
107069,19601,6.41,0.968
107071,19752,7.19,1.694
107073,19820,6.94,0.78
107075,19856,6.87,-0.127
107077,19913,7.47,0.935
107079,20069,6.86,0.952
107081,20114,7.54,1.29
107083,20134,7.37,0.187
107085,20210,7.52,1.51
107087,20229,6.8,-0.03
107089,20269,6.97,1.682
107091,18306,7.95,0.287
107093,18381,7.72,0.42
107095,18665,7.49,1.462
107097,18990,6.36,1.266
107099,19174,6.6,1.429
107101,19204,7.82,0.465
107103,19375,7.99,0.448
107105,19378,7.46,1.088
107107,19398,5.45,-0.147
107109,19414,7.96,0.954
107111,19489,7.66,0.367
107113,19562,7.01,1.488
107115,18126,7.67,1.08
107117,18192,6.93,1.568
107119,18318,7.11,1.71
107121,39598,7.48,0.031
107123,39804,7.27,0.541
107125,39898,6.31,0.011
107127,40035,5.53,0.488
107129,40084,4.72,0.939
107131,40100,7.68,0.965
107133,40237,7.65,0.17
107135,37951,6.39,-0.004
107137,38048,5.48,0.478
107139,38103,7.76,1.588
107141,38150,6.73,0.286
107143,38174,7.9,0.087
107145,38184,6.23,-0.078
107147,38206,6.34,1.66
107149,38307,6.16,1.128
107151,38350,7.74,1.055
107153,38372,6.37,0.384
107155,38382,5.16,0.6
107157,38392,7.71,0.721
107159,38436,6.61,1.084
107161,38493,7.54,1.154
107163,38502,7.52,1.73
107165,38691,7.34,-0.116
107167,38724,7.26,0.406
107169,38748,6.57,0.964
107171,38826,7.17,1.085
107173,39081,7.66,-0.055
107175,39197,7.34,0.267
107177,18428,6.37,1.585
107179,18543,2.97,1.588
107181,18647,5.61,1.479
107183,18686,7.83,1.17
107185,19011,5.62,1.062
107187,19438,7.73,-0.002
107189,19506,7.76,1.164
107191,19523,7.72,1.192
107193,19608,7.93,0.143
107195,19614,8.0,0.93
107197,19711,7.95,1.249
107199,17593,4.43,1.604
107201,17672,7.99,0.811
107203,17787,7.59,1.135
107205,17977,7.74,0.553
107207,18083,7.32,1.626
107209,18223,7.94,1.326
107211,18233,7.77,0.246
107213,18236,7.33,1.04
107215,18339,5.99,0.323
107217,18440,6.56,0.498
107219,40694,7.59,0.244
107221,40763,6.91,1.652
107223,39264,7.28,0.677
107225,39288,7.14,0.215
107227,39425,7.43,0.508
107229,39482,7.7,1.065
107231,39595,6.97,-0.018
107233,39673,7.93,-0.03
107235,39675,6.25,-0.006
107237,40025,7.65,1.628
107239,40107,5.36,0.892
107241,40221,7.93,0.901
107243,40542,7.63,1.451
107245,40548,7.07,0.007
107247,38161,7.42,0.019
107249,38356,6.83,0.084
107251,38393,7.3,0.266
107253,38713,7.33,0.428
107255,38764,7.87,-0.032
107257,38790,7.99,0.123
107259,38878,7.67,-0.075
107261,19084,7.83,1.018
107263,19116,7.03,1.555
107265,19121,6.27,0.063
107267,19152,7.53,1.269
107269,19206,6.88,0.576
107271,19226,6.77,1.177
107273,19354,7.15,0.027
107275,17378,3.52,0.915
107277,17395,5.59,0.216
107279,17406,7.2,1.097
107281,17417,7.64,0.963
107283,17478,7.95,0.598
107285,17582,7.92,0.903
107287,17601,6.87,1.142
107289,18185,7.6,1.126
107291,18186,7.89,0.999
107293,18277,7.06,0.365
107295,18403,7.5,1.168
107297,18455,6.18,0.269
107299,18522,7.93,1.096
107301,40613,7.74,0.584
107303,40765,7.43,0.598
107305,40859,6.12,1.329
107307,40907,7.38,0.147
107309,39152,7.27,0.523
107311,39198,6.45,0.838
107313,39326,6.34,0.615
107315,39362,6.89,1.047
107317,39483,7.61,-0.124
107319,39541,7.34,1.693
107321,39714,7.62,1.018
107323,39927,7.53,1.64
107325,39997,7.74,1.659
107327,40057,6.71,1.081
107329,40110,7.89,0.541
107331,40281,7.49,1.004
107333,40358,7.62,1.34
107335,40592,7.73,0.396
107337,38743,7.91,1.207
107339,39017,6.98,0.297
107341,39079,4.93,1.205
107343,18977,7.84,0.324
107345,18985,7.28,1.626
107347,19022,8.0,-0.016
107349,17344,7.71,0.006
107351,17731,7.42,1.218
107353,17801,7.64,0.773
107355,17821,7.02,1.453
107357,17952,7.53,1.109
107359,17957,7.75,1.22
107361,18102,7.73,0.533
107363,18122,6.74,0.399
107365,18141,5.48,-0.09
107367,18164,7.51,0.41
107369,18169,6.56,-0.088
107371,18276,7.97,0.994
107373,18334,7.74,0.386
107375,18388,7.06,0.5
107377,18588,7.07,1.061
107379,18606,5.85,1.001
107381,17027,5.97,0.921
107383,17101,6.96,0.13
107385,17167,5.53,-0.145
107387,40649,7.46,0.855
107389,40797,7.84,1.008
107391,40858,6.18,0.607
107393,40941,6.52,0.023
107395,41001,7.78,0.969
107397,41043,7.88,0.198
107399,39172,6.41,-0.087
107401,39211,4.69,1.475
107403,39354,7.69,0.459
107405,39556,6.98,0.011
107407,39625,6.4,1.058
107409,39672,7.32,0.926
107411,39701,7.89,1.058
107413,39769,6.86,1.595
107415,39795,7.73,0.082
107417,39863,4.36,0.97
107419,39930,7.85,0.076
107421,39931,7.52,-0.014
107423,40080,7.82,0.132
107425,40263,6.48,0.918
107427,40523,7.16,0.583
107429,40581,6.72,-0.061
107431,38885,7.16,0.005
107433,39104,7.7,1.122
107435,18788,5.28,-0.133
107437,18837,7.73,0.473
107439,18859,5.38,0.516
107441,18863,6.93,0.031
107443,18992,7.94,0.473
107445,17383,7.14,1.086
107447,17396,7.29,1.553
107449,17457,5.24,-0.088
107451,17506,5.56,1.411
107453,17744,6.98,0.256
107455,17856,6.55,1.004
107457,17895,7.22,0.587
107459,17950,6.47,0.435
107461,18104,6.77,0.005
107463,18109,6.82,0.22
107465,18255,4.46,0.672
107467,18583,7.66,0.71
107469,17017,7.34,0.337
107471,17086,6.22,1.041
107473,17097,7.47,1.15
107475,17120,6.12,0.994
107477,17132,7.28,1.105
107479,17147,6.68,0.554
107481,17183,6.96,0.954
107483,40624,7.57,1.271
107485,40627,7.99,0.1
107487,40635,7.67,1.145
107489,40893,7.42,0.44
107491,40938,7.24,0.397
107493,41012,6.79,1.469
107495,39141,7.94,0.262
107497,39302,6.79,1.552
107499,39311,4.39,1.252
107501,39458,7.86,-0.073
107503,39500,7.55,1.407
107505,39621,6.82,0.008
107507,39622,7.67,0.937
107509,39655,7.32,1.564
107511,39868,7.33,-0.046
107513,39884,7.47,1.615
107515,39937,7.59,-0.01
107517,39986,7.72,0.245
107519,40036,6.94,0.992
107521,40169,7.94,0.47
107523,40376,7.48,0.187
107525,40450,7.5,0.046
107527,40469,7.27,-0.012
107529,38855,7.83,-0.18
107531,38870,6.35,0.507
107533,38962,5.3,0.933
107535,38972,6.65,0.157
107537,18921,7.15,0.261
107539,18922,7.08,1.667
107541,18993,5.36,0.505
107543,17473,7.91,1.705
107545,17519,6.65,0.487
107547,17556,7.71,1.603
107549,17578,7.4,1.606
107551,17805,5.91,1.224
107553,17988,6.6,0.398
107555,18022,7.67,0.993
107557,18147,7.69,1.126
107559,18190,6.72,-0.05
107561,18261,7.97,0.631
107563,18292,6.8,0.975
107565,18454,7.02,1.183
107567,18560,7.59,1.637
107569,18660,7.27,0.109
107571,16913,7.37,1.414
107573,16926,7.18,0.986
107575,17003,7.84,0.148
107577,17018,7.22,0.04
107579,17103,5.55,0.931
107581,40658,6.99,1.339
107583,40818,6.04,0.964
107585,39213,5.65,0.013
107587,39280,7.14,1.259
107589,39325,7.61,0.709
107591,39453,7.79,0.335
107593,39540,7.85,-0.248
107595,39544,7.74,-0.084
107597,39591,7.23,0.031
107599,39848,7.58,1.118
107601,39954,7.76,0.441
107603,40117,7.74,1.059
107605,40136,7.75,0.589
107607,40217,7.26,-0.001
107609,40308,7.65,-0.016
107611,40597,6.53,0.631
107613,40626,7.39,1.489
107615,38676,8.0,0.223
107617,38750,7.86,0.626
107619,38793,7.72,0.14
107621,38794,6.16,0.957
107623,38807,7.72,1.671
107625,38884,7.22,0.983
107627,38946,7.2,1.024
107629,38987,6.95,-0.071
107631,39037,7.23,0.945
107633,39075,7.76,1.578
107635,18850,6.91,0.029
107637,18907,3.91,0.032
107639,18957,5.32,-0.08
107641,18983,8.0,0.057
107643,17563,5.34,-0.099
107645,17595,5.91,0.992
107647,17752,7.87,1.083
107649,17936,7.72,0.684
107651,18089,5.66,0.046
107653,18265,7.44,0.409
107655,18449,7.85,0.352
107657,18481,6.09,0.058
107659,18528,7.82,0.504
107661,18650,7.97,0.332
107663,17155,6.61,1.306
107665,39271,6.22,0.57
107667,39398,7.48,1.574
107669,39490,7.85,0.944
107671,39506,7.26,0.632
107673,39558,7.28,0.899
107675,39590,7.93,0.847
107677,39697,7.99,-0.024
107679,39719,6.81,0.932
107681,39733,7.66,0.37
107683,39904,7.72,0.398
107685,40012,6.8,0.844
107687,40085,6.08,-0.104
107689,40222,7.79,0.251
107691,40284,7.32,0.792
107693,40312,7.73,0.046
107695,40372,7.32,1.021
107697,40512,7.67,1.354
107699,40526,3.53,1.481
107701,40545,7.6,0.498
107703,40617,6.28,0.98
107705,40628,7.29,1.553
107707,40691,7.1,-0.15
107709,38153,7.68,1.068
107711,38263,7.94,0.885
107713,38273,7.92,0.401
107715,38547,7.96,1.087
107717,38682,6.81,1.143
107719,38708,7.87,-0.008
107721,38712,5.86,0.369
107723,38734,7.03,-0.029
107725,38829,7.83,0.211
107727,38868,6.03,1.0
107729,38945,6.42,-0.031
107731,39000,7.37,1.103
107733,39058,7.87,0.486
107735,39096,7.98,0.657
107737,39134,7.21,0.238
107739,39212,7.52,0.619
107741,18658,6.35,0.417
107743,18805,5.67,0.005
107745,18887,7.36,0.353
107747,18893,6.91,0.466
107749,18911,6.65,1.064
107751,18975,5.45,0.371
107753,19103,6.72,1.034
107755,19147,7.76,0.462
107757,19200,7.94,1.352
107759,19217,7.97,0.48
107761,19348,6.79,1.697
107763,19384,7.51,1.061
107765,17312,7.71,1.117
107767,17337,7.05,0.273
107769,17348,7.74,-0.2
107771,17591,7.59,1.059
107773,17658,7.98,0.228
107775,17670,7.12,1.204
107777,17778,7.93,0.765
107779,17779,7.4,1.107
107781,17792,6.68,1.2
107783,17899,7.52,0.921
107785,17907,6.77,-0.026
107787,17908,7.8,1.31
107789,18174,7.47,0.515
107791,18297,7.42,0.069
107793,18555,7.75,0.546
107795,17142,7.45,0.309
107797,39418,6.74,0.571
107799,39477,6.72,0.963
107801,39495,7.82,0.845
107803,39507,7.75,0.324
107805,39550,7.82,1.191
107807,39567,5.14,0.018
107809,39601,6.79,1.272
107811,39809,7.75,1.14
107813,39839,7.18,1.357
107815,39874,6.25,0.48
107817,39978,7.8,0.868
107819,40123,7.85,0.307
107821,40134,7.28,0.844
107823,40177,6.53,0.155
107825,40197,7.65,1.47
107827,40214,7.26,-0.063
107829,40280,7.17,0.539
107831,40452,7.72,0.731
107833,38147,6.07,1.367
107835,38196,6.42,0.984
107837,38202,7.8,1.023
107839,38207,7.09,1.238
107841,38208,7.62,1.017
107843,38360,7.99,1.434
107845,38597,7.95,0.966
107847,38598,7.2,1.034
107849,38669,6.97,0.992
107851,38730,7.96,0.786
107853,38786,7.82,0.014
107855,38802,7.9,0.081
107857,38810,7.81,1.592
107859,38843,7.73,-0.002
107861,38874,7.55,1.18
107863,38954,7.48,1.049
107865,39067,6.05,1.325
107867,39140,7.9,0.058
107869,39164,6.59,1.071
107871,39183,6.79,-0.065
107873,39343,7.55,1.032
107875,39412,7.89,1.075
107877,39427,7.62,1.13
107879,37521,5.55,1.642
107881,37708,7.3,1.581
107883,19736,6.25,1.143
107885,19767,6.74,0.677
107887,18581,7.24,1.696
107889,18634,6.77,1.178
107891,18718,7.31,1.42
107893,18724,3.41,-0.099
107895,19003,7.45,1.913
107897,19085,7.3,1.22
107899,19157,7.3,0.496
107901,19223,7.7,0.092
107903,19229,7.87,0.31
107905,19376,5.94,0.052
107907,19460,7.71,1.23
107909,17771,5.08,-0.125
107911,17873,7.64,0.729
107913,18033,6.3,-0.058
107915,18158,7.92,1.058
107917,18274,7.55,1.107
107919,39650,7.58,0.493
107921,39999,7.59,0.523
107923,40058,6.22,0.01
107925,38218,7.78,1.135
107927,38276,7.29,0.42
107929,38284,7.98,1.054
107931,38503,7.97,0.061
107933,38524,7.9,0.873
107935,38533,7.42,1.11
107937,38578,7.24,0.167
107939,38648,7.31,1.46
107941,38661,7.93,1.075
107943,38848,5.8,1.285
107945,38975,6.05,1.468
107947,39046,7.5,0.541
107949,39052,7.98,1.133
107951,39177,5.6,1.317
107953,39236,5.99,-0.024
107955,39351,7.81,1.26
107957,39358,7.3,0.308
107959,39416,7.43,1.183
107961,39434,7.8,1.024
107963,39587,7.89,1.59
107965,36921,7.88,1.01
107967,37009,7.74,0.191
107969,37074,6.94,-0.214
107971,37300,5.04,1.616
107973,37499,7.79,1.395
107975,37685,7.27,0.296
107977,37797,7.87,-0.01
107979,37911,7.55,1.44
107981,38135,6.91,1.16
107983,20780,6.94,0.021
107985,19641,6.09,1.081
107987,19877,6.31,0.4
107989,19960,6.57,1.101
107991,20205,3.65,0.981
107993,20215,6.85,0.509
107995,20441,7.86,0.677
107997,20455,3.77,0.983
107999,20484,5.64,0.31
108001,20542,4.8,0.154
108003,20567,6.96,0.45
108005,20577,7.79,0.599
108007,20648,4.3,0.049
108009,18267,6.81,0.719
108011,18354,7.69,1.032
108013,18717,6.31,0.056
108015,18730,7.65,0.97
108017,18735,5.89,0.319
108019,19036,6.64,1.118
108021,19148,7.85,0.593
108023,19261,6.02,0.397
108025,19281,7.6,0.102
108027,19284,5.89,1.497
108029,19358,7.64,0.156
108031,19519,7.18,0.148
108033,19529,6.97,0.344
108035,19548,7.73,0.207
108037,38394,6.03,1.125
108039,38601,6.84,1.663
108041,38657,7.76,0.95
108043,38722,5.38,-0.035
108045,38856,7.09,0.92
108047,39158,7.1,-0.006
108049,39169,7.09,0.965
108051,39180,6.3,1.109
108053,37072,6.73,1.269
108055,37107,6.85,0.339
108057,37278,7.27,0.412
108059,37442,7.87,1.17
108061,37540,7.9,1.15
108063,37722,7.35,0.685
108065,37811,6.53,0.007
108067,37908,4.89,1.425
108069,37909,7.41,0.384
108071,38046,7.82,1.419
108073,38092,6.7,0.927
108075,38163,7.71,0.915
108077,35550,3.5,0.374
108079,35909,7.28,0.092
108081,36035,6.92,0.332
108083,36152,6.54,0.464
108085,36156,5.94,0.336
108087,36238,5.2,0.455
108089,36307,7.15,0.929
108091,36411,6.73,1.28
108093,36468,7.56,0.139
108095,36481,7.07,0.604
108097,36506,7.23,0.162
108099,36660,7.91,0.446
108101,36663,6.81,0.979
108103,20712,7.36,0.557
108105,20769,7.69,0.586
108107,20774,7.46,0.317
108109,20842,5.72,0.27
108111,20889,3.53,1.014
108113,20897,7.74,0.12
108115,21008,7.09,0.47
108117,21158,7.08,0.641
108119,21436,7.58,0.685
108121,19504,6.61,0.427
108123,19669,7.79,0.456
108125,19870,7.83,0.705
108127,19975,7.12,0.444
108129,19990,4.93,0.259
108131,20018,7.61,1.288
108133,20056,7.53,0.681
108135,20087,5.64,0.277
108137,20171,5.5,-0.069
108139,20175,7.87,0.206
108141,20186,5.34,-0.107
108143,20237,7.46,0.56
108145,20255,6.11,0.404
108147,20349,6.79,0.434
108149,20350,6.8,0.441
108151,20417,5.91,1.66
108153,20493,6.0,0.029
108155,20557,7.13,0.518
108157,20600,7.35,0.364
108159,20614,5.97,0.378
108161,18762,6.76,1.055
108163,19076,5.9,0.62
108165,19163,7.89,1.71
108167,19175,7.48,0.379
108169,19308,7.69,0.5
108171,19388,5.51,1.077
108173,38495,7.05,1.018
108175,37121,6.96,1.052
108177,37165,6.37,0.337
108179,37269,6.18,0.028
108181,37428,5.93,1.561
108183,37434,7.24,0.556
108185,37476,7.57,0.163
108187,37522,7.44,1.278
108189,37579,7.13,0.416
108191,37636,6.25,0.93
108193,37691,7.06,0.27
108195,37740,3.57,0.932
108197,37747,7.38,1.544
108199,37799,7.53,1.134
108201,37914,7.69,-0.098
108203,37988,7.52,0.993
108205,38106,6.18,0.571
108207,38247,7.82,1.373
108209,35481,7.76,1.04
108211,35842,6.17,0.006
108213,35846,5.04,0.902
108215,36232,6.78,1.68
108217,36279,7.91,1.084
108219,36326,7.61,0.454
108221,36386,7.72,1.458
108223,36603,7.64,1.05
108225,36690,6.54,0.998
108227,36874,7.37,0.642
108229,36883,7.65,1.631
108231,36887,7.97,0.485
108233,36898,7.26,0.795
108235,34266,6.89,1.47
108237,34351,6.73,1.643
108239,34567,7.09,0.7
108241,34582,7.77,0.338
108243,34640,7.94,0.506
108245,34704,7.97,1.603
108247,34819,5.85,0.397
108249,34861,7.05,-0.012
108251,34995,6.88,-0.002
108253,35025,5.84,1.554
108255,35099,7.89,0.906
108257,35224,7.32,0.08
108259,35435,7.98,0.403
108261,33650,6.4,-0.111
108263,33893,7.05,0.14
108265,33921,7.37,0.273
108267,34021,7.88,0.968
108269,22949,6.33,0.351
108271,23088,5.79,0.018
108273,23204,7.29,0.803
108275,21689,6.21,0.176
108277,21863,7.19,0.484
108279,21881,4.27,-0.112
108281,21961,6.18,0.544
108283,22013,6.91,0.014
108285,22128,6.34,0.058
108287,22729,7.64,0.664
108289,22747,7.14,0.249
108291,20430,5.38,-0.041
108293,20491,7.18,0.462
108295,20533,6.34,0.173
108297,20580,7.95,0.406
108299,20626,7.86,0.448
108301,20635,4.21,0.136
108303,20641,5.27,0.25
108305,20711,4.28,0.263
108307,20789,5.53,-0.098
108309,21013,7.18,0.39
108311,21094,7.07,1.703
108313,21120,7.51,0.2
108315,21174,7.44,0.16
108317,21246,7.79,0.32
108319,21341,6.78,0.482
108321,21459,6.01,0.38
108323,21532,7.51,1.36
108325,21637,7.51,0.576
108327,19363,6.87,0.306
108329,19634,7.16,1.014
108331,19662,7.7,1.541
108333,19672,6.14,0.171
108335,19785,6.77,1.133
108337,19789,7.05,0.424
108339,19853,7.9,1.894
108341,20071,7.56,0.549
108343,20139,7.86,0.982
108345,20226,7.19,1.113
108347,20258,7.79,0.176
108349,20513,7.03,1.826
108351,19075,7.94,0.726
108353,35664,7.53,0.786
108355,35891,7.71,1.32
108357,35941,5.77,0.368
108359,36046,3.78,1.024
108361,36243,7.34,0.925
108363,36262,7.34,0.135
108365,36325,6.36,1.223
108367,36393,5.07,0.12
108369,36429,5.01,1.117
108371,36509,7.11,0.465
108373,36647,7.17,1.111
108375,36962,4.06,1.54
108377,34264,7.68,0.31
108379,34367,6.47,-0.081
108381,34576,7.62,1.165
108383,34722,5.75,0.13
108385,34735,6.7,1.064
108387,34830,7.36,0.908
108389,34860,6.46,0.502
108391,34943,6.99,0.007
108393,35152,5.75,1.605
108395,35162,7.47,-0.074
108397,35253,6.38,0.883
108399,35273,7.28,1.15
108401,35333,7.61,0.997
108403,35443,7.47,0.977
108405,35494,6.96,0.97
108407,35565,7.16,0.113
108409,32689,6.66,0.139
108411,32959,7.96,0.272
108413,33098,7.93,1.196
108415,33194,7.68,0.01
108417,33219,7.95,0.016
108419,33331,7.21,-0.071
108421,33595,6.2,0.52
108423,33701,7.18,1.53
108425,33712,7.47,0.94
108427,33808,7.69,1.094
108429,33815,7.62,0.933
108431,34017,5.93,0.595
108433,31287,7.52,1.23
108435,31434,5.26,-0.008
108437,31737,5.76,-0.001
108439,31852,6.02,-0.087
108441,32014,7.05,1.207
108443,32019,6.45,1.09
108445,32120,7.46,-0.011
108447,32311,5.42,1.445
108449,32389,6.7,1.339
108451,29793,7.41,0.411
108453,29902,7.73,-0.011
108455,29975,6.86,0.008
108457,30188,7.02,0.375
108459,30200,6.41,0.048
108461,30273,7.01,-0.015
108463,30348,7.63,0.06
108465,30518,6.7,-0.055
108467,30738,7.84,0.596
108469,30779,7.55,1.602
108471,30943,7.54,-0.039
108473,31001,6.85,0.168
108475,28469,7.5,0.368
108477,28904,7.48,0.306
108479,28922,7.49,1.24
108481,28930,6.01,1.73
108483,29224,7.83,0.485
108485,29352,7.79,-0.076
108487,29435,7.38,1.166
108489,29696,4.32,1.021
108491,27088,7.93,0.192
108493,27172,7.42,0.644
108495,27312,7.89,0.103
108497,27336,7.21,0.545
108499,27492,7.85,0.528
108501,27726,7.96,1.533
108503,27798,7.88,1.001
108505,28270,7.97,0.227
108507,28309,7.1,0.164
108509,25500,7.48,2.23
108511,25730,6.2,0.476
108513,25763,7.36,0.55
108515,25764,7.11,0.85
108517,25948,7.94,0.438
108519,26606,5.98,0.144
108521,26711,7.03,1.122
108523,26781,6.4,-0.081
108525,26783,7.17,-0.049
108527,26969,6.62,1.075
108529,24160,7.11,-0.034
108531,24193,6.42,1.752
108533,24642,6.76,0.765
108535,24735,7.28,0.308
108537,24984,6.35,0.039
108539,25001,5.66,0.06
108541,25158,7.95,1.331
108543,25160,7.56,0.297
108545,25192,6.45,-0.04
108547,25428,1.65,-0.13
108549,22903,7.33,1.281
108551,23143,7.73,0.16
108553,23228,6.95,0.148
108555,23349,7.45,0.1
108557,23395,6.79,0.506
108559,23614,6.62,0.238
108561,23633,7.51,0.203
108563,23712,6.6,0.113
108565,23814,7.64,0.852
108567,23884,7.6,0.664
108569,23933,6.96,0.537
108571,24016,6.67,0.526
108573,24019,5.93,0.311
108575,24046,6.97,0.505
108577,21510,7.45,0.193
108579,21619,6.56,0.344
108581,21760,6.8,0.393
108583,21819,5.73,0.018
108585,21988,8.0,0.907
108587,22138,7.01,0.994
108589,22172,7.72,0.289
108591,22309,6.89,0.461
108593,22313,7.89,1.355
108595,22314,7.41,0.03
108597,22400,7.17,1.779
108599,22402,7.26,0.065
108601,22527,7.53,0.355
108603,22578,7.66,2.3
108605,22697,5.97,0.368
108607,22706,7.49,1.419
108609,20864,7.8,0.51
108611,20933,6.53,-0.016
108613,21010,6.51,0.722
108615,21323,5.88,-0.048
108617,34521,7.84,0.629
108619,34531,7.28,1.079
108621,34693,4.41,1.261
108623,34733,7.18,0.397
108625,33134,7.77,1.077
108627,33150,6.95,0.002
108629,33706,7.59,1.345
108631,33823,6.55,0.27
108633,33945,7.8,1.591
108635,34160,7.29,0.904
108637,34229,6.64,1.638
108639,31414,7.03,1.182
108641,31485,7.75,-0.06
108643,31519,7.33,0.138
108645,31520,6.9,1.626
108647,31585,7.37,1.052
108649,31716,7.34,0.117
108651,31796,7.12,0.374
108653,31816,7.64,0.11
108655,31954,7.93,1.227
108657,31960,7.74,0.065
108659,32051,7.71,0.7
108661,32143,6.74,1.47
108663,32162,7.68,0.086
108665,32299,7.89,0.563
108667,32353,7.27,0.312
108669,32415,7.6,0.624
108671,32566,7.96,1.331
108673,32568,7.98,0.627
108675,32740,5.72,1.298
108677,29878,7.66,0.483
108679,29911,7.5,0.422
108681,30029,7.85,0.374
108683,30540,6.97,1.322
108685,30741,6.43,1.264
108687,30747,6.95,1.192
108689,30827,5.75,0.779
108691,31054,7.43,1.631
108693,31104,7.15,-0.065
108695,31173,5.82,0.188
108697,31290,6.53,0.057
108699,28429,6.84,0.186
108701,28517,6.18,0.095
108703,28575,7.83,1.1
108705,28626,6.79,0.432
108707,28644,6.23,0.456
108709,28683,7.08,0.403
108711,28698,7.6,1.118
108713,28861,6.23,-0.079
108715,28890,7.62,1.165
108717,28919,7.17,0.022
108719,29072,7.8,-0.02
108721,29125,7.79,1.072
108723,29273,7.74,1.074
108725,29302,7.67,0.039
108727,29451,5.78,1.646
108729,29581,6.59,1.661
108731,29760,7.87,0.188
108733,29790,6.91,-0.039
108735,26931,6.91,0.444
108737,27051,7.76,0.207
108739,27077,7.35,0.87
108741,27123,6.78,0.436
108743,27164,6.5,1.1
108745,27404,6.97,1.465
108747,27494,7.51,0.935
108749,27538,6.87,0.204
108751,27661,6.28,1.752
108753,27778,6.04,1.579
108755,27973,5.9,0.144
108757,28157,7.7,1.619
108759,28212,7.45,0.548
108761,25363,6.66,0.651
108763,25475,6.18,1.152
108765,25492,5.69,0.175
108767,25558,7.49,0.06
108769,25580,6.41,0.51
108771,25696,7.06,0.495
108773,25787,7.46,1.057
108775,25794,7.9,0.066
108777,25801,7.54,1.77
108779,25984,4.71,0.281
108781,26034,6.62,-0.031
108783,26054,6.5,0.094
108785,26077,6.54,1.58
108787,26326,7.99,0.557
108789,26463,6.36,1.306
108791,26536,5.4,0.45
108793,26538,7.98,0.94
108795,26544,7.94,0.47
108797,26601,7.67,0.114
108799,26611,7.63,0.057
108801,26712,6.04,0.037
108803,26718,6.23,2.088
108805,26744,6.74,0.491
108807,26774,6.93,1.069
108809,24065,7.76,0.539
108811,24100,6.71,1.594
108813,24133,7.61,0.718
108815,24172,6.62,1.165
108817,24232,7.64,0.461
108819,24413,7.16,0.311
108821,24447,6.63,1.007
108823,24502,7.94,0.41
108825,24504,5.01,0.222
108827,24540,7.6,0.249
108829,24662,7.54,1.958
108831,24727,4.54,1.252
108833,24740,6.15,-0.043
108835,24799,5.38,-0.167
108837,24832,6.49,0.256
108839,24877,7.0,0.579
108841,24879,5.05,0.287
108843,25290,6.3,1.251
108845,25291,5.94,0.034
108847,22633,6.71,0.875
108849,22894,7.42,0.32
108851,22910,7.03,0.132
108853,23187,7.61,0.543
108855,23400,7.71,0.15
108857,23583,6.14,1.208
108859,23611,6.59,0.277
108861,23850,7.45,1.375
108863,22393,5.57,1.132
108865,22523,7.59,1.552
108867,29882,6.68,0.451
108869,30002,6.62,0.97
108871,30056,7.92,-0.027
108873,30270,7.64,0.573
108875,30499,7.87,0.427
108877,30818,7.72,0.175
108879,30850,7.16,0.088
108881,28448,6.76,0.948
108883,28725,7.93,1.673
108885,28908,6.12,0.6
108887,28997,7.22,1.219
108889,29308,7.79,-0.008
108891,27296,7.07,-0.05
108893,27380,6.55,0.742
108895,27775,7.46,0.406
108897,27791,7.72,0.588
108899,28151,7.53,1.303
108901,25471,5.92,0.138
108903,25541,5.08,1.4
108905,25624,6.56,0.983
108907,25906,7.8,0.192
108909,26071,6.27,0.17
108911,26699,7.72,1.048
108913,24962,7.35,1.57
108915,32685,7.23,1.12
108917,31201,6.89,0.547
108919,31284,7.2,0.016
108921,31486,7.92,0.8
108923,31540,7.63,0.714
108925,31554,7.95,1.082
108927,31557,7.46,1.266
108929,29855,6.87,0.924
108931,30066,7.3,1.45
108933,30263,7.88,-0.127
108935,30288,7.84,1.358
108937,30390,7.17,1.669
108939,30461,6.68,0.948
108941,30478,7.98,0.53
108943,30657,7.69,1.644
108945,30786,7.8,-0.039
108947,30903,7.89,1.633
108949,31037,5.92,-0.156
108951,28578,7.37,1.143
108953,28591,7.18,0.423
108955,28675,5.03,1.335
108957,28786,7.89,1.032
108959,28793,7.48,-0.033
108961,28852,7.58,0.451
108963,29233,6.27,1.01
108965,29294,5.72,1.072
108967,29347,6.08,-0.021
108969,29370,7.4,0.101
108971,29389,7.66,0.43
108973,29398,7.75,1.237
108975,29437,7.28,1.297
108977,29480,7.39,0.977
108979,29482,7.91,0.993
108981,29507,7.28,0.025
108983,27052,7.79,0.219
108985,27169,7.77,1.612
108987,27303,6.22,-0.132
108989,27330,7.16,0.513
108991,27748,7.84,-0.007
108993,27935,6.85,0.204
108995,26412,6.15,0.322
108997,26457,7.52,0.36
108999,26495,6.53,1.574
109001,26775,7.54,0.486
109003,26873,7.84,0.242
109005,26976,7.93,1.075
109007,24430,6.93,1.104
109009,25180,6.49,0.505
109011,25517,7.23,0.237
109013,34142,6.09,1.225
109015,34360,5.75,-0.117
109017,34914,5.99,1.481
109019,32528,8.0,1.688
109021,32662,7.53,0.484
109023,32729,7.14,0.066
109025,32744,6.31,0.054
109027,32827,6.32,-0.183
109029,32937,7.57,-0.008
109031,32961,7.58,0.976
109033,33019,7.85,-0.097
109035,33062,7.71,-0.2
109037,33081,6.52,0.091
109039,33126,6.23,0.016
109041,33130,7.57,1.345
109043,33152,3.89,1.74
109045,33165,6.65,-0.056
109047,33176,7.89,1.236
109049,33294,6.78,-0.174
109051,33316,5.29,-0.163
109053,33323,7.18,0.439
109055,33380,7.35,1.285
109057,33447,6.64,-0.187
109059,33478,5.45,0.39
109061,33480,7.34,0.653
109063,33574,6.73,0.031
109065,33721,6.53,-0.173
109067,33734,7.27,1.55
109069,33784,7.52,0.205
109071,33853,6.73,1.614
109073,33865,7.65,-0.134
109075,33970,7.14,-0.068
109077,33977,3.02,-0.077
109079,33978,7.44,1.375
109081,31125,4.34,-0.245
109083,31416,4.54,-0.035
109085,31436,7.86,-0.165
109087,31469,6.32,1.03
109089,31532,7.71,-0.01
109091,31533,7.45,1.199
109093,31593,6.35,-0.117
109095,31736,6.48,0.664
109097,31859,6.05,-0.031
109099,32112,7.07,-0.126
109101,32144,6.26,0.321
109103,32243,6.7,0.933
109105,32368,6.04,1.205
109107,32552,7.95,0.061
109109,32561,8.0,-0.06
109111,29843,6.05,0.576
109113,29851,7.03,0.013
109115,29854,6.73,0.93
109117,29888,7.49,0.468
109119,30004,7.04,-0.126
109121,30007,7.66,0.012
109123,30022,7.97,1.157
109125,30039,7.32,0.069
109127,30062,6.29,1.473
109129,30103,7.92,0.246
109131,30141,6.49,1.132
109133,30159,7.44,-0.113
109135,30302,7.61,0.261
109137,30344,7.37,0.663
109139,30436,5.61,1.561
109141,30711,6.05,0.545
109143,30737,7.63,0.336
109145,30925,6.8,0.066
109147,31028,7.16,-0.168
109149,28520,6.04,0.027
109151,28651,7.47,0.983
109153,28840,7.71,0.09
109155,28874,6.74,1.444
109157,28943,5.46,0.064
109159,28966,6.96,0.384
109161,28971,7.47,0.148
109163,29087,7.52,0.5
109165,29150,5.49,-0.01
109167,29220,7.41,1.245
109169,29234,5.71,0.454
109171,29241,7.66,0.568
109173,29449,7.51,0.368
109175,29568,6.37,0.713
109177,27149,7.83,1.099
109179,27197,7.06,1.275
109181,27229,6.54,1.422
109183,27417,7.8,0.566
109185,27419,7.78,1.089
109187,27533,5.87,0.055
109189,27670,6.16,1.02
109191,27698,7.02,0.098
109193,27712,6.86,0.893
109195,28085,5.95,1.107
109197,28094,7.72,1.619
109199,28118,6.37,1.068
109201,25651,7.32,0.305
109203,25729,7.61,0.996
109205,25933,7.76,0.182
109207,26005,7.07,1.631
109209,26060,7.68,0.544
109211,26284,7.66,2.194
109213,26404,7.68,0.448
109215,26593,7.51,1.416
109217,26610,7.78,0.543
109219,26671,7.14,1.177
109221,26698,7.89,0.078
109223,26707,7.97,0.45
109225,26865,5.88,0.08
109227,27003,7.91,1.487
109229,27072,3.59,0.481
109231,24387,7.35,0.993
109233,24528,6.76,0.14
109235,24582,7.17,1.034
109237,24598,7.8,0.216
109239,24736,7.54,1.036
109241,24840,6.94,1.483
109243,24860,7.11,0.397
109245,25045,5.06,0.662
109247,25125,7.56,1.039
109249,25218,7.45,0.188
109251,25551,7.49,0.14
109253,25616,6.78,0.59
109255,23207,7.82,0.923
109257,23233,7.41,0.388
109259,23347,7.48,0.458
109261,23474,5.74,1.188
109263,23554,5.61,0.094
109265,23685,3.19,1.46
109267,23952,7.96,0.404
109269,23991,7.24,1.128
109271,24015,7.23,0.368
109273,24114,6.4,1.246
109275,24148,7.93,0.967
109277,22390,7.7,1.405
109279,22905,7.49,0.606
109281,35303,7.87,1.51
109283,35442,6.06,0.612
109285,35544,6.99,0.011
109287,35610,7.17,0.208
109289,35727,4.94,-0.039
109291,35746,6.96,1.61
109293,35839,7.35,0.33
109295,35922,6.95,0.243
109297,35975,6.24,0.291
109299,36034,6.9,1.513
109301,36079,7.44,0.062
109303,36225,6.92,-0.084
109305,36227,7.63,0.34
109307,36275,7.49,-0.087
109309,36364,6.94,1.2
109311,33939,7.84,0.173
109313,34099,7.64,-0.009
109315,34152,6.89,1.677
109317,34165,7.01,1.235
109319,34166,6.68,1.013
109321,34295,7.33,0.958
109323,34438,6.82,1.51
109325,34448,7.18,1.626
109327,34600,7.88,-0.114
109329,34617,6.23,0.419
109331,34621,7.37,0.287
109333,34644,7.49,0.212
109335,34718,6.92,-0.064
109337,34758,5.84,-0.038
109339,34794,7.7,0.213
109341,34973,7.66,0.446
109343,34989,7.86,-0.08
109345,35004,7.35,-0.164
109347,35255,7.01,1.022
109349,32455,6.75,0.965
109351,32467,7.77,1.151
109353,32504,6.07,-0.159
109355,32841,7.59,-0.105
109357,32856,7.16,-0.168
109359,32886,7.03,0.208
109361,33007,7.46,-0.113
109363,33077,5.65,0.279
109365,33079,6.13,0.156
109367,33092,4.82,-0.212
109369,33248,5.8,0.048
109371,33302,4.66,0.374
109373,33412,7.8,-0.139
109375,33423,6.64,0.473
109377,33592,7.72,1.718
109379,33666,6.26,-0.164
109381,33703,6.32,-0.134
109383,33713,6.9,1.029
109385,33743,6.71,0.289
109387,33758,7.29,1.244
109389,33781,6.99,-0.001
109391,33799,7.66,0.534
109393,31092,6.58,0.256
109395,31178,7.25,-0.144
109397,31266,6.39,0.817
109399,31275,7.5,0.397
109401,31322,7.94,0.081
109403,31355,7.8,0.251
109405,31382,7.02,0.103
109407,31392,7.32,1.509
109409,31558,7.41,-0.022
109411,31564,5.71,0.848
109413,31592,3.95,1.037
109415,31649,7.8,-0.102
109417,31700,4.42,1.137
109419,31935,7.46,0.244
109421,32037,6.88,0.969
109423,32065,6.85,0.901
109425,32193,7.27,-0.145
109427,32297,7.82,0.221
109429,32310,7.32,-0.076
109431,32319,7.07,0.249
109433,32352,6.9,0.989
109435,32393,7.44,1.271
109437,32406,6.91,1.508
109439,32422,7.8,1.144
109441,32426,7.25,0.568
109443,29733,7.59,1.188
109445,29941,5.51,-0.163
109447,30011,5.79,-0.155
109449,30233,7.9,0.993
109451,30426,6.61,-0.126
109453,30592,7.07,1.016
109455,30645,7.51,1.663
109457,30655,7.12,0.213
109459,30707,7.86,-0.084
109461,30713,7.6,0.164
109463,30780,7.73,1.564
109465,30796,7.59,1.017
109467,30988,6.44,1.683
109469,28407,7.99,1.008
109471,28687,7.32,0.398
109473,28984,5.74,1.584
109475,29229,7.72,1.225
109477,29679,5.88,1.322
109479,27103,6.79,-0.173
109481,27654,3.76,0.984
109483,28047,6.77,0.734
109485,28081,6.89,0.096
109487,28284,7.31,0.888
109489,25720,7.48,0.185
109491,25853,5.53,0.012
109493,26191,7.34,1.242
109495,26285,7.95,1.556
109497,26642,6.89,-0.089
109499,26714,7.44,1.06
109501,26747,7.8,0.398
109503,27011,6.68,0.994
109505,27021,7.1,0.531
109507,27075,6.34,0.58
109509,24401,7.41,0.225
109511,24427,7.61,1.2
109513,24506,7.95,0.394
109515,24592,7.8,0.202
109517,24707,7.93,1.626
109519,24741,7.96,0.218
109521,24825,6.37,-0.134
109523,24827,6.53,-0.1
109525,24927,4.7,-0.048
109527,24974,7.64,-0.106
109529,24975,7.41,1.054
109531,25115,7.92,-0.081
109533,25243,7.54,1.158
109535,25324,7.01,-0.014
109537,25396,7.53,0.536
109539,25397,5.78,0.441
109541,25437,7.6,0.4
109543,25501,7.99,0.341
109545,25532,6.08,1.032
109547,25606,2.81,0.807
109549,23084,7.52,0.056
109551,23362,4.91,-0.047
109553,23411,7.72,0.125
109555,23620,7.58,1.071
109557,23631,7.19,0.897
109559,23671,7.83,0.019
109561,23818,6.47,0.648
109563,23888,7.32,1.093
109565,24112,7.64,-0.036
109567,24339,7.74,0.667
109569,21900,7.75,0.538
109571,22001,7.46,0.997
109573,22028,5.53,0.025
109575,22086,5.72,1.476
109577,22227,7.89,0.498
109579,22231,7.1,1.02
109581,22310,7.77,1.639
109583,22315,7.53,1.595
109585,22388,7.92,1.171
109587,22519,7.31,1.258
109589,22721,7.02,0.184
109591,21363,6.12,1.174
109593,21561,7.66,1.19
109595,21576,7.26,-0.115
109597,21618,7.13,0.255
109599,21704,7.18,1.2
109601,21763,4.32,1.599
109603,36773,4.82,1.362
109605,36809,6.72,0.61
109607,36918,6.96,1.536
109609,36967,7.94,-0.037
109611,36981,5.66,-0.067
109613,37015,7.03,-0.06
109615,37047,8.0,-0.058
109617,35164,7.04,0.147
109619,35180,5.46,0.079
109621,35187,7.97,0.159
109623,35258,7.41,0.448
109625,35444,6.79,1.082
109627,35468,6.7,-0.018
109629,35487,5.7,0.346
109631,35740,6.98,1.414
109633,35741,7.89,0.466
109635,35778,7.34,0.987
109637,35884,6.84,0.489
109639,35951,5.18,-0.035
109641,35995,6.76,0.042
109643,36081,6.88,0.62
109645,36089,7.29,-0.02
109647,36186,5.6,0.314
109649,36392,7.15,0.641
109651,36395,6.05,0.479
109653,36464,7.55,1.162
109655,36512,7.73,0.637
109657,36569,6.95,1.006
109659,33727,7.91,-0.07
109661,33750,7.06,1.577
109663,33872,7.82,1.293
109665,33881,7.28,0.05
109667,33951,7.45,-0.032
109669,33961,6.77,1.147
109671,34045,4.11,-0.112
109673,34204,7.68,1.043
109675,34393,7.22,0.778
109677,34561,6.0,0.04
109679,34568,7.11,0.193
109681,34589,6.62,0.312
109683,34616,7.33,-0.081
109685,34725,6.66,-0.033
109687,34852,7.85,-0.045
109689,35034,7.6,0.62
109691,35035,7.28,0.432
109693,35072,6.97,1.33
109695,35149,6.87,-0.152
109697,35177,7.83,-0.036
109699,32557,7.05,-0.029
109701,32747,7.95,1.579
109703,32801,6.62,0.03
109705,32809,5.77,1.435
109707,33013,7.14,-0.099
109709,33200,7.63,-0.118
109711,33263,7.32,1.496
109713,33274,7.88,-0.005
109715,33347,4.36,-0.063
109717,33426,6.92,1.363
109719,33434,7.88,-0.004
109721,33438,7.92,0.258
109723,33461,7.98,0.882
109725,33476,7.24,0.193
109727,33541,7.57,1.013
109729,33556,7.14,-0.078
109731,33685,7.39,0.404
109733,31811,7.13,1.648
109735,24649,6.76,0.29
109737,24786,5.96,0.572
109739,23350,8.0,0.481
109741,23612,7.8,0.19
109743,23816,7.04,0.506
109745,23862,7.22,1.18
109747,23927,7.53,1.507
109749,24354,7.41,0.588
109751,22052,7.54,0.541
109753,22195,7.85,1.077
109755,22263,5.49,0.632
109757,22325,5.76,0.537
109759,22398,7.91,1.431
109761,22467,6.72,0.977
109763,22479,5.03,0.992
109765,22582,7.99,0.435
109767,22860,5.71,0.953
109769,22881,5.71,0.874
109771,22924,7.64,0.391
109773,22944,7.37,0.774
109775,22962,7.66,0.299
109777,22991,7.46,0.063
109779,23090,6.67,0.102
109781,23129,7.38,0.292
109783,23137,7.06,1.315
109785,23166,5.65,0.447
109787,20839,7.32,1.53
109789,21279,7.8,0.687
109791,21445,7.95,0.463
109793,21488,7.93,0.577
109795,21582,7.57,1.114
109797,21590,7.94,1.283
109799,21705,7.96,0.491
109801,21715,7.52,1.643
109803,21827,7.33,1.089
109805,21959,7.85,1.631
109807,20211,7.76,0.937
109809,20656,7.76,1.107
109811,20854,6.69,0.827
109813,37941,7.93,0.094
109815,36719,7.86,0.098
109817,36736,6.21,-0.061
109819,36836,6.71,0.488
109821,37037,6.7,-0.05
109823,37119,6.53,-0.018
109825,37296,7.32,-0.07
109827,37310,7.48,1.563
109829,37366,7.93,-0.097
109831,37375,6.43,1.245
109833,37520,7.53,0.717
109835,35139,7.74,0.607
109837,35153,7.93,-0.081
109839,35217,7.73,-0.028
109841,35220,7.2,0.06
109843,35260,7.95,1.337
109845,35261,6.72,0.436
109847,35263,7.74,-0.015
109849,35337,7.53,0.421
109851,35615,5.59,0.971
109853,35864,7.64,-0.064
109855,35936,7.74,1.185
109857,35998,5.79,0.432
109859,36068,6.82,0.031
109861,36134,6.93,-0.005
109863,36179,7.92,-0.016
109865,36251,5.79,0.583
109867,36296,7.49,-0.061
109869,36311,7.94,0.033
109871,36390,7.16,1.141
109873,36435,7.32,0.331
109875,36437,7.2,-0.085
109877,33948,7.85,-0.028
109879,33973,7.66,0.531
109881,34058,7.07,1.41
109883,34221,7.3,-0.111
109885,34233,7.86,0.556
109887,34297,6.48,-0.124
109889,34364,8.0,-0.071
109891,34413,6.65,2.55
109893,34443,7.72,0.0
109895,34454,7.2,-0.022
109897,34596,7.17,1.028
109899,34612,7.64,-0.005
109901,34666,7.75,-0.063
109903,34710,7.13,0.671
109905,34731,7.67,-0.009
109907,34864,7.73,0.965
109909,34888,5.77,1.508
109911,34976,7.73,-0.03
109913,22140,7.97,-0.08
109915,22163,7.97,0.23
109917,22169,7.68,-0.048
109919,22439,6.27,0.456
109921,22592,7.45,1.028
109923,22657,7.79,0.425
109925,22779,7.79,1.771
109927,23058,7.57,0.051
109929,23060,6.15,-0.202
109931,20939,7.8,0.434
109933,20997,6.22,1.001
109935,21110,6.25,0.086
109937,21143,7.16,0.484
109939,21218,6.67,1.085
109941,21577,7.33,0.045
109943,21578,7.83,0.2
109945,21594,3.86,1.082
109947,21595,7.33,0.453
109949,21644,4.99,0.074
109951,21685,5.46,1.054
109953,21837,6.64,0.127
109955,20212,6.72,0.927
109957,20345,7.84,1.573
109959,20521,7.95,0.317
109961,20829,6.97,1.008
109963,20849,7.54,0.259
109965,20893,7.63,0.754
109967,20913,7.71,0.512
109969,20922,5.61,-0.202
109971,37879,7.46,0.49
109973,37956,7.84,0.833
109975,38253,5.6,1.446
109977,36399,5.86,0.487
109979,36419,7.97,0.439
109981,36456,7.7,0.445
109983,36516,7.76,0.051
109985,36521,6.81,1.096
109987,36539,6.6,1.622
109989,36574,7.4,1.364
109991,36640,5.9,0.54
109993,36673,7.56,-0.07
109995,36677,7.41,1.42
109997,36688,7.99,0.008
109999,36973,7.73,1.003
110001,37000,6.27,1.541
110003,37126,7.09,0.279
110005,37149,6.92,0.712
110007,37159,7.03,1.572
110009,37394,6.01,0.153
110011,37413,7.98,0.364
110013,37447,3.94,1.022
110015,37651,7.45,1.219
110017,37844,7.55,0.493
110019,34953,7.83,-0.056
110021,34970,7.7,1.938
110023,34982,5.9,1.528
110025,34999,6.02,-0.173
110027,35127,5.95,1.173
110029,35178,7.92,1.274
110031,35230,7.76,1.55
110033,35244,7.66,0.336
110035,35475,7.15,1.708
110037,35561,7.15,0.41
110039,35594,7.97,-0.006
110041,35642,6.56,0.532
110043,35707,6.42,-0.189
110045,35775,7.37,0.549
110047,35823,7.62,0.498
110049,36120,6.97,0.175
110051,36320,6.63,-0.101
110053,36396,5.75,1.616
110055,34702,7.89,-0.038
110057,34719,7.34,-0.079
110059,21239,6.06,1.379
110061,21258,6.63,-0.062
110063,21296,5.2,1.708
110065,21297,5.24,1.465
110067,21375,7.61,0.235
110069,21377,6.74,0.039
110071,21382,7.8,0.082
110073,21484,7.08,-0.033
110075,21625,7.64,0.53
110077,21640,7.27,-0.01
110079,21986,5.98,0.645
110081,22000,7.8,0.685
110083,22024,5.78,-0.076
110085,19849,4.43,0.82
110087,19871,7.8,1.025
110089,19938,7.46,0.143
110091,20137,7.99,0.367
110093,20179,6.95,-0.009
110095,20271,5.85,-0.124
110097,20358,7.5,0.025
110099,20476,7.18,1.033
110101,20603,7.7,0.195
110103,20675,6.66,1.561
110105,20723,7.8,0.75
110107,19399,7.2,0.22
110109,19431,7.03,0.712
110111,19511,5.7,1.057
110113,19590,6.45,0.95
110115,19717,7.23,1.523
110117,19777,4.87,1.156
110119,37732,7.72,0.612
110121,37815,6.81,1.216
110123,37864,7.1,0.046
110125,37901,5.49,1.378
110127,37913,7.65,0.0
110129,37940,7.98,0.346
110131,38083,7.17,0.285
110133,38158,7.59,1.01
110135,38274,7.31,0.344
110137,38282,7.78,0.035
110139,38366,7.64,-0.07
110141,38474,5.76,0.412
110143,36517,7.99,0.168
110145,36526,6.24,1.185
110147,36572,7.19,0.945
110149,36629,6.84,1.304
110151,36703,7.28,1.12
110153,36754,7.27,0.971
110155,37088,5.14,0.442
110157,37138,6.97,-0.104
110159,37233,7.58,0.604
110161,37332,7.83,0.681
110163,37349,7.18,0.891
110165,37493,7.56,0.353
110167,37624,7.19,0.341
110169,37647,7.14,-0.084
110171,37655,6.91,0.92
110173,35301,6.29,1.624
110175,35529,7.84,0.11
110177,35543,7.1,0.289
110179,35547,6.7,1.198
110181,35556,7.42,1.034
110183,35572,7.88,0.622
110185,35602,7.24,0.034
110187,35669,6.6,-0.104
110189,35705,7.42,0.003
110191,35749,5.83,0.352
110193,35792,7.4,0.514
110195,35896,7.1,1.432
110197,36055,5.98,0.901
110199,36080,6.78,-0.008
110201,36137,7.59,1.114
110203,36148,7.4,1.5
110205,36303,7.74,0.483
110207,21145,7.79,1.176
110209,21172,7.61,0.683
110211,21249,6.6,1.204
110213,21255,7.92,1.363
110215,21264,6.66,1.061
110217,21278,5.71,-0.128
110219,21298,6.09,1.384
110221,21383,7.88,0.632
110223,21428,6.34,-0.1
110225,21669,7.96,1.499
110227,21808,7.06,1.073
110229,19933,7.84,0.881
110231,19996,5.95,1.078
110233,20218,7.84,0.673
110235,20242,7.87,0.654
110237,20263,6.15,0.901
110239,20303,7.41,0.994
110241,20344,7.23,1.025
110243,20360,6.45,0.056
110245,20407,7.47,0.32
110247,20471,7.6,1.266
110249,20507,5.17,0.072
110251,20628,7.46,0.98
110253,20658,7.77,1.268
110255,20676,7.34,1.165
110257,20742,7.49,0.913
110259,20747,7.3,-0.009
110261,20793,7.74,0.083
110263,21076,7.95,0.14
110265,21095,7.81,0.463
110267,19249,6.91,0.152
110269,19483,5.44,0.941
110271,19508,7.36,0.651
110273,19536,7.86,0.915
110275,19587,4.04,0.327
110277,19626,6.7,1.584
110279,19677,6.76,1.074
110281,19689,7.81,0.991
110283,19700,7.51,1.576
110285,37824,7.99,0.041
110287,37831,7.61,0.374
110289,38039,7.91,0.15
110291,38280,7.99,-0.045
110293,38410,6.94,0.276
110295,38599,7.76,0.31
110297,38625,7.43,0.739
110299,36388,5.6,1.493
110301,36541,6.96,0.88
110303,36565,6.57,1.072
110305,36659,7.69,0.486
110307,36687,6.82,-0.023
110309,36821,7.54,0.984
110311,36969,7.87,-0.127
110313,36976,7.16,0.564
110315,37104,7.21,1.594
110317,37134,7.84,0.324
110319,37219,7.46,0.349
110321,37243,6.76,1.71
110323,37350,7.6,-0.09
110325,37654,7.32,1.261
110327,35649,7.2,1.553
110329,35737,6.23,0.686
110331,35754,6.78,-0.053
110333,36071,6.99,0.568
110335,36130,7.02,0.119
110337,36235,7.85,-0.139
110339,36260,6.89,1.011
110341,21192,5.76,-0.117
110343,21259,7.46,1.271
110345,21429,7.67,-0.092
110347,21444,3.93,-0.21
110349,21547,5.22,0.283
110351,21557,7.15,0.958
110353,20127,7.79,0.929
110355,20243,6.89,1.468
110357,20257,6.78,0.284
110359,20341,5.86,1.32
110361,20422,7.27,1.089
110363,20667,6.76,0.913
110365,20673,7.25,0.2
110367,20725,7.17,1.567
110369,20944,7.86,1.119
110371,21033,7.74,1.054
110373,21139,4.91,1.32
110375,19049,7.07,-0.001
110377,19070,6.97,0.752
110379,19074,7.13,0.476
110381,19440,6.84,0.045
110383,19569,6.59,1.107
110385,19644,7.43,0.938
110387,19725,6.45,-0.125
110389,19800,7.78,1.622
110391,19816,7.99,0.933
110393,37705,6.46,0.211
110395,37874,7.97,0.003
110397,37943,7.44,0.103
110399,37990,7.44,1.301
110401,38138,7.46,0.356
110403,38189,7.72,0.974
110405,38300,6.17,1.106
110407,38306,6.38,1.237
110409,38323,7.91,1.289
110411,38373,5.12,-0.116
110413,38406,6.3,1.464
110415,38460,7.11,0.194
110417,36309,7.78,1.272
110419,36331,7.39,0.086
110421,36365,7.7,1.092
110423,36384,7.63,0.23
110425,36492,6.96,1.389
110427,36538,7.75,0.06
110429,36557,7.28,0.634
110431,36618,7.1,1.008
110433,36636,6.86,0.069
110435,36641,5.24,0.23
110437,36723,5.59,0.321
110439,36730,7.41,-0.122
110441,36812,5.83,-0.018
110443,36867,7.39,1.054
110445,36869,6.55,0.233
110447,36879,7.25,1.133
110449,36882,6.56,1.05
110451,36909,7.83,0.936
110453,37016,7.86,0.054
110455,37122,6.89,-0.016
110457,37198,7.09,0.4
110459,37249,7.98,0.65
110461,37274,8.0,0.095
110463,37593,7.3,0.15
110465,37614,6.17,1.047
110467,37645,6.97,0.581
110469,35595,6.88,-0.164
110471,35712,5.99,-0.069
110473,35751,6.43,0.995
110475,35897,7.85,0.237
110477,35923,7.24,1.22
110479,36200,7.16,1.041
110481,21177,7.26,-0.058
110483,21250,7.94,0.996
110485,21307,7.24,0.714
110487,21515,5.32,-0.107
110489,21534,7.5,0.563
110491,21537,7.49,0.571
110493,19994,7.23,1.025
110495,20102,7.53,1.011
110497,20125,7.87,1.022
110499,20131,7.82,0.191
110501,20190,7.99,0.256
110503,20282,7.64,0.519
110505,20312,7.61,1.612
110507,20322,7.84,0.62
110509,20373,6.92,0.571
110511,20574,7.76,0.413
110513,20692,7.36,-0.057
110515,20771,6.23,1.087
110517,20848,6.14,1.018
110519,20884,5.53,-0.099
110521,19183,7.83,0.481
110523,19347,7.94,0.445
110525,19386,7.64,0.553
110527,19434,6.49,0.443
110529,19545,7.01,1.799
110531,19611,6.62,0.916
110533,19779,7.36,0.984
110535,19830,7.49,0.116
110537,19867,7.91,0.324
110539,19892,7.16,0.086
110541,19899,7.87,1.041
110543,37942,7.49,0.628
110545,37974,7.05,0.089
110547,38062,6.61,1.58
110549,38140,6.55,0.786
110551,38265,7.62,0.013
110553,38301,6.96,0.04
110555,38303,6.49,0.944
110557,38397,7.41,0.389
110559,38434,7.99,-0.078
110561,36389,6.58,1.003
110563,36499,6.91,0.029
110565,36503,7.76,1.082
110567,36884,6.82,1.18
110569,36888,7.78,1.56
110571,36889,7.21,-0.037
110573,36933,7.42,-0.101
110575,37031,5.89,0.602
110577,37048,7.66,0.011
110579,37279,0.4,0.432
110581,37405,6.51,1.457
110583,37478,5.95,-0.032
110585,37561,7.65,0.916
110587,37584,7.95,0.468
110589,37634,6.5,1.356
110591,37656,7.39,0.064
110593,35278,6.64,-0.109
110595,35509,5.91,0.537
110597,35614,7.17,0.971
110599,35814,7.97,0.963
110601,35935,7.94,1.166
110603,36028,7.94,1.627
110605,36049,7.11,1.104
110607,36059,7.84,0.331
110609,36082,7.05,1.039
110611,36265,5.22,0.221
110613,21135,6.68,0.006
110615,21152,6.37,0.42
110617,21272,7.92,0.779
110619,21295,5.67,0.055
110621,21299,7.83,1.404
110623,21549,7.62,0.344
110625,21633,7.95,1.758
110627,19911,7.5,0.661
110629,19971,7.84,0.644
110631,19985,6.91,0.647
110633,20099,7.85,1.471
110635,20268,5.76,0.914
110637,20660,7.03,1.252
110639,20693,7.36,0.509
110641,20698,6.37,1.078
110643,20794,7.58,0.408
110645,20958,6.93,1.74
110647,21078,6.78,0.65
110649,19411,6.74,0.098
110651,19554,5.71,0.36
110653,19575,7.83,0.461
110655,19657,7.29,1.192
110657,19831,7.7,0.09
110659,19855,6.94,0.68
110661,19857,7.35,0.167
110663,19859,6.32,0.57
110665,37871,7.55,1.047
110667,37921,5.25,0.018
110669,38021,7.08,0.576
110671,38022,7.08,0.428
110673,38043,7.52,-0.081
110675,38322,7.44,0.047
110677,36418,7.34,1.148
110679,36458,7.25,1.606
110681,36487,7.64,0.228
110683,36535,7.12,0.438
110685,36733,7.65,0.823
110687,36767,7.92,1.047
110689,36796,6.28,0.022
110691,36911,7.99,1.163
110693,36922,6.66,0.046
110695,37024,7.78,0.175
110697,37232,7.13,0.245
110699,37258,7.19,1.004
110701,37264,7.96,0.227
110703,37679,7.88,0.238
110705,35101,7.26,0.337
110707,35120,5.78,1.537
110709,35248,7.24,0.177
110711,35310,6.72,0.565
110713,35419,7.09,1.047
110715,35446,7.37,0.17
110717,35484,7.86,0.108
110719,35500,7.36,1.598
110721,35601,7.5,0.464
110723,35619,7.75,0.078
110725,35777,7.97,0.101
110727,35929,6.9,0.917
110729,36041,4.99,0.991
110731,36042,8.0,1.025
110733,36123,6.38,0.078
110735,36188,2.89,-0.097
110737,36284,4.33,1.425
110739,36339,7.95,0.496
110741,34828,7.89,0.906
110743,34942,6.95,1.0
110745,22239,7.19,0.16
110747,21066,7.03,0.472
110749,21102,7.82,1.021
110751,21266,7.88,0.17
110753,21269,6.01,1.061
110755,21308,7.72,0.615
110757,21402,4.25,0.184
110759,21434,7.7,0.112
110761,21575,7.0,-0.057
110763,21626,7.64,-0.01
110765,21670,5.38,0.257
110767,21882,6.76,0.354
110769,19796,7.11,0.514
110771,19799,5.22,-0.085
110773,19821,7.69,0.228
110775,19860,4.27,-0.054
110777,20089,6.54,0.165
110779,20165,7.75,1.013
110781,20188,6.31,1.428
110783,20244,7.95,0.159
110785,20281,6.52,0.148
110787,20522,5.1,0.074
110789,20562,7.71,1.143
110791,20597,7.22,0.21
110793,20715,6.06,-0.01
110795,20845,7.46,0.22
110797,20852,7.0,0.038
110799,20963,6.77,0.086
110801,20985,6.47,1.038
110803,21084,7.86,0.355
110805,19718,6.52,0.155
110807,19719,5.29,0.366
110809,19720,6.24,0.021
110811,19740,4.84,0.799
110813,36553,6.38,1.278
110815,36631,6.51,1.0
110817,36746,6.8,0.7
110819,36771,7.91,0.679
110821,36810,7.85,0.04
110823,36826,7.74,1.633
110825,36843,7.3,0.65
110827,37045,7.85,1.589
110829,37135,6.76,-0.066
110831,37136,6.79,-0.028
110833,37256,7.2,1.539
110835,37355,7.4,0.955
110837,37404,6.23,1.393
110839,37508,5.79,1.669
110841,37723,6.4,1.392
110843,35268,7.8,0.498
110845,35269,7.55,0.026
110847,35405,7.99,1.132
110849,35411,7.77,-0.074
110851,35646,7.49,0.251
110853,35657,7.78,1.038
110855,35760,8.0,1.095
110857,35894,7.34,0.103
110859,35987,5.37,0.105
110861,36078,7.4,-0.085
110863,36141,6.39,-0.126
110865,36189,6.58,0.903
110867,36371,6.58,0.227
110869,36374,7.0,1.036
110871,36376,7.17,0.039
110873,36385,7.63,1.56
110875,36425,4.55,1.276
110877,36485,7.16,0.505
110879,36497,7.95,0.586
110881,33997,7.15,0.264
110883,34207,7.06,-0.112
110885,34210,7.79,1.64
110887,34258,7.44,1.461
110889,34328,7.78,-0.059
110891,34591,7.05,1.277
110893,34913,6.6,1.19
110895,34959,7.86,0.664
110897,35005,5.71,1.007
110899,23286,6.75,0.673
110901,22157,5.35,0.197
110903,22327,7.69,0.94
110905,22455,7.06,1.744
110907,22607,6.3,0.502
110909,22667,4.71,1.773
110911,22682,7.26,0.146
110913,22826,7.13,0.583
110915,22914,7.8,0.103
110917,22957,4.06,1.158
110919,20952,7.72,1.216
110921,21036,5.4,0.263
110923,21112,7.78,0.54
110925,21267,6.62,0.429
110927,21446,6.74,0.263
110929,21506,7.53,0.208
110931,21589,4.27,0.122
110933,21654,7.96,0.655
110935,21672,7.2,0.429
110937,21735,5.45,-0.121
110939,21918,7.4,0.76
110941,22021,7.61,0.442
110943,22044,5.39,0.251
110945,20025,6.9,0.993
110947,20150,7.75,0.458
110949,20174,7.59,0.508
110951,20197,7.51,0.991
110953,20204,7.46,1.52
110955,20219,5.58,0.283
110957,20284,6.15,0.456
110959,20357,6.6,0.412
110961,20371,7.37,0.172
110963,20400,5.72,0.315
110965,20472,6.64,0.65
110967,20508,7.55,1.09
110969,20540,7.7,1.0
110971,20558,6.42,1.408
110973,20595,7.87,0.411
110975,20804,5.87,0.049
110977,20826,7.49,0.56
110979,20876,7.39,1.38
110981,20901,5.02,0.215
110983,19750,7.46,0.382
110985,36689,7.69,1.581
110987,36716,7.89,0.02
110989,36739,6.64,1.071
110991,36760,5.27,0.055
110993,36838,7.78,0.95
110995,35219,6.75,0.417
110997,35266,7.93,1.372
110999,35350,3.58,0.106
111001,35548,6.45,0.009
111003,35551,6.88,1.032
111005,35577,7.75,1.113
111007,35796,6.66,0.911
111009,35804,7.19,-0.04
111011,35875,7.07,1.493
111013,35933,6.47,-0.19
111015,36060,6.93,0.895
111017,36212,7.22,-0.009
111019,36231,7.43,1.564
111021,36340,6.23,-0.04
111023,36616,5.45,1.126
111025,33718,6.86,-0.129
111027,33730,6.69,1.304
111029,33752,7.11,-0.054
111031,33859,7.58,0.034
111033,33914,5.78,1.14
111035,33929,5.96,1.518
111037,33937,5.86,1.659
111039,34241,7.03,0.996
111041,34273,7.19,-0.11
111043,34407,7.8,0.56
111045,34426,7.7,0.53
111047,34437,6.99,0.964
111049,34440,5.47,1.02
111051,34476,7.43,0.676
111053,34482,7.88,0.043
111055,34484,7.7,1.268
111057,34511,8.0,0.631
111059,34540,7.77,0.559
111061,34705,7.23,0.398
111063,34763,6.5,1.423
111065,34858,7.46,0.004
111067,34909,5.07,1.653
111069,34947,7.26,0.384
111071,32514,7.71,-0.114
111073,32525,7.52,0.471
111075,32539,6.35,0.066
111077,32755,7.64,0.42
111079,32783,7.95,1.1
111081,32789,7.05,0.824
111083,32946,7.87,1.596
111085,33203,7.67,1.65
111087,33205,6.57,0.921
111089,33358,6.75,1.064
111091,33493,7.16,-0.134
111093,33618,7.78,1.472
111095,33715,5.73,1.641
111097,32104,5.2,0.063
111099,32182,7.93,0.23
111101,32202,7.79,-0.077
111103,23214,6.75,0.45
111105,23353,7.41,1.668
111107,23607,4.65,-0.064
111109,23669,7.69,0.204
111111,23897,7.24,1.208
111113,24103,7.9,0.044
111115,22347,7.57,0.433
111117,22422,7.72,0.578
111119,22441,6.09,1.551
111121,22496,7.1,0.563
111123,22505,7.73,0.74
111125,22524,7.29,0.536
111127,22566,7.9,0.527
111129,22688,7.51,0.639
111131,22773,7.61,0.523
111133,22782,7.22,0.536
111135,22846,7.12,0.211
111137,22853,7.5,0.848
111139,22913,5.79,-0.085
111141,22990,7.31,1.205
111143,23043,5.51,1.304
111145,23159,7.58,0.057
111147,23161,6.14,0.156
111149,20877,4.96,1.137
111151,20885,3.84,0.952
111153,20894,3.4,0.179
111155,20898,7.98,0.295
111157,20899,7.83,0.609
111159,20916,6.59,0.536
111161,20935,7.02,0.526
111163,20948,6.9,0.451
111165,20971,7.73,0.24
111167,20995,5.58,0.324
111169,21029,4.78,0.17
111171,21039,5.47,0.258
111173,21053,6.5,0.428
111175,21082,6.28,1.725
111177,21137,6.01,0.338
111179,21251,6.24,0.077
111181,21257,6.58,0.188
111183,21273,4.65,0.255
111185,21317,7.9,0.631
111187,21332,7.91,0.411
111189,21359,7.19,1.18
111191,21365,6.73,1.833
111193,21421,0.87,1.538
111195,21474,6.64,0.442
111197,21543,7.53,0.597
111199,21588,5.78,0.312
111201,21630,7.89,0.403
111203,21673,5.08,0.141
111205,21683,4.67,0.147
111207,21725,7.91,1.32
111209,21942,6.69,0.904
111211,20261,5.26,0.225
111213,20440,6.97,0.518
111215,20553,7.58,0.604
111217,20661,6.44,0.509
111219,20713,4.48,0.262
111221,20732,4.69,0.979
111223,20756,6.86,1.494
111225,20815,7.41,0.537
111227,20873,5.9,0.325
111229,35510,7.81,1.075
111231,35537,7.21,1.26
111233,35699,5.09,1.528
111235,35801,7.74,0.349
111237,35803,6.78,0.455
111239,35969,7.59,0.038
111241,36000,7.47,1.06
111243,36122,7.26,0.33
111245,36249,7.24,0.734
111247,33861,8.0,-0.069
111249,33906,7.83,0.06
111251,33992,7.68,1.022
111253,34016,7.53,0.268
111255,34088,4.01,0.899
111257,34094,7.31,0.102
111259,34218,7.8,0.3
111261,34300,7.55,1.114
111263,34433,7.96,0.485
111265,34464,7.44,1.122
111267,34520,7.31,1.428
111269,34594,7.71,-0.063
111271,34608,6.43,0.88
111273,34650,7.78,0.45
111275,34723,7.61,1.032
111277,34764,7.99,0.19
111279,34856,7.3,1.141
111281,34900,7.96,-0.018
111283,35011,7.17,1.597
111285,35041,7.74,1.1
111287,35106,7.02,1.588
111289,35126,7.45,-0.108
111291,35280,7.75,1.043
111293,32451,7.07,-0.06
111295,32532,7.31,0.097
111297,32571,6.81,1.63
111299,32676,7.74,-0.09
111301,32852,7.99,1.55
111303,32921,5.28,-0.02
111305,33179,6.51,1.4
111307,33239,6.98,-0.023
111309,33326,7.63,0.235
111311,33399,7.43,-0.113
111313,33477,7.42,0.254
111315,33496,7.76,-0.068
111317,33572,7.32,1.33
111319,33599,7.73,1.117
111321,33890,7.93,-0.011
111323,31053,7.52,0.92
111325,31144,7.88,1.046
111327,31249,7.97,0.043
111329,31368,7.07,0.013
111331,31483,7.93,0.408
111333,31618,7.58,1.284
111335,31686,7.61,-0.093
111337,31896,7.28,1.19
111339,31987,7.4,0.957
111341,32238,7.48,0.951
111343,32295,7.05,0.007
111345,32329,7.2,0.562
111347,29981,7.84,1.25
111349,30110,7.74,1.1
111351,30202,7.34,-0.08
111353,30211,7.62,0.056
111355,30229,7.29,1.065
111357,30287,7.77,0.056
111359,30588,6.53,0.93
111361,30726,7.96,1.011
111363,30757,6.54,1.246
111365,30769,6.22,0.041
111367,30883,4.13,-0.115
111369,28659,6.88,0.969
111371,28728,7.77,0.2
111373,29010,7.12,1.522
111375,29041,7.73,0.202
111377,29077,7.29,0.344
111379,29216,7.55,0.014
111381,29360,7.41,0.343
111383,29367,6.84,0.155
111385,29416,6.93,2.142
111387,27181,6.87,3.101
111389,27205,7.7,0.394
111391,27266,7.61,0.377
111393,27287,7.06,1.369
111395,27421,6.03,-0.051
111397,27486,7.28,-0.015
111399,27610,7.8,1.089
111401,27829,6.7,-0.057
111403,28169,7.91,0.271
111405,28374,6.89,-0.06
111407,25777,7.05,-0.026
111409,26072,6.19,-0.034
111411,26272,7.56,0.133
111413,26298,7.16,0.08
111415,26328,6.88,0.501
111417,26381,7.68,0.667
111419,26451,2.97,-0.148
111421,26616,6.42,0.066
111423,26880,7.94,0.129
111425,24403,7.19,0.21
111427,24480,7.72,0.687
111429,24612,7.16,0.106
111431,24619,7.62,0.394
111433,24663,6.69,0.523
111435,24761,7.3,0.234
111437,24820,6.12,1.02
111439,24906,6.65,-0.026
111441,24945,7.71,0.142
111443,24977,6.2,1.229
111445,25035,7.71,0.943
111447,25134,7.59,1.073
111449,25204,7.27,1.671
111451,25337,6.75,0.221
111453,25539,4.88,-0.14
111455,25668,7.26,1.4
111457,23396,7.99,0.74
111459,23497,4.62,0.155
111461,23589,6.2,1.324
111463,23592,7.94,0.336
111465,23632,7.64,0.18
111467,23695,6.48,0.219
111469,23835,4.91,0.657
111471,23871,5.28,0.118
111473,23883,5.84,0.168
111475,23949,6.51,0.903
111477,23976,7.87,1.284
111479,24116,7.84,0.445
111481,22161,7.48,1.499
111483,22176,5.99,1.221
111485,22349,6.95,0.618
111487,22352,7.03,0.122
111489,22443,7.84,0.171
111491,22565,5.08,0.214
111493,22745,7.55,1.73
111495,22850,6.36,0.292
111497,22906,7.98,0.8
111499,22947,7.35,0.284
111501,21403,7.24,0.575
111503,21408,6.33,0.754
111505,21465,7.32,0.357
111507,21517,6.49,0.81
111509,21604,5.85,-0.019
111511,21923,7.12,0.677
111513,34182,6.0,-0.027
111515,34356,7.53,2.1
111517,34583,7.56,1.4
111519,34779,7.37,0.503
111521,32523,7.0,1.15
111523,32614,7.54,0.848
111525,32688,6.8,0.013
111527,32693,7.32,0.038
111529,32743,6.8,1.561
111531,32874,6.98,0.6
111533,32906,7.93,0.493
111535,32964,6.75,0.162
111537,32968,5.68,1.467
111539,33027,7.89,0.338
111541,33054,7.41,0.326
111543,33212,6.84,0.582
111545,33251,7.67,0.27
111547,33277,5.74,0.573
111549,33300,7.77,-0.168
111551,33360,7.61,0.247
111553,33419,6.83,0.947
111555,33422,7.62,0.216
111557,33497,7.62,0.558
111559,33537,6.94,0.62
111561,33757,7.17,-0.09
111563,33911,7.36,0.93
111565,33927,5.2,0.953
111567,31139,7.25,0.016
111569,31316,7.42,0.433
111571,31323,7.18,0.271
111573,31412,7.8,1.206
111575,31595,7.01,-0.114
111577,31650,6.44,0.101
111579,31651,7.68,0.075
111581,31667,7.37,1.457
111583,31696,6.65,0.875
111585,31730,6.75,0.276
111587,31813,6.09,1.027
111589,31850,6.43,0.523
111591,31903,7.43,0.402
111593,31982,7.62,1.585
111595,32086,7.35,1.619
111597,32157,7.84,0.686
111599,32246,3.06,1.377
111601,32333,6.76,0.197
111603,32367,7.16,1.299
111605,32369,6.95,1.65
111607,32431,6.51,0.839
111609,32491,7.78,0.621
111611,29789,6.09,0.897
111613,29840,6.24,0.446
111615,29867,7.4,1.018
111617,30003,6.58,0.906
111619,30015,7.89,0.298
111621,30046,6.91,0.252
111623,30049,6.95,0.442
111625,30102,7.64,0.602
111627,30142,7.57,1.414
111629,30144,7.08,0.017
111631,30343,2.87,1.621
111633,30501,6.35,1.21
111635,30528,7.7,0.571
111637,30548,7.16,0.288
111639,30569,6.63,1.111
111641,30570,6.05,0.02
111643,30574,7.15,0.226
111645,30698,7.93,0.125
111647,30774,7.59,0.991
111649,31000,6.98,0.03
111651,28455,7.04,0.111
111653,28513,7.37,0.575
111655,28561,6.36,-0.071
111657,28640,7.89,0.516
111659,28734,4.16,0.835
111661,28742,6.95,0.95
111663,28969,6.67,1.37
111665,29196,5.93,1.626
111667,29225,5.75,0.192
111669,29288,6.88,-0.076
111671,29379,5.83,1.11
111673,29425,7.17,1.517
111675,29450,6.51,2.197
111677,29589,7.53,0.355
111679,29655,3.31,1.6
111681,29702,7.3,1.875
111683,27200,7.96,0.22
111685,27203,7.94,0.112
111687,27320,7.66,1.06
111689,27343,7.55,1.137
111691,27353,6.48,1.193
111693,27378,6.77,1.53
111695,27382,7.57,1.468
111697,27468,4.88,1.021
111699,27478,7.28,1.44
111701,27696,6.97,1.584
111703,27847,7.5,1.042
111705,27956,7.2,1.249
111707,28084,7.76,0.402
111709,28154,6.03,0.346
111711,28166,8.0,1.482
111713,28238,7.89,0.074
111715,28272,7.6,1.047
111717,28301,6.63,0.967
111719,25695,5.47,-0.042
111721,25779,7.77,1.755
111723,25806,6.29,1.18
111725,26015,7.91,1.301
111727,26062,6.97,0.055
111729,26201,6.82,1.04
111731,26225,7.87,0.12
111733,26248,5.37,-0.092
111735,26332,6.52,0.452
111737,26599,7.52,1.924
111739,26640,5.18,-0.15
111741,26651,7.12,0.398
111743,26691,7.12,1.069
111745,26761,7.6,0.519
111747,26828,7.92,0.495
111749,26836,6.57,-0.051
111751,26839,7.75,0.111
111753,26853,6.35,1.194
111755,26964,6.23,-0.071
111757,26998,6.81,0.003
111759,24315,7.89,0.503
111761,24512,6.26,0.075
111763,24665,6.85,1.061
111765,24822,4.96,0.937
111767,25253,7.78,0.278
111769,25621,7.21,1.155
111771,23068,5.79,1.109
111773,23151,7.99,0.267
111775,23270,7.84,0.403
111777,23333,7.78,0.27
111779,23550,7.44,0.81
111781,23606,7.8,1.114
111783,23699,6.69,0.081
111785,23784,7.13,0.145
111787,23900,5.5,0.03
111789,24063,7.52,0.243
111791,24151,7.86,0.529
111793,24234,7.99,0.443
111795,22743,6.55,1.036
111797,22792,7.53,0.417
111799,22935,7.16,1.21
111801,22972,7.51,0.516
111803,31310,7.83,1.05
111805,31568,6.89,0.646
111807,32044,7.54,0.89
111809,29927,7.74,0.023
111811,29955,6.66,1.122
111813,30091,7.28,0.65
111815,30331,7.68,1.387
111817,30396,7.43,0.071
111819,30823,7.69,1.208
111821,30880,6.57,0.554
111823,28416,6.69,1.634
111825,28417,6.61,1.022
111827,28500,6.04,0.218
111829,28649,7.57,-0.097
111831,28697,6.99,0.036
111833,28723,7.62,0.132
111835,28932,7.7,0.919
111837,29014,7.08,-0.056
111839,29188,7.83,1.061
111841,29198,7.94,1.708
111843,27063,7.39,0.073
111845,27110,7.34,-0.01
111847,27456,7.73,0.149
111849,27605,7.13,0.473
111851,27612,7.62,0.267
111853,27613,7.47,1.656
111855,27629,5.6,0.978
111857,27830,4.56,-0.008
111859,27982,7.89,0.489
111861,28033,7.03,0.139
111863,28117,6.35,0.275
111865,28164,7.24,1.086
111867,28185,7.73,1.456
111869,28237,4.81,-0.088
111871,28327,7.26,0.277
111873,25871,7.42,0.631
111875,25925,7.79,1.603
111877,25969,7.12,0.132
111879,26094,7.84,1.445
111881,26192,7.58,0.549
111883,26291,6.27,1.529
111885,26396,5.83,-0.075
111887,26571,6.45,0.98
111889,27016,7.91,0.131
111891,24252,6.78,1.004
111893,25484,7.87,0.498
111895,29692,5.99,1.058
111897,29717,7.97,-0.044
111899,29829,7.48,0.605
111901,29900,6.72,-0.121
111903,30397,7.22,1.346
111905,28601,7.83,0.071
111907,28615,7.66,1.017
111909,29048,5.28,1.661
111911,29179,7.76,1.605
111913,29604,7.56,1.64
111915,27485,7.31,0.119
111917,27694,7.57,1.538
111919,27721,7.01,1.198
111921,27876,6.68,0.104
111923,27922,7.51,0.7
111925,28018,7.6,1.127
111927,28218,7.57,1.147
111929,28275,7.92,0.364
111931,26119,7.76,0.019
111933,26122,6.72,1.609
111935,26688,7.7,0.417
111937,26966,5.73,-0.014
111939,27014,7.36,0.681
111941,27038,7.24,1.1
111943,27043,7.67,0.442
111945,32411,5.3,0.075
111947,32466,6.69,0.077
111949,32628,7.96,0.15
111951,32664,7.58,1.169
111953,32677,5.39,-0.096
111955,32731,7.56,0.007
111957,33232,7.5,0.561
111959,30968,7.66,1.302
111961,31004,7.54,1.123
111963,31017,6.75,-0.013
111965,31030,7.74,0.817
111967,31131,6.59,1.452
111969,31194,7.72,0.153
111971,31206,7.69,0.108
111973,31253,7.72,0.014
111975,31341,7.64,0.493
111977,31472,7.87,0.315
111979,31502,7.39,-0.04
111981,31615,7.8,-0.02
111983,31683,7.6,1.755
111985,31758,6.01,0.042
111987,31785,7.1,0.021
111989,31900,7.47,0.493
111991,32069,6.94,-0.027
111993,32076,6.97,0.563
111995,32161,7.8,0.43
111997,32186,7.68,1.216
111999,32349,-1.44,0.009
112001,29750,7.36,0.879
112003,29771,5.97,-0.167
112005,29822,7.89,1.21
112007,29895,5.15,1.293
112009,29993,6.04,1.663
112011,30071,7.25,-0.08
112013,30171,7.48,0.801
112015,30207,7.54,-0.082
112017,30232,7.73,0.619
112019,30276,6.51,1.15
112021,30300,7.97,0.579
112023,30324,1.98,-0.24
112025,30381,6.96,0.225
112027,30414,6.57,0.307
112029,30420,6.27,1.534
112031,30469,6.95,0.2
112033,30530,7.56,1.274
112035,30534,7.92,0.132
112037,30669,6.32,1.242
112039,30730,7.81,-0.054
112041,30743,7.48,-0.066
112043,30836,5.76,1.118
112045,30942,7.06,0.002
112047,28547,7.1,1.058
112049,28553,6.66,1.259
112051,28622,6.2,0.947
112053,28678,7.47,0.534
112055,28730,7.91,0.03
112057,28794,7.81,-0.08
112059,28816,4.92,0.196
112061,28877,7.87,0.029
112063,28910,4.67,0.046
112065,28948,6.6,0.945
112067,29083,6.95,0.467
112069,29165,7.68,-0.028
112071,29175,7.71,0.081
112073,29178,6.36,-0.04
112075,29205,5.56,1.15
112077,29275,6.9,-0.076
112079,29365,6.78,0.267
112081,29399,6.6,0.99
112083,29488,6.52,-0.166
112085,29536,6.85,1.001
112087,29601,7.91,0.65
112089,27288,3.55,0.104
112091,27291,7.27,1.369
112093,27308,6.18,0.892
112095,27342,7.27,-0.066
112097,27517,5.49,0.87
112099,27707,7.09,0.136
112101,27720,7.68,0.789
112103,27765,7.8,0.986
112105,27849,7.28,0.543
112107,27914,7.2,0.008
112109,28080,7.78,1.009
112111,28092,7.91,0.327
112113,28201,6.67,0.525
112115,28211,7.19,-0.098
112117,28369,7.63,0.412
112119,28386,7.76,0.081
112121,25922,6.99,0.931
112123,25981,6.68,1.526
112125,25985,2.58,0.211
112127,26243,6.82,-0.124
112129,26534,7.59,0.607
112131,26552,7.98,-0.036
112133,26602,6.4,-0.095
112135,26605,7.77,1.504
112137,26628,7.42,1.228
112139,26808,7.0,1.122
112141,26821,6.22,-0.136
112143,26834,7.36,0.801
112145,26866,6.15,1.376
112147,27044,7.88,0.511
112149,24553,7.88,-0.005
112151,24618,6.55,-0.15
112153,24670,6.98,-0.036
112155,24723,7.61,0.93
112157,24781,7.84,0.491
112159,25010,7.51,0.3
112161,25014,7.31,-0.089
112163,25059,6.47,1.206
112165,25188,7.72,1.169
112167,25280,5.64,-0.001
112169,25497,7.35,0.5
112171,25573,7.57,0.64
112173,25688,7.95,1.36
112175,23560,6.71,1.21
112177,23610,7.32,1.627
112179,23755,7.12,-0.095
112181,23908,6.38,0.889
112183,23988,7.94,0.737
112185,24275,7.29,1.04
112187,24305,3.29,-0.11
112189,24394,6.22,0.377
112191,24419,7.43,0.719
112193,33664,7.86,-0.073
112195,33868,6.54,0.016
112197,33869,6.64,0.733
112199,33960,7.78,0.0
112201,33987,7.88,-0.059
112203,34080,7.44,-0.108
112205,34133,7.22,0.004
112207,34178,7.98,-0.092
112209,34301,5.41,0.033
112211,34325,7.62,-0.008
112213,32492,5.28,-0.024
112215,32513,7.54,1.057
112217,32585,7.7,-0.062
112219,32589,7.86,0.053
112221,32637,7.03,-0.09
112223,32672,7.49,1.334
112225,32696,7.24,0.089
112227,32786,7.2,-0.131
112229,32815,7.97,0.133
112231,32971,7.41,0.721
112233,33029,7.13,0.257
112235,33075,8.0,0.069
112237,33112,7.24,1.227
112239,33113,7.53,-0.085
112241,33158,7.82,0.44
112243,33160,4.08,1.418
112245,33186,7.78,0.125
112247,33345,5.0,1.182
112249,33436,6.9,0.281
112251,33489,7.86,0.956
112253,30931,7.47,0.101
112255,31020,6.58,1.081
112257,31024,6.16,-0.137
112259,31075,7.66,0.359
112261,31084,5.16,1.262
112263,31088,6.8,-0.161
112265,31205,6.3,1.096
112267,31212,7.83,0.67
112269,31356,7.43,0.406
112271,31415,7.7,0.51
112273,31510,7.08,1.071
112275,31599,5.95,1.562
112277,31674,6.11,0.994
112279,31827,4.82,1.459
112281,31842,7.59,1.204
112283,31851,7.95,-0.06
112285,31976,6.92,0.046
112287,32052,8.0,1.079
112289,32160,7.77,0.04
112291,32171,7.14,0.053
112293,29699,6.6,0.119
112295,29735,5.0,-0.078
112297,29811,6.76,0.399
112299,30042,7.86,-0.014
112301,30088,6.67,-0.026
112303,30119,7.22,0.319
112305,30190,6.32,1.676
112307,30214,5.48,0.002
112309,30457,5.21,1.23
112311,30468,6.12,-0.076
112313,30543,7.63,0.882
112315,30776,7.08,-0.031
112317,30800,7.99,0.054
112319,30828,7.56,0.304
112321,30881,7.78,-0.027
112323,28434,6.21,0.358
112325,28533,7.73,1.114
112327,28643,7.9,-0.063
112329,28739,7.08,-0.018
112331,28743,6.94,0.467
112333,28778,7.6,0.299
112335,28805,7.93,1.361
112337,28886,7.19,0.274
112339,28973,6.66,-0.152
112341,29118,6.79,0.0
112343,29170,7.45,0.313
112345,29174,7.39,0.291
112347,29394,7.93,0.35
112349,29465,7.56,0.0
112351,27208,7.86,1.409
112353,27250,7.99,-0.071
112355,27318,7.48,1.374
112357,27426,7.38,1.068
112359,27444,6.74,0.884
112361,27657,7.2,-0.078
112363,27875,7.8,1.008
112365,27879,7.21,1.515
112367,27938,5.62,1.523
112369,27970,7.74,0.49
112371,28103,3.71,0.337
112373,28128,7.86,0.448
112375,28222,7.4,1.319
112377,28278,7.57,-0.021
112379,28344,7.06,1.461
112381,26288,7.6,1.568
112383,26395,6.1,0.051
112385,26543,7.9,0.18
112387,26612,7.99,-0.075
112389,26724,7.88,0.973
112391,26740,6.86,1.111
112393,26831,7.17,0.128
112395,26858,7.4,0.876
112397,26892,7.03,1.005
112399,27089,7.91,0.033
112401,24560,6.45,0.67
112403,24679,5.48,0.932
112405,24845,4.29,-0.235
112407,24853,7.67,-0.064
112409,24873,5.29,-0.104
112411,24937,7.69,1.035
112413,25002,7.68,0.636
112415,25053,6.62,-0.082
112417,25202,5.25,-0.219
112419,25353,6.55,1.086
112421,25371,7.28,0.407
112423,25407,7.15,1.306
112425,25440,7.75,0.438
112427,25454,7.12,0.077
112429,25486,6.3,0.553
112431,25528,7.21,0.485
112433,23298,7.22,0.065
112435,23326,7.33,-0.042
112437,23405,6.76,0.909
112439,23551,6.42,-0.187
112441,23615,7.38,0.258
112443,23627,7.2,0.618
112445,23716,7.87,1.0
112447,23777,6.04,-0.03
112449,23831,5.97,0.606
112451,23844,7.96,0.953
112453,23874,6.33,1.617
112455,23951,7.89,0.642
112457,24099,7.13,-0.057
112459,24169,5.6,1.35
112461,24212,7.59,0.001
112463,24244,4.45,-0.099
112465,24327,4.36,-0.094
112467,24438,8.0,0.435
112469,23231,4.78,0.267
112471,35057,7.69,-0.09
112473,33578,7.12,0.814
112475,33665,7.94,0.668
112477,33729,5.95,-0.075
112479,33754,6.49,0.142
112481,33889,7.8,0.266
112483,33959,7.84,1.715
112485,34066,6.44,-0.067
112487,34116,6.97,0.357
112489,34185,7.14,1.022
112491,34234,6.5,-0.062
112493,34326,7.86,2.45
112495,34357,7.02,0.081
112497,34536,6.23,-0.018
112499,34649,7.34,-0.001
112501,34669,7.41,-0.114
112503,34906,7.59,0.248
112505,32316,7.79,1.127
112507,32407,7.13,0.042
112509,32461,7.2,-0.008
112511,32474,5.66,-0.048
112513,32558,5.08,1.795
112515,32622,6.9,-0.101
112517,32724,7.14,1.401
112519,32838,6.31,0.011
112521,32893,7.12,1.503
112523,33058,7.81,-0.064
112525,33076,7.83,-0.058
112527,33109,7.05,0.566
112529,33255,7.8,0.006
112531,33261,7.73,-0.022
112533,33281,7.93,0.162
112535,33290,7.94,-0.048
112537,33385,6.93,0.24
112539,33391,7.6,-0.07
112541,33420,6.31,0.641
112543,33515,6.7,1.172
112545,33530,7.03,1.505
112547,33534,6.58,1.386
112549,30935,7.8,1.137
112551,30986,5.92,1.373
112553,31121,5.43,1.373
112555,31152,7.28,0.255
112557,31199,8.0,0.329
112559,31226,7.37,0.07
112561,31285,7.49,0.016
112563,31490,7.69,1.011
112565,31656,7.22,-0.007
112567,31693,7.41,1.073
112569,31985,6.84,1.541
112571,32064,5.21,1.525
112573,32131,7.59,0.146
112575,29657,7.22,-0.094
112577,29672,7.57,0.539
112579,29705,6.09,-0.081
112581,29794,7.6,1.257
112583,29885,6.76,0.364
112585,29996,5.36,1.239
112587,30028,6.22,-0.043
112589,30073,5.27,-0.177
112591,30086,7.61,-0.046
112593,30105,6.94,0.308
112595,30107,7.94,0.965
112597,30114,7.69,0.687
112599,30149,6.9,0.097
112601,30238,6.96,1.591
112603,30240,7.36,-0.078
112605,30264,7.78,-0.02
112607,30407,6.11,1.841
112609,30441,7.54,1.665
112611,30553,7.25,1.015
112613,30608,6.4,0.145
112615,30633,7.38,-0.105
112617,30634,8.0,0.158
112619,30675,6.35,-0.061
112621,30830,7.79,0.478
112623,28409,6.65,1.529
112625,28459,7.39,1.26
112627,28574,4.92,-0.128
112629,28835,7.96,0.593
112631,28854,5.88,0.374
112633,29086,7.88,0.111
112635,29135,6.69,0.069
112637,29153,7.96,0.159
112639,29163,6.64,1.363
112641,29327,7.61,-0.122
112643,29393,7.27,1.289
112645,29460,7.55,1.352
112647,29489,7.61,1.576
112649,29497,6.91,-0.07
112651,29579,6.78,-0.004
112653,27305,7.98,0.581
112655,27341,6.04,0.135
112657,27366,2.07,-0.168
112659,27402,7.3,-0.1
112661,27658,5.36,-0.195
112663,27690,7.8,1.289
112665,27703,7.89,-0.08
112667,27709,7.4,0.367
112669,27713,5.95,0.1
112671,27920,6.61,1.326
112673,27959,7.27,0.077
112675,27986,7.34,0.428
112677,28149,6.88,1.016
112679,28321,6.15,0.333
112681,28325,5.04,0.189
112683,25840,6.95,0.561
112685,25923,4.62,-0.261
112687,26148,7.29,1.511
112689,26150,7.78,0.413
112691,26173,6.69,1.162
112693,26304,7.39,-0.081
112695,26349,7.85,0.197
112697,26446,7.7,0.2
112699,26541,7.1,-0.071
112701,26563,4.77,0.139
112703,26623,6.49,-0.107
112705,26704,7.82,0.24
112707,26709,7.45,1.163
112709,26728,6.46,-0.127
112711,26881,7.66,1.099
112713,26894,7.01,0.801
112715,26999,7.61,-0.109
112717,27058,7.11,0.637
112719,24599,7.42,0.3
112721,24708,7.5,1.648
112723,24828,7.83,-0.075
112725,24844,7.99,0.06
112727,24919,7.52,0.38
112729,25092,6.82,1.8
112731,25171,7.56,-0.004
112733,25187,5.99,-0.037
112735,25210,7.52,0.056
112737,25227,7.66,0.209
112739,25247,4.13,0.943
112741,25329,5.6,1.543
112743,25352,7.81,1.518
112745,25373,7.14,0.862
112747,25404,7.28,-0.07
112749,25646,6.75,0.828
112751,25712,6.69,-0.112
112753,25786,6.33,-0.194
112755,23370,7.39,1.08
112757,23464,7.24,0.965
112759,23483,7.81,-0.055
112761,23493,6.86,-0.02
112763,23564,7.24,1.403
112765,23741,7.47,0.422
112767,23834,7.0,-0.104
112769,23916,5.8,-0.059
112771,23972,4.25,-0.187
112773,24076,7.42,0.543
112775,24191,7.8,0.472
112777,24425,7.43,0.364
112779,24436,0.18,-0.03
112781,22304,7.17,-0.088
112783,22406,7.42,0.079
112785,22419,7.96,1.388
112787,22588,7.27,-0.081
112789,22590,7.17,-0.006
112791,22644,7.43,-0.028
112793,22649,7.32,0.88
112795,22669,7.87,-0.058
112797,22909,7.97,0.144
112799,23011,6.89,0.315
112801,23128,7.94,0.581
112803,23190,7.66,1.217
112805,23192,7.23,0.114
112807,23221,5.39,0.797
112809,34935,7.19,0.848
112811,34975,5.8,1.585
112813,35231,7.66,0.51
112815,35259,7.98,0.921
112817,35300,7.23,-0.081
112819,35306,7.38,-0.14
112821,33555,7.55,0.314
112823,33605,7.76,-0.043
112825,33719,6.29,0.572
112827,33723,7.21,-0.035
112829,33840,7.97,1.572
112831,33878,5.22,1.687
112833,33891,6.58,1.57
112835,33894,6.84,1.487
112837,33971,4.99,-0.195
112839,34010,7.43,1.344
112841,34072,7.44,1.898
112843,34086,5.63,1.29
112845,34330,7.32,0.435
112847,34401,6.92,0.297
112849,34559,6.96,0.236
112851,34590,7.84,-0.03
112853,34622,4.91,1.02
112855,34688,6.51,1.158
112857,34694,7.02,0.287
112859,34793,7.24,1.451
112861,34862,7.54,0.455
112863,32403,7.89,0.096
112865,32584,7.65,-0.068
112867,32594,7.66,0.241
112869,32630,7.64,0.081
112871,32644,7.02,0.553
112873,32766,7.55,-0.079
112875,32807,7.6,-0.1
112877,32839,6.87,-0.085
112879,32923,6.58,0.03
112881,32979,7.28,-0.06
112883,32984,6.58,1.071
112885,32990,6.3,0.977
112887,33128,7.63,1.584
112889,33154,6.39,0.174
112891,33168,7.54,1.101
112893,33175,7.29,-0.094
112895,33252,7.96,1.867
112897,33381,8.0,1.322
112899,33395,7.89,0.54
112901,33405,7.13,0.418
112903,33406,7.99,0.347
112905,30993,7.95,-0.042
112907,31011,7.47,-0.065
112909,31040,7.54,0.21
112911,31101,7.46,-0.079
112913,31167,5.6,0.256
112915,31195,7.59,0.058
112917,31224,7.72,1.11
112919,31338,7.26,-0.139
112921,31447,7.3,1.157
112923,31476,7.96,0.536
112925,31517,7.59,0.16
112927,31583,5.52,-0.082
112929,31921,7.23,1.547
112931,31925,6.91,1.607
112933,32022,6.96,-0.115
112935,32080,7.04,-0.142
112937,32133,7.28,0.052
112939,32146,6.57,0.501
112941,29629,5.83,-0.155
112943,29638,7.3,1.076
112945,29651,3.99,1.319
112947,29711,5.99,0.097
112949,29738,7.48,-0.091
112951,29859,7.68,0.231
112953,29917,6.65,1.191
112955,29936,6.79,1.049
112957,29951,6.88,0.65
112959,29998,7.93,0.267
112961,30026,7.61,0.098
112963,30167,6.75,0.281
112965,30176,7.6,-0.048
112967,30197,7.91,-0.035
112969,30387,6.66,0.063
112971,30430,7.3,1.007
112973,30509,7.7,0.48
112975,30580,7.31,-0.072
112977,30595,6.33,1.018
112979,30660,6.16,-0.151
112981,30691,6.91,1.38
112983,30700,6.5,-0.155
112985,30758,7.82,-0.077
112987,30772,5.06,-0.175
112989,30789,7.98,-0.137
112991,30843,7.86,-0.024
112993,30852,7.55,-0.058
112995,30867,3.76,-0.113
112997,28576,7.74,0.213
112999,28595,6.56,1.572
113001,28744,5.19,-0.066
113003,28809,7.98,0.033
113005,28897,6.88,1.578
113007,28949,5.37,-0.122
113009,28985,6.58,0.228
113011,29140,6.46,0.876
113013,29210,6.16,0.352
113015,29323,6.15,0.01
113017,29401,6.18,-0.079
113019,29417,5.06,-0.201
113021,29461,7.82,0.792
113023,29513,6.94,1.127
113025,29526,7.36,1.02
113027,29575,5.83,0.91
113029,29578,7.47,-0.037
113031,27212,6.24,1.05
113033,27368,7.7,-0.101
113035,27435,5.97,0.639
113037,27861,7.09,-0.01
113039,27929,6.57,-0.175
113041,27998,7.92,1.219
113043,28002,7.08,0.136
113045,28011,5.87,1.173
113047,28019,6.28,0.056
113049,28215,7.34,1.813
113051,28267,6.99,0.72
113053,28391,7.27,1.541
113055,25869,6.23,-0.178
113057,25878,7.97,1.474
113059,25898,7.79,-0.108
113061,25937,7.67,-0.083
113063,26000,7.65,-0.006
113065,26104,6.45,1.116
113067,26137,6.8,0.198
113069,26182,6.74,-0.139
113071,26197,5.67,-0.228
113073,26199,4.78,-0.248
113075,26220,4.98,0.65
113077,26221,5.13,0.02
113079,26224,6.71,0.08
113081,26233,6.57,-0.142
113083,26234,6.24,-0.148
113085,26235,4.98,-0.097
113087,26237,4.58,-0.183
113089,26241,2.75,-0.21
113091,26257,6.56,-0.16
113093,26258,6.75,0.184
113095,26268,5.24,0.269
113097,26314,6.56,-0.18
113099,26345,5.71,-0.212
113101,26427,6.03,-0.21
113103,26442,7.15,-0.161
113105,26477,6.16,-0.029
113107,26510,6.86,0.129
113109,26524,7.64,0.318
113111,26535,5.96,-0.216
113113,26581,7.6,-0.12
113115,26743,7.3,1.432
113117,26766,7.9,-0.105
113119,26785,7.64,-0.111
113121,26812,7.73,-0.008
113123,26926,5.97,0.447
113125,27069,7.98,0.411
113127,27079,7.34,0.099
113129,27083,6.76,0.199
113131,24674,3.59,-0.115
113133,24749,7.06,1.17
113135,24857,7.33,0.16
113137,24882,7.18,-0.019
113139,24925,6.4,-0.047
113141,24944,7.99,0.953
113143,25388,7.49,0.572
113145,25401,6.24,-0.047
113147,25636,7.48,0.244
113149,25686,7.53,1.405
113151,25691,7.96,-0.041
113153,25830,7.54,0.14
113155,23422,6.64,0.365
113157,23475,5.86,1.212
113159,23586,6.93,-0.014
113161,23790,7.86,1.5
113163,23794,5.12,-0.059
113165,23802,7.3,0.549
113167,23875,2.78,0.161
113169,23893,7.44,1.13
113171,23941,5.11,0.455
113173,24058,7.81,0.052
113175,24146,7.91,0.12
113177,24294,5.9,0.96
113179,24345,7.68,0.201
113181,24367,7.09,-0.133
113183,24378,7.35,-0.06
113185,24449,6.7,1.259
113187,22301,7.95,1.077
113189,22336,5.77,0.631
113191,22369,7.98,0.476
113193,22396,7.16,-0.15
113195,22440,7.74,0.923
113197,22499,7.36,1.192
113199,22577,7.34,1.355
113201,22692,7.71,0.6
113203,22701,4.36,0.257
113205,22810,7.34,1.024
113207,22931,7.86,-0.029
113209,22958,5.5,-0.123
113211,22985,7.96,-0.017
113213,23067,7.67,0.959
113215,23076,7.14,1.052
113217,23116,6.97,0.516
113219,23250,7.83,0.014
113221,23264,7.93,1.077
113223,23311,6.22,1.049
113225,23364,4.8,-0.164
113227,21909,7.14,0.038
113229,21957,7.39,0.119
113231,22151,7.51,0.605
113233,34904,6.68,0.338
113235,35039,7.85,0.818
113237,35060,7.83,0.1
113239,35080,6.42,0.901
113241,35107,7.59,0.7
113243,35343,7.9,0.111
113245,35455,7.95,0.039
113247,35469,7.74,0.724
113249,35598,7.48,0.317
113251,33568,7.2,-0.088
113253,33724,7.2,1.132
113255,33786,7.25,0.098
113257,33794,7.22,1.843
113259,33836,7.7,-0.087
113261,33873,6.2,1.286
113263,34007,7.49,0.14
113265,34032,7.21,-0.108
113267,34039,7.2,-0.038
113269,34170,7.77,0.523
113271,34239,7.26,0.517
113273,34283,7.6,-0.14
113275,34385,7.87,1.762
113277,34657,7.98,0.292
113279,34724,5.44,0.31
113281,34769,4.15,-0.005
113283,34815,7.77,1.126
113285,34843,7.95,-0.055
113287,34848,7.7,0.481
113289,32221,7.53,-0.123
113291,32286,7.95,-0.065
113293,32345,7.45,-0.075
113295,32355,7.02,0.208
113297,32384,7.82,-0.004
113299,32398,6.78,-0.025
113301,32617,5.75,0.292
113303,32624,7.59,1.536
113305,32698,5.75,-0.098
113307,32745,7.33,-0.089
113309,32851,5.78,0.396
113311,32901,7.23,-0.062
113313,32936,6.64,1.38
113315,32957,6.86,0.52
113317,33184,5.44,0.167
113319,33210,6.2,0.487
113321,33243,6.03,1.102
113323,33257,7.33,1.061
113325,33328,7.34,0.234
113327,33339,7.96,-0.01
113329,30863,6.52,0.784
113331,30871,7.97,1.154
113333,30938,7.22,1.041
113335,31010,6.96,1.093
113337,31278,5.09,-0.132
113339,31342,7.37,0.319
113341,31344,6.59,1.417
113343,31480,7.51,0.578
113345,31492,7.95,-0.032
113347,31629,7.1,-0.04
113349,31733,6.14,1.47
113351,31874,6.92,1.255
113353,31904,7.63,0.091
113355,32024,7.69,0.576
113357,32188,7.49,1.029
113359,32191,7.79,1.212
113361,29645,7.86,0.517
113363,29706,7.15,1.034
113365,29716,5.62,0.506
113367,29770,7.78,0.038
113369,29934,7.79,0.136
113371,30027,7.28,1.408
113373,30030,7.95,0.587
113375,30093,4.91,1.613
113377,30118,7.57,0.037
113379,30127,7.99,0.085
113381,30136,7.84,0.054
113383,30181,7.82,0.385
113385,30210,7.57,-0.092
113387,30243,7.63,0.686
113389,30326,7.52,1.099
113391,30332,7.63,-0.026
113393,30351,6.56,-0.148
113395,30356,7.2,-0.12
113397,30493,6.72,-0.098
113399,30545,5.88,0.564
113401,30575,6.54,0.11
113403,30627,6.42,1.039
113405,30650,6.79,-0.018
113407,30666,5.87,0.07
113409,30667,7.77,-0.084
113411,30720,5.55,1.376
113413,30754,7.85,-0.03
113415,30806,7.73,0.5
113417,30832,7.78,-0.072
113419,30838,6.8,0.495
113421,28413,4.53,1.202
113423,28421,7.87,0.052
113425,28567,7.8,1.0
113427,28672,7.75,1.174
113429,28681,7.14,-0.046
113431,28792,6.94,0.099
113433,28933,7.44,0.467
113435,28981,6.92,-0.118
113437,29149,7.05,0.972
113439,29279,7.9,0.869
113441,29339,7.81,0.06
113443,29424,7.8,0.013
113445,29487,6.62,0.051
113447,29551,7.8,0.023
113449,29571,7.97,-0.034
113451,27423,7.35,0.42
113453,27446,6.94,1.453
113455,27451,7.17,0.318
113457,27510,7.62,-0.061
113459,27600,7.85,1.06
113461,27758,7.26,0.558
113463,27912,7.43,1.758
113465,27980,7.65,0.629
113467,27987,7.44,0.191
113469,28144,7.85,0.041
113471,28248,7.8,0.287
113473,28252,6.21,1.14
113475,28370,6.62,-0.059
113477,25902,6.69,1.308
113479,25930,2.25,-0.175
113481,25980,5.34,-0.188
113483,26012,7.97,-0.033
113485,26020,6.53,-0.099
113487,26063,5.36,-0.175
113489,26070,6.75,1.504
113491,26106,6.24,-0.16
113493,26108,5.92,1.535
113495,26117,7.06,0.174
113497,26120,6.69,-0.158
113499,26149,6.25,0.997
113501,26174,6.98,1.115
113503,26188,7.14,-0.083
113505,26210,7.5,-0.116
113507,26213,6.97,-0.107
113509,26263,6.4,-0.122
113511,26311,1.69,-0.184
113513,26334,7.85,-0.056
113515,26405,7.89,-0.102
113517,26439,7.11,-0.095
113519,26464,7.61,-0.125
113521,26494,7.46,-0.028
113523,26508,6.84,-0.152
113525,26549,3.77,-0.19
113527,26551,6.81,-0.18
113529,26624,5.99,0.294
113531,26668,7.0,0.588
113533,26683,7.67,-0.074
113535,26693,7.03,0.019
113537,26694,7.62,-0.117
113539,26713,6.22,-0.194
113541,26727,1.74,-0.199
113543,26736,4.95,-0.197
113545,26742,6.99,-0.139
113547,26752,7.93,0.025
113549,26756,7.52,0.282
113551,26816,7.81,0.077
113553,26820,6.41,0.32
113555,26893,6.85,0.978
113557,26953,6.31,1.467
113559,24709,7.39,-0.117
113561,24819,7.77,1.051
113563,24847,6.33,-0.105
113565,24997,7.86,1.062
113567,25025,7.11,-0.079
113569,25028,5.68,-0.125
113571,25044,4.72,-0.168
113573,25066,7.06,-0.036
113575,25173,7.95,1.285
113577,25199,7.86,-0.008
113579,25223,5.69,-0.208
113581,25240,6.13,0.483
113583,25281,3.35,-0.24
113585,25282,5.07,0.961
113587,25293,6.92,-0.048
113589,25327,7.34,-0.04
113591,25365,6.55,-0.038
113593,25368,6.44,-0.162
113595,25480,6.62,-0.163
113597,25496,7.21,-0.141
113599,25552,7.82,-0.075
113601,25557,7.52,-0.136
113603,25623,7.65,1.113
113605,25667,6.39,-0.007
113607,25708,5.8,1.149
113609,25718,7.98,0.11
113611,25727,6.87,0.076
113613,25732,6.49,0.251
113615,25737,4.71,1.592
113617,25762,7.65,-0.052
113619,23539,6.73,1.076
113621,23643,6.04,-0.117
113623,23740,7.59,0.959
113625,23745,7.64,0.008
113627,23929,7.07,0.409
113629,23930,7.24,0.56
113631,23935,7.22,0.406
113633,23995,6.59,1.018
113635,24041,6.11,1.098
113637,24127,7.87,0.033
113639,24130,6.24,0.984
113641,24162,5.89,0.462
113643,24441,6.89,1.82
113645,24493,6.15,0.401
113647,24503,7.72,0.567
113649,24567,7.76,0.095
113651,24580,7.88,0.031
113653,22270,7.99,0.417
113655,22526,7.27,1.075
113657,22574,7.87,0.273
113659,22652,7.59,0.124
113661,22716,7.94,0.06
113663,22812,6.52,0.458
113665,23041,6.25,0.423
113667,23092,6.34,0.11
113669,23173,7.51,0.11
113671,23296,6.31,0.293
113673,23363,6.76,0.149
113675,21696,7.22,1.332
113677,21718,6.11,0.943
113679,21829,7.98,0.386
113681,21894,6.73,0.407
113683,22025,7.89,0.988
113685,22109,4.01,-0.148
113687,22137,7.25,0.291
113689,22189,6.33,0.041
113691,34987,5.36,1.193
113693,35209,7.34,0.609
113695,35285,7.78,0.916
113697,35309,7.85,-0.001
113699,35395,7.3,0.26
113701,35436,6.66,1.111
113703,35476,5.9,1.069
113705,35533,7.35,0.252
113707,35576,6.88,-0.012
113709,33513,7.47,0.296
113711,33525,7.51,0.317
113713,33657,7.5,0.801
113715,33710,7.64,0.376
113717,33714,7.77,1.475
113719,33731,6.76,-0.133
113721,33819,7.57,0.449
113723,34005,7.32,-0.046
113725,34026,6.99,0.843
113727,34102,7.65,-0.044
113729,34107,6.57,0.01
113731,34460,7.84,0.124
113733,34518,7.23,1.314
113735,34551,7.61,-0.064
113737,34696,6.73,0.966
113739,32276,7.94,1.318
113741,32288,6.81,0.789
113743,32300,7.83,0.023
113745,32397,7.22,-0.063
113747,32572,7.0,0.16
113749,32578,4.48,1.099
113751,32596,7.94,0.474
113753,32608,7.39,0.56
113755,32682,6.16,-0.134
113757,32898,7.84,0.18
113759,32927,7.29,0.49
113761,32931,6.37,0.052
113763,32989,7.89,1.241
113765,33036,7.09,1.113
113767,33227,7.68,0.349
113769,33242,7.75,0.908
113771,33351,7.51,1.243
113773,33379,7.47,1.034
113775,33382,7.41,0.69
113777,33474,7.49,0.265
113779,33490,8.0,-0.11
113781,30874,6.56,-0.039
113783,30906,6.17,1.539
113785,31083,7.14,0.71
113787,31115,7.46,-0.081
113789,31237,6.88,1.75
113791,31326,6.9,0.398
113793,31346,7.25,0.9
113795,31348,7.96,0.295
113797,31370,7.86,-0.016
113799,31420,7.63,0.004
113801,31446,5.78,0.004
113803,31586,7.74,-0.075
113805,31669,7.82,-0.119
113807,31672,6.17,1.08
113809,31677,8.0,0.086
113811,31691,7.13,0.069
113813,31698,7.28,0.0
113815,31766,6.23,0.086
113817,31820,7.76,0.931
113819,31934,7.51,-0.006
113821,31952,7.8,1.419
113823,31992,5.79,-0.094
113825,32027,7.43,0.007
113827,32062,7.14,1.207
113829,32072,7.05,0.116
113831,32137,7.88,0.147
113833,32177,6.18,1.366
113835,29632,7.23,-0.119
113837,29715,7.36,-0.106
113839,29746,6.37,0.443
113841,29782,7.47,-0.07
113843,29791,6.63,-0.058
113845,29887,7.68,-0.108
113847,29922,7.72,-0.023
113849,30177,7.83,1.341
113851,30185,7.25,1.406
113853,30217,6.3,0.251
113855,30248,7.29,0.993
113857,30425,6.86,1.0
113859,30547,6.66,-0.032
113861,30594,6.51,-0.027
113863,30601,6.6,0.963
113865,30638,7.4,1.522
113867,30668,8.0,0.703
113869,30670,6.88,1.069
113871,30692,6.7,0.037
113873,30709,7.77,-0.031
113875,30717,5.19,1.186
113877,30728,5.55,1.035
113879,30798,6.48,-0.064
113881,28485,6.98,0.897
113883,28542,7.19,0.001
113885,28543,7.19,0.076
113887,28609,6.58,-0.042
113889,28718,7.27,-0.032
113891,28818,7.65,0.065
113893,28830,7.04,0.969
113895,28847,7.03,1.6
113897,28976,7.16,0.067
113899,28986,7.26,1.363
113901,29006,7.51,0.402
113903,29017,7.82,-0.045
113905,29101,7.6,-0.028
113907,29151,5.7,0.067
113909,29154,6.93,0.033
113911,29231,7.75,0.013
113913,29236,6.57,1.02
113915,29259,7.5,1.158
113917,29282,6.85,-0.075
113919,29329,7.2,1.365
113921,29516,7.5,-0.092
113923,29573,7.41,0.992
113925,29590,7.82,0.195
113927,27253,5.95,0.773
113929,27261,7.81,0.229
113931,27348,7.62,1.795
113933,27410,7.07,0.404
113935,27452,7.24,-0.131
113937,27545,7.91,0.161
113939,27588,5.97,0.953
113941,27602,7.97,1.047
113943,27750,4.76,1.382
113945,27902,6.3,1.283
113947,27939,5.99,1.328
113949,28056,7.17,0.104
113951,28187,6.9,0.0
113953,28224,7.86,0.38
113955,28232,6.22,1.461
113957,28255,6.92,0.259
113959,28271,5.89,0.223
113961,28296,5.21,0.009
113963,28356,7.78,0.461
113965,25861,5.46,-0.176
113967,25881,7.53,-0.129
113969,25897,7.55,-0.122
113971,25976,6.15,1.553
113973,26024,7.58,-0.1
113975,26098,6.58,-0.174
113977,26107,7.83,0.127
113979,26471,7.82,0.3
113981,26476,7.47,-0.081
113983,26512,7.41,0.995
113985,26561,7.9,-0.081
113987,26633,6.91,1.205
113989,26648,6.9,-0.065
113991,26762,5.93,0.311
113993,26870,6.67,-0.032
113995,26885,4.9,1.144
113997,24746,7.76,0.305
113999,24817,5.34,0.412
114001,24864,7.0,0.531
114003,24960,6.43,1.041
114005,24967,6.77,0.256
114007,25072,7.42,1.62
114009,25106,7.79,0.187
114011,25119,7.76,0.98
114013,25136,6.71,0.079
114015,25142,4.99,-0.096
114017,25145,7.17,-0.111
114019,25174,7.08,0.006
114021,25179,7.99,-0.075
114023,25235,7.91,-0.121
114025,25288,6.33,-0.145
114027,25302,4.89,-0.2
114029,25340,7.43,-0.048
114031,25378,6.18,-0.178
114033,25443,6.52,-0.001
114035,25473,4.59,-0.199
114037,25505,6.36,0.965
114039,25533,7.69,-0.027
114041,25567,7.8,-0.087
114043,25582,6.41,-0.173
114045,25622,6.66,-0.061
114047,25645,7.47,0.241
114049,25648,6.91,-0.152
114051,25655,7.14,-0.077
114053,25751,5.77,-0.192
114055,25799,7.56,0.233
114057,25850,7.98,-0.143
114059,23473,7.32,-0.093
114061,23680,6.1,3.332
114063,23757,7.49,-0.1
114065,23821,7.47,0.366
114067,23843,7.61,-0.068
114069,23957,6.51,0.141
114071,24196,6.68,-0.072
114073,24203,5.88,0.662
114075,24331,4.46,1.166
114077,24349,6.08,0.421
114079,24377,6.33,1.463
114081,24482,7.24,1.441
114083,24563,7.59,1.203
114085,24607,6.42,-0.015
114087,22296,7.49,0.453
114089,22319,6.51,0.846
114091,22428,7.77,-0.06
114093,22520,6.66,0.073
114095,22636,7.42,1.466
114097,22640,7.92,0.178
114099,22730,5.33,1.632
114101,22774,6.61,0.042
114103,22797,3.71,-0.179
114105,22840,5.98,-0.116
114107,22880,7.86,0.382
114109,22926,6.88,0.246
114111,22941,7.68,0.233
114113,22946,7.32,0.032
114115,22996,7.77,1.687
114117,23014,7.32,0.069
114119,23105,7.2,0.705
114121,23123,4.47,1.369
114123,23245,7.48,1.254
114125,23408,5.91,1.267
114127,23419,6.45,-0.05
114129,23421,7.97,0.226
114131,21795,7.67,0.03
114133,21833,7.53,0.204
114135,21880,7.26,0.191
114137,21936,7.85,1.029
114139,22061,7.22,-0.173
114141,22175,7.81,0.679
114143,34965,7.55,1.012
114145,35010,7.87,-0.089
114147,35077,7.4,-0.098
114149,35538,7.93,1.427
114151,33545,7.05,1.34
114153,33550,7.35,2.736
114155,33603,5.96,1.056
114157,33626,7.89,0.896
114159,33689,7.79,1.079
114161,33854,6.64,0.053
114163,33875,6.59,-0.028
114165,34078,7.31,1.411
114167,34106,7.35,1.014
114169,34112,7.46,-0.03
114171,34214,7.84,0.49
114173,34338,6.1,-0.129
114175,34463,7.02,1.596
114177,34768,6.07,-0.016
114179,34789,6.15,1.142
114181,34873,7.67,1.063
114183,32226,5.88,-0.046
114185,32287,7.61,0.403
114187,32290,7.24,1.035
114189,32318,7.63,0.111
114191,32357,7.53,-0.01
114193,32387,7.04,0.044
114195,32478,7.9,1.14
114197,32535,7.82,0.925
114199,32569,7.93,-0.073
114201,32627,7.73,1.741
114203,32631,7.24,1.216
114205,32713,7.18,1.353
114207,32781,7.43,-0.077
114209,32793,6.77,0.321
114211,32872,6.97,0.506
114213,32947,6.91,0.008
114215,32960,7.44,1.035
114217,33089,7.92,1.187
114219,33147,7.09,0.979
114221,33167,7.55,0.009
114223,33174,7.93,-0.038
114225,33206,7.22,0.181
114227,33267,7.87,-0.157
114229,33275,7.6,0.518
114231,33509,7.68,-0.132
114233,30926,7.55,0.023
114235,30961,7.12,-0.12
114237,31015,7.35,-0.136
114239,31019,6.7,0.249
114241,31106,7.96,0.09
114243,31110,7.21,-0.018
114245,31118,7.28,0.82
114247,31128,7.62,0.098
114249,31130,6.75,0.087
114251,31147,6.7,-0.04
114253,31149,7.29,0.147
114255,31159,5.88,0.997
114257,31197,7.28,0.515
114259,31246,7.91,0.86
114261,31305,7.76,0.296
114263,31347,7.54,0.095
114265,31363,6.68,1.488
114267,31443,7.98,0.105
114269,31466,7.98,1.725
114271,31523,6.55,-0.053
114273,31567,6.87,-0.066
114275,31622,7.14,0.326
114277,31646,6.05,0.018
114279,31697,6.14,0.091
114281,31724,7.43,0.114
114283,31749,7.14,0.109
114285,31787,6.94,0.003
114287,31790,6.56,-0.069
114289,31945,6.51,-0.139
114291,32006,7.92,0.451
114293,32034,7.0,0.221
114295,32067,6.36,-0.084
114297,32196,7.87,0.03
114299,32212,7.16,0.999
114301,29618,7.03,0.922
114303,29685,7.69,0.029
114305,29713,7.02,-0.13
114307,29728,6.07,-0.124
114309,29739,6.63,-0.164
114311,29758,7.64,0.379
114313,29780,7.16,-0.07
114315,29839,6.56,-0.116
114317,29860,5.7,0.61
114319,29948,7.36,1.268
114321,29969,7.35,0.794
114323,29991,7.96,0.51
114325,30009,7.87,0.119
114327,30154,7.56,0.315
114329,30328,6.89,0.11
114331,30341,7.03,1.241
114333,30382,6.41,-0.149
114335,30419,4.39,0.215
114337,30422,6.72,0.45
114339,30489,7.32,-0.086
114341,30513,7.03,0.508
114343,30541,6.26,0.85
114345,30606,7.89,-0.1
114347,30719,7.88,1.668
114349,30735,6.72,0.371
114351,30781,7.74,1.03
114353,30793,7.39,-0.04
114355,28428,7.46,0.639
114357,28689,7.1,1.267
114359,28812,5.67,1.047
114361,28814,5.63,1.041
114363,28882,7.86,-0.068
114365,28955,7.88,0.29
114367,29212,7.9,-0.102
114369,29261,7.66,0.264
114371,29298,8.0,0.138
114373,29432,6.85,0.642
114375,29440,7.46,-0.043
114377,29509,6.45,1.621
114379,29594,7.32,-0.05
114381,27345,7.65,-0.042
114383,27360,7.86,1.507
114385,27386,5.26,0.234
114387,27427,7.29,0.03
114389,27480,7.81,-0.054
114391,27560,5.96,1.361
114393,27573,7.41,0.025
114395,27751,6.9,0.996
114397,27839,7.21,0.901
114399,27962,6.8,0.007
114401,27963,7.4,1.04
114403,28190,7.84,0.22
114405,28337,7.98,1.08
114407,28398,7.47,0.014
114409,26032,7.89,2.45
114411,26126,5.32,0.051
114413,26161,7.73,0.251
114415,26166,6.71,-0.137
114417,26170,7.74,1.15
114419,26287,7.97,0.519
114421,26402,7.74,0.013
114423,26444,7.64,0.578
114425,26513,7.93,0.182
114427,26594,4.5,-0.098
114429,26644,8.0,-0.04
114431,26678,7.84,1.36
114433,26795,6.82,1.12
114435,26835,7.67,0.252
114437,26971,6.73,-0.034
114439,26992,7.22,-0.06
114441,27004,7.89,0.326
114443,27036,7.41,1.06
114445,27076,7.17,0.193
114447,27093,7.64,0.002
114449,27115,7.17,-0.07
114451,27118,6.09,0.32
114453,27157,7.18,0.092
114455,24666,7.14,1.011
114457,25011,6.49,-0.089
114459,25073,7.73,0.438
114461,25082,7.01,0.516
114463,25205,6.34,0.123
114465,25336,1.64,-0.224
114467,25435,7.65,0.473
114469,25453,6.41,-0.023
114471,25477,7.2,-0.141
114473,25483,7.03,0.141
114475,25493,6.74,-0.154
114477,25785,6.21,1.28
114479,25813,4.2,-0.143
114481,25837,7.92,0.013
114483,23542,7.52,0.926
114485,23662,7.69,0.509
114487,23728,7.43,1.127
114489,23846,7.98,-0.036
114491,23899,7.23,0.095
114493,24093,7.3,0.111
114495,24180,7.88,0.522
114497,24205,7.0,0.588
114499,24207,7.62,1.317
114501,24217,7.46,1.091
114503,24229,7.6,1.624
114505,24336,7.82,0.637
114507,24450,5.5,1.369
114509,24483,7.52,0.233
114511,22245,6.77,0.018
114513,22343,7.32,-0.057
114515,22354,6.04,1.2
114517,22367,7.02,0.034
114519,22449,3.19,0.484
114521,22490,7.22,0.144
114523,22549,3.68,-0.157
114525,22635,7.81,1.127
114527,22756,7.51,0.334
114529,22828,7.9,0.541
114531,22919,7.02,0.561
114533,22923,6.5,0.025
114535,23279,7.03,-0.033
114537,23287,6.65,-0.053
114539,23310,6.69,1.032
114541,23328,7.25,-0.139
114543,21929,7.97,1.158
114545,22146,7.99,0.249
114547,34978,7.93,-0.076
114549,35008,7.68,-0.093
114551,35043,7.73,1.466
114553,33584,6.25,0.105
114555,33644,6.34,-0.106
114557,33789,6.83,1.568
114559,33995,7.18,0.506
114561,34002,5.96,0.126
114563,34038,7.39,0.408
114565,34076,7.81,0.922
114567,34121,7.85,0.138
114569,34215,5.78,1.513
114571,34337,7.89,0.317
114573,34387,5.74,1.176
114575,34441,7.02,0.009
114577,34474,7.83,2.7
114579,34588,6.72,1.509
114581,34597,6.65,1.546
114583,34672,7.66,-0.008
114585,32337,8.0,0.724
114587,32376,6.65,0.333
114589,32463,5.92,-0.173
114591,32464,7.31,1.504
114593,32475,7.04,0.375
114595,32487,7.54,-0.075
114597,32533,4.77,1.396
114599,32577,7.68,0.07
114601,32650,7.92,0.619
114603,32659,6.92,0.899
114605,32686,7.99,0.563
114607,32705,7.71,0.897
114609,32748,7.84,0.475
114611,32822,7.79,1.317
114613,32926,6.84,1.363
114615,32962,7.65,0.588
114617,32993,7.6,0.491
114619,33005,7.47,-0.022
114621,33024,5.75,0.27
114623,33068,7.39,-0.084
114625,33148,7.65,1.669
114627,33297,6.28,0.037
114629,33317,7.51,0.734
114631,33353,7.03,1.199
114633,33372,5.9,-0.085
114635,30939,7.61,0.568
114637,30970,6.63,1.549
114639,30977,6.57,0.121
114641,31065,7.85,0.188
114643,31155,6.98,0.315
114645,31208,7.57,0.935
114647,31216,4.47,0.023
114649,31297,7.76,1.323
114651,31385,6.44,-0.01
114653,31448,5.93,1.508
114655,31542,7.78,0.396
114657,31655,7.61,0.735
114659,31792,7.79,-0.077
114661,31955,7.96,-0.162
114663,31978,4.66,-0.233
114665,31996,6.53,0.645
114667,32030,7.52,-0.143
114669,32094,6.86,1.63
114671,29683,7.48,1.029
114673,29719,7.54,-0.03
114675,29752,6.84,1.22
114677,29787,7.76,0.019
114679,29850,5.39,0.106
114681,29982,6.24,0.87
114683,30120,6.76,-0.04
114685,30187,7.97,-0.16
114687,30191,7.57,0.106
114689,30445,7.34,-0.07
114691,30448,6.24,-0.06
114693,30485,7.52,0.29
114695,30529,7.78,0.216
114697,30753,7.55,0.25
114699,30804,6.16,1.15
114701,28432,7.95,0.371
114703,28526,7.26,0.911
114705,28614,4.12,0.17
114707,28624,7.96,-0.017
114709,28667,6.73,1.378
114711,28696,7.72,0.356
114713,28784,7.76,1.071
114715,28937,7.19,-0.06
114717,29002,6.94,0.455
114719,29027,7.98,-0.04
114721,29040,6.7,1.15
114723,29138,6.55,-0.065
114725,29166,6.63,0.907
114727,29235,7.79,1.616
114729,29243,7.29,-0.11
114731,29396,7.32,0.422
114733,29429,7.04,-0.101
114735,29446,7.49,-0.062
114737,29496,7.96,-0.08
114739,29502,7.0,1.56
114741,29508,6.6,-0.071
114743,29512,7.95,0.161
114745,29525,6.43,0.663
114747,29529,7.84,0.151
114749,29537,7.82,0.218
114751,29540,7.58,-0.13
114753,27276,7.67,1.042
114755,27280,5.78,0.888
114757,27302,7.85,0.895
114759,27377,7.63,0.702
114761,27431,7.08,0.413
114763,27549,5.79,0.876
114765,27729,7.59,1.332
114767,27826,7.24,1.393
114769,27895,7.04,0.867
114771,27900,6.13,1.404
114773,27919,7.15,-0.028
114775,27989,0.45,1.5
114777,28110,5.97,-0.038
114779,28274,7.34,1.257
114781,28353,6.77,0.947
114783,25826,7.47,-0.08
114785,25896,7.45,0.079
114787,26044,7.7,1.726
114789,26176,4.39,-0.157
114791,26207,3.39,-0.16
114793,26212,6.72,-0.133
114795,26215,5.6,0.149
114797,26223,7.21,1.411
114799,26366,4.09,0.951
114801,26414,6.11,-0.17
114803,26487,5.87,-0.061
114805,26518,6.72,1.184
114807,26627,7.24,1.228
114809,26680,7.92,0.407
114811,26729,7.96,0.652
114813,26792,7.48,-0.14
114815,26867,7.96,1.062
114817,26887,7.28,0.216
114819,24632,7.48,0.005
114821,24681,7.31,0.661
114823,24703,7.36,1.052
114825,24730,7.41,0.204
114827,24971,6.62,0.155
114829,25041,5.78,-0.114
114831,25077,7.89,0.187
114833,25433,7.71,0.044
114835,23457,6.86,0.958
114837,23494,7.56,-0.013
114839,23601,7.15,0.997
114841,23666,7.45,-0.029
114843,23673,7.59,-0.05
114845,23852,6.15,0.625
114847,23879,5.33,0.338
114849,23896,6.66,0.98
114851,23983,5.43,0.249
114853,24021,7.41,0.464
114855,24031,7.02,0.546
114857,24477,7.25,0.368
114859,22221,7.24,0.56
114861,22346,7.1,1.509
114863,22461,6.85,-0.045
114865,22475,7.94,0.41
114867,22509,4.35,0.01
114869,22597,6.11,0.06
114871,22616,6.82,0.423
114873,22665,7.68,1.298
114875,22722,7.67,0.206
114877,22834,5.33,1.214
114879,22845,4.64,0.085
114881,22848,6.86,0.15
114883,22938,6.42,0.415
114885,22984,7.49,0.219
114887,23239,7.98,0.3
114889,33684,7.37,1.325
114891,33748,7.39,0.199
114893,33753,7.73,0.178
114895,33810,6.77,0.107
114897,33917,7.28,0.113
114899,33965,7.5,0.49
114901,34033,5.14,1.391
114903,34055,6.01,1.584
114905,34231,7.72,-0.01
114907,34450,7.14,0.032
114909,32359,7.28,0.312
114911,32362,3.35,0.443
114913,32404,6.47,0.344
114915,32506,7.88,0.216
114917,32595,7.99,-0.018
114919,32710,7.7,0.529
114921,32726,7.42,1.314
114923,32776,6.85,1.807
114925,32814,5.68,1.329
114927,32858,7.76,0.946
114929,33082,6.3,0.962
114931,33202,4.73,0.321
114933,33240,7.81,0.389
114935,33352,7.36,1.012
114937,33465,6.26,0.349
114939,33529,7.3,-0.112
114941,33540,7.36,0.161
114943,31066,6.17,-0.116
114945,31107,6.64,-0.119
114947,31119,5.22,0.185
114949,31168,6.08,1.069
114951,31277,5.57,1.105
114953,31427,7.06,0.25
114955,31531,7.22,0.259
114957,31660,6.84,0.725
114959,31662,6.39,1.351
114961,31755,7.76,0.252
114963,31828,7.84,0.792
114965,31876,5.99,0.063
114967,31887,7.84,0.056
114969,31899,7.9,-0.007
114971,32012,6.19,1.675
114973,32049,7.74,0.254
114975,32055,6.8,0.051
114977,32090,8.0,0.849
114979,32142,7.87,-0.003
114981,32249,4.49,1.167
114983,29678,5.91,-0.231
114985,29736,5.44,0.015
114987,29800,5.04,0.431
114989,29881,6.59,-0.036
114991,29931,6.12,0.035
114993,29994,7.06,0.038
114995,30014,7.41,0.054
114997,30025,6.73,-0.12
114999,30051,6.9,0.47
115001,30055,7.67,1.13
115003,30070,7.65,-0.107
115005,30169,6.54,-0.104
115007,30245,6.68,0.947
115009,30318,6.0,0.319
115011,30433,7.9,-0.034
115013,30483,7.0,1.094
115015,30492,6.85,1.082
115017,30494,7.75,1.293
115019,30542,7.81,0.296
115021,30552,7.01,0.593
115023,30586,6.85,0.613
115025,30602,6.39,0.077
115027,30620,7.89,1.912
115029,30665,6.6,0.556
115031,30886,6.59,0.293
115033,28433,6.8,-0.043
115035,28538,7.78,-0.035
115037,28620,7.9,0.485
115039,28621,6.96,1.644
115041,28673,7.39,-0.047
115043,28686,6.09,-0.035
115045,28813,6.72,0.508
115047,28894,7.7,-0.3
115049,29000,7.09,1.588
115051,29126,6.93,-0.1
115053,29310,6.93,-0.004
115055,29321,7.46,-0.059
115057,29364,7.59,1.311
115059,29371,6.04,0.021
115061,29426,4.45,-0.18
115063,29544,7.72,0.543
115065,29599,7.96,-0.1
115067,29614,7.64,0.06
115069,29620,7.12,1.008
115071,27153,7.46,0.77
115073,27257,7.4,1.384
115075,27263,7.6,0.717
115077,27315,7.14,1.348
115079,27364,5.28,-0.156
115081,27390,6.68,-0.083
115083,27453,6.93,-0.1
115085,27511,4.89,-0.068
115087,27581,5.54,1.006
115089,27614,6.75,-0.07
115091,27618,6.59,1.054
115093,27641,6.94,0.828
115095,27743,5.6,-0.053
115097,27820,7.19,0.506
115099,27878,7.76,0.59
115101,27924,6.59,0.029
115103,27933,7.31,0.278
115105,27941,7.9,0.008
115107,27961,6.63,1.025
115109,28029,7.69,1.006
115111,28066,6.6,0.65
115113,28067,7.55,-0.066
115115,28139,5.89,1.111
115117,28202,7.97,0.033
115119,28268,7.94,1.27
115121,28302,5.7,0.874
115123,25844,7.59,-0.099
115125,26093,5.6,-0.118
115127,26231,8.0,0.496
115129,26306,7.16,1.039
115131,26341,7.68,0.944
115133,26386,5.97,1.592
115135,26618,7.92,1.558
115137,26625,7.78,0.399
115139,26655,7.09,0.128
115141,26930,6.72,1.095
115143,27020,7.42,1.09
115145,27091,6.95,0.938
115147,27116,6.47,0.234
115149,24555,5.52,-0.012
115151,24633,7.05,1.051
115153,24716,7.74,1.587
115155,24789,7.45,0.033
115157,24883,7.5,0.561
115159,24921,7.42,0.155
115161,24998,7.46,0.371
115163,25037,7.95,0.351
115165,25151,7.66,1.13
115167,25245,7.56,0.504
115169,25297,7.19,1.077
115171,25470,7.53,-0.028
115173,25638,6.35,0.168
115175,25662,6.71,0.582
115177,25742,7.03,-0.088
115179,23382,7.66,1.038
115181,23404,7.17,0.038
115183,23443,7.51,0.615
115185,23492,7.24,0.343
115187,23629,7.62,0.028
115189,23710,7.86,0.844
115191,23786,7.74,0.804
115193,23789,7.3,0.559
115195,23866,7.04,0.056
115197,23945,7.25,1.354
115199,24032,7.95,0.95
115201,24059,6.69,0.381
115203,22550,6.79,0.543
115205,22823,7.44,0.139
115207,22833,5.18,0.121
115209,23035,7.87,0.32
115211,23303,6.8,0.034
115213,32488,6.83,0.408
115215,32612,7.69,-0.046
115217,32753,5.87,-0.136
115219,32896,7.29,1.557
115221,33118,7.8,0.973
115223,31098,7.69,0.215
115225,31100,7.04,1.488
115227,31105,6.38,0.275
115229,31156,6.91,0.401
115231,31158,6.26,0.541
115233,31164,7.18,0.692
115235,31191,7.25,1.125
115237,31236,7.65,-0.008
115239,31345,7.64,0.446
115241,31396,6.61,0.895
115243,31403,7.22,-0.13
115245,31404,7.06,0.94
115247,31503,7.48,0.024
115249,31508,7.26,1.13
115251,31525,6.73,0.444
115253,31574,7.36,0.25
115255,31681,1.93,0.001
115257,31802,7.84,0.526
115259,31950,7.73,0.529
115261,32020,6.28,-0.016
115263,32224,7.85,0.033
115265,29694,6.98,1.554
115267,29704,5.34,-0.101
115269,29798,6.39,1.565
115271,29849,7.29,-0.09
115273,30019,6.27,-0.094
115275,30067,6.61,0.562
115277,30099,5.67,1.578
115279,30139,7.58,1.23
115281,30180,7.34,-0.1
115283,30218,6.32,1.1
115285,30333,6.92,0.022
115287,30389,8.0,0.249
115289,30460,7.87,-0.07
115291,30517,6.35,1.063
115293,30532,7.01,-0.05
115295,30564,6.3,2.349
115297,30613,7.14,1.228
115299,30663,6.88,-0.038
115301,30687,7.69,0.719
115303,30722,6.57,0.105
115305,30815,6.24,0.894
115307,30890,7.61,0.621
115309,30900,7.8,1.57
115311,30941,7.88,1.1
115313,30954,7.55,0.078
115315,28431,7.44,1.491
115317,28447,6.54,1.54
115319,28509,7.69,0.019
115321,28556,7.34,1.213
115323,28647,7.91,0.96
115325,28692,7.96,0.056
115327,28802,7.8,-0.11
115329,28834,7.75,0.128
115331,28954,6.76,0.814
115333,28978,6.57,1.129
115335,28980,7.99,0.233
115337,29001,7.34,0.543
115339,29038,4.42,-0.164
115341,29239,7.36,-0.05
115343,29274,7.06,0.945
115345,29326,6.37,1.35
115347,29344,7.59,1.08
115349,29434,4.95,-0.149
115351,29602,7.27,0.024
115353,29616,5.86,0.253
115355,29636,7.02,-0.022
115357,29637,6.66,0.942
115359,29665,7.64,0.256
115361,27265,6.0,-0.061
115363,27316,5.72,0.077
115365,27338,5.47,0.301
115367,27428,7.29,0.06
115369,27590,7.72,-0.08
115371,27841,7.59,0.494
115373,27934,8.0,-0.01
115375,27972,7.3,1.56
115377,28142,7.22,-0.137
115379,28225,7.41,1.122
115381,28289,7.38,0.031
115383,28348,7.92,0.531
115385,25790,5.93,0.103
115387,25886,6.69,-0.061
115389,25950,5.5,-0.004
115391,25959,7.99,0.476
115393,26100,7.32,0.58
115395,26202,7.52,-0.01
115397,26359,7.72,1.043
115399,26382,5.53,0.237
115401,26447,7.44,1.043
115403,26590,7.54,0.031
115405,26689,7.36,0.524
115407,26692,6.98,0.318
115409,26777,4.84,-0.125
115411,26786,6.97,1.803
115413,26807,7.67,0.692
115415,27078,7.12,0.792
115417,27106,6.99,0.048
115419,24634,7.43,1.03
115421,24959,7.8,0.065
115423,25034,7.71,0.481
115425,25207,7.27,0.125
115427,25216,6.09,0.141
115429,25220,7.93,1.104
115431,25278,5.0,0.544
115433,25392,7.53,0.011
115435,25402,7.54,0.009
115437,25410,6.23,-0.084
115439,25499,5.4,-0.09
115441,25502,6.18,0.083
115443,25555,5.52,0.015
115445,25583,5.77,1.634
115447,25589,6.85,0.666
115449,25657,7.63,0.057
115451,23621,6.78,0.139
115453,23898,7.88,1.001
115455,23939,7.98,0.104
115457,24010,4.81,0.313
115459,24132,7.93,0.09
115461,24197,5.18,1.525
115463,24475,7.47,0.157
115465,29731,6.61,1.586
115467,29775,7.74,1.288
115469,29909,7.52,-0.048
115471,30630,6.78,0.938
115473,30749,7.47,0.463
115475,30773,7.86,0.288
115477,30801,7.71,1.183
115479,28425,7.89,-0.112
115481,28519,7.45,0.096
115483,28534,7.22,0.134
115485,28691,5.14,-0.097
115487,28708,7.8,-0.01
115489,28716,4.64,0.236
115491,29013,7.99,0.375
115493,29073,7.68,0.939
115495,29433,5.76,-0.071
115497,29522,7.41,-0.066
115499,29545,6.58,-0.085
115501,29566,7.76,1.176
115503,29650,5.2,0.43
115505,27129,6.67,1.583
115507,27191,7.51,0.098
115509,27218,7.6,0.403
115511,27450,7.25,0.384
115513,27502,7.83,0.358
115515,27642,6.76,1.345
115517,27666,6.99,0.873
115519,27697,7.31,-0.017
115521,27745,7.92,0.643
115523,27747,5.96,0.549
115525,27911,7.95,0.4
115527,27913,4.39,0.594
115529,27965,5.92,-0.145
115531,28170,7.86,-0.07
115533,28307,7.06,1.313
115535,28359,7.55,0.123
115537,25745,7.64,0.101
115539,25893,6.77,1.592
115541,25945,4.32,2.06
115543,25965,7.49,0.501
115545,26064,5.67,-0.022
115547,26279,7.63,1.757
115549,26677,7.63,0.088
115551,26886,7.31,1.34
115553,26925,6.66,-0.015
115555,25702,6.74,0.12
